observation_date,tenor_days,par_yield,known_as_of_utc,valid_through,source_url,captured_at_utc,units
2026-07-22,30,0.037600,2026-07-23T05:54:37+00:00,2026-07-26,https://home.treasury.gov/resource-center/data-chart-center/interest-rates/daily-treasury-rates.csv/2026/all?type=daily_treasury_yield_curve,2026-07-23T05:54:37+00:00,decimal_annual_par_yield
2026-07-22,45,0.038200,2026-07-23T05:54:37+00:00,2026-07-26,https://home.treasury.gov/resource-center/data-chart-center/interest-rates/daily-treasury-rates.csv/2026/all?type=daily_treasury_yield_curve,2026-07-23T05:54:37+00:00,decimal_annual_par_yield
2026-07-22,61,0.038200,2026-07-23T05:54:37+00:00,2026-07-26,https://home.treasury.gov/resource-center/data-chart-center/interest-rates/daily-treasury-rates.csv/2026/all?type=daily_treasury_yield_curve,2026-07-23T05:54:37+00:00,decimal_annual_par_yield
2026-07-22,91,0.038900,2026-07-23T05:54:37+00:00,2026-07-26,https://home.treasury.gov/resource-center/data-chart-center/interest-rates/daily-treasury-rates.csv/2026/all?type=daily_treasury_yield_curve,2026-07-23T05:54:37+00:00,decimal_annual_par_yield
2026-07-22,121,0.040000,2026-07-23T05:54:37+00:00,2026-07-26,https://home.treasury.gov/resource-center/data-chart-center/interest-rates/daily-treasury-rates.csv/2026/all?type=daily_treasury_yield_curve,2026-07-23T05:54:37+00:00,decimal_annual_par_yield
2026-07-22,182,0.040500,2026-07-23T05:54:37+00:00,2026-07-26,https://home.treasury.gov/resource-center/data-chart-center/interest-rates/daily-treasury-rates.csv/2026/all?type=daily_treasury_yield_curve,2026-07-23T05:54:37+00:00,decimal_annual_par_yield
2026-07-22,365,0.041100,2026-07-23T05:54:37+00:00,2026-07-26,https://home.treasury.gov/resource-center/data-chart-center/interest-rates/daily-treasury-rates.csv/2026/all?type=daily_treasury_yield_curve,2026-07-23T05:54:37+00:00,decimal_annual_par_yield
2026-07-22,730,0.043100,2026-07-23T05:54:37+00:00,2026-07-26,https://home.treasury.gov/resource-center/data-chart-center/interest-rates/daily-treasury-rates.csv/2026/all?type=daily_treasury_yield_curve,2026-07-23T05:54:37+00:00,decimal_annual_par_yield
2026-07-21,30,0.037500,2026-07-23T05:54:37+00:00,2026-07-25,https://home.treasury.gov/resource-center/data-chart-center/interest-rates/daily-treasury-rates.csv/2026/all?type=daily_treasury_yield_curve,2026-07-23T05:54:37+00:00,decimal_annual_par_yield
2026-07-21,45,0.038100,2026-07-23T05:54:37+00:00,2026-07-25,https://home.treasury.gov/resource-center/data-chart-center/interest-rates/daily-treasury-rates.csv/2026/all?type=daily_treasury_yield_curve,2026-07-23T05:54:37+00:00,decimal_annual_par_yield
2026-07-21,61,0.038100,2026-07-23T05:54:37+00:00,2026-07-25,https://home.treasury.gov/resource-center/data-chart-center/interest-rates/daily-treasury-rates.csv/2026/all?type=daily_treasury_yield_curve,2026-07-23T05:54:37+00:00,decimal_annual_par_yield
2026-07-21,91,0.038700,2026-07-23T05:54:37+00:00,2026-07-25,https://home.treasury.gov/resource-center/data-chart-center/interest-rates/daily-treasury-rates.csv/2026/all?type=daily_treasury_yield_curve,2026-07-23T05:54:37+00:00,decimal_annual_par_yield
2026-07-21,121,0.039600,2026-07-23T05:54:37+00:00,2026-07-25,https://home.treasury.gov/resource-center/data-chart-center/interest-rates/daily-treasury-rates.csv/2026/all?type=daily_treasury_yield_curve,2026-07-23T05:54:37+00:00,decimal_annual_par_yield
2026-07-21,182,0.040200,2026-07-23T05:54:37+00:00,2026-07-25,https://home.treasury.gov/resource-center/data-chart-center/interest-rates/daily-treasury-rates.csv/2026/all?type=daily_treasury_yield_curve,2026-07-23T05:54:37+00:00,decimal_annual_par_yield
2026-07-21,365,0.040800,2026-07-23T05:54:37+00:00,2026-07-25,https://home.treasury.gov/resource-center/data-chart-center/interest-rates/daily-treasury-rates.csv/2026/all?type=daily_treasury_yield_curve,2026-07-23T05:54:37+00:00,decimal_annual_par_yield
2026-07-21,730,0.042600,2026-07-23T05:54:37+00:00,2026-07-25,https://home.treasury.gov/resource-center/data-chart-center/interest-rates/daily-treasury-rates.csv/2026/all?type=daily_treasury_yield_curve,2026-07-23T05:54:37+00:00,decimal_annual_par_yield
2026-07-20,30,0.037200,2026-07-23T05:54:37+00:00,2026-07-24,https://home.treasury.gov/resource-center/data-chart-center/interest-rates/daily-treasury-rates.csv/2026/all?type=daily_treasury_yield_curve,2026-07-23T05:54:37+00:00,decimal_annual_par_yield
2026-07-20,45,0.037600,2026-07-23T05:54:37+00:00,2026-07-24,https://home.treasury.gov/resource-center/data-chart-center/interest-rates/daily-treasury-rates.csv/2026/all?type=daily_treasury_yield_curve,2026-07-23T05:54:37+00:00,decimal_annual_par_yield
2026-07-20,61,0.038100,2026-07-23T05:54:37+00:00,2026-07-24,https://home.treasury.gov/resource-center/data-chart-center/interest-rates/daily-treasury-rates.csv/2026/all?type=daily_treasury_yield_curve,2026-07-23T05:54:37+00:00,decimal_annual_par_yield
2026-07-20,91,0.038600,2026-07-23T05:54:37+00:00,2026-07-24,https://home.treasury.gov/resource-center/data-chart-center/interest-rates/daily-treasury-rates.csv/2026/all?type=daily_treasury_yield_curve,2026-07-23T05:54:37+00:00,decimal_annual_par_yield
2026-07-20,121,0.039300,2026-07-23T05:54:37+00:00,2026-07-24,https://home.treasury.gov/resource-center/data-chart-center/interest-rates/daily-treasury-rates.csv/2026/all?type=daily_treasury_yield_curve,2026-07-23T05:54:37+00:00,decimal_annual_par_yield
2026-07-20,182,0.040000,2026-07-23T05:54:37+00:00,2026-07-24,https://home.treasury.gov/resource-center/data-chart-center/interest-rates/daily-treasury-rates.csv/2026/all?type=daily_treasury_yield_curve,2026-07-23T05:54:37+00:00,decimal_annual_par_yield
2026-07-20,365,0.040300,2026-07-23T05:54:37+00:00,2026-07-24,https://home.treasury.gov/resource-center/data-chart-center/interest-rates/daily-treasury-rates.csv/2026/all?type=daily_treasury_yield_curve,2026-07-23T05:54:37+00:00,decimal_annual_par_yield
2026-07-20,730,0.042100,2026-07-23T05:54:37+00:00,2026-07-24,https://home.treasury.gov/resource-center/data-chart-center/interest-rates/daily-treasury-rates.csv/2026/all?type=daily_treasury_yield_curve,2026-07-23T05:54:37+00:00,decimal_annual_par_yield
2026-07-17,30,0.037300,2026-07-23T05:54:37+00:00,2026-07-21,https://home.treasury.gov/resource-center/data-chart-center/interest-rates/daily-treasury-rates.csv/2026/all?type=daily_treasury_yield_curve,2026-07-23T05:54:37+00:00,decimal_annual_par_yield
2026-07-17,45,0.037500,2026-07-23T05:54:37+00:00,2026-07-21,https://home.treasury.gov/resource-center/data-chart-center/interest-rates/daily-treasury-rates.csv/2026/all?type=daily_treasury_yield_curve,2026-07-23T05:54:37+00:00,decimal_annual_par_yield
2026-07-17,61,0.038000,2026-07-23T05:54:37+00:00,2026-07-21,https://home.treasury.gov/resource-center/data-chart-center/interest-rates/daily-treasury-rates.csv/2026/all?type=daily_treasury_yield_curve,2026-07-23T05:54:37+00:00,decimal_annual_par_yield
2026-07-17,91,0.038500,2026-07-23T05:54:37+00:00,2026-07-21,https://home.treasury.gov/resource-center/data-chart-center/interest-rates/daily-treasury-rates.csv/2026/all?type=daily_treasury_yield_curve,2026-07-23T05:54:37+00:00,decimal_annual_par_yield
2026-07-17,121,0.039100,2026-07-23T05:54:37+00:00,2026-07-21,https://home.treasury.gov/resource-center/data-chart-center/interest-rates/daily-treasury-rates.csv/2026/all?type=daily_treasury_yield_curve,2026-07-23T05:54:37+00:00,decimal_annual_par_yield
2026-07-17,182,0.039600,2026-07-23T05:54:37+00:00,2026-07-21,https://home.treasury.gov/resource-center/data-chart-center/interest-rates/daily-treasury-rates.csv/2026/all?type=daily_treasury_yield_curve,2026-07-23T05:54:37+00:00,decimal_annual_par_yield
2026-07-17,365,0.040100,2026-07-23T05:54:37+00:00,2026-07-21,https://home.treasury.gov/resource-center/data-chart-center/interest-rates/daily-treasury-rates.csv/2026/all?type=daily_treasury_yield_curve,2026-07-23T05:54:37+00:00,decimal_annual_par_yield
2026-07-17,730,0.041800,2026-07-23T05:54:37+00:00,2026-07-21,https://home.treasury.gov/resource-center/data-chart-center/interest-rates/daily-treasury-rates.csv/2026/all?type=daily_treasury_yield_curve,2026-07-23T05:54:37+00:00,decimal_annual_par_yield
2026-07-16,30,0.037600,2026-07-23T05:54:37+00:00,2026-07-20,https://home.treasury.gov/resource-center/data-chart-center/interest-rates/daily-treasury-rates.csv/2026/all?type=daily_treasury_yield_curve,2026-07-23T05:54:37+00:00,decimal_annual_par_yield
2026-07-16,45,0.037500,2026-07-23T05:54:37+00:00,2026-07-20,https://home.treasury.gov/resource-center/data-chart-center/interest-rates/daily-treasury-rates.csv/2026/all?type=daily_treasury_yield_curve,2026-07-23T05:54:37+00:00,decimal_annual_par_yield
2026-07-16,61,0.038100,2026-07-23T05:54:37+00:00,2026-07-20,https://home.treasury.gov/resource-center/data-chart-center/interest-rates/daily-treasury-rates.csv/2026/all?type=daily_treasury_yield_curve,2026-07-23T05:54:37+00:00,decimal_annual_par_yield
2026-07-16,91,0.038400,2026-07-23T05:54:37+00:00,2026-07-20,https://home.treasury.gov/resource-center/data-chart-center/interest-rates/daily-treasury-rates.csv/2026/all?type=daily_treasury_yield_curve,2026-07-23T05:54:37+00:00,decimal_annual_par_yield
2026-07-16,121,0.039000,2026-07-23T05:54:37+00:00,2026-07-20,https://home.treasury.gov/resource-center/data-chart-center/interest-rates/daily-treasury-rates.csv/2026/all?type=daily_treasury_yield_curve,2026-07-23T05:54:37+00:00,decimal_annual_par_yield
2026-07-16,182,0.039400,2026-07-23T05:54:37+00:00,2026-07-20,https://home.treasury.gov/resource-center/data-chart-center/interest-rates/daily-treasury-rates.csv/2026/all?type=daily_treasury_yield_curve,2026-07-23T05:54:37+00:00,decimal_annual_par_yield
2026-07-16,365,0.039900,2026-07-23T05:54:37+00:00,2026-07-20,https://home.treasury.gov/resource-center/data-chart-center/interest-rates/daily-treasury-rates.csv/2026/all?type=daily_treasury_yield_curve,2026-07-23T05:54:37+00:00,decimal_annual_par_yield
2026-07-16,730,0.041600,2026-07-23T05:54:37+00:00,2026-07-20,https://home.treasury.gov/resource-center/data-chart-center/interest-rates/daily-treasury-rates.csv/2026/all?type=daily_treasury_yield_curve,2026-07-23T05:54:37+00:00,decimal_annual_par_yield
2026-07-15,30,0.037300,2026-07-23T05:54:37+00:00,2026-07-19,https://home.treasury.gov/resource-center/data-chart-center/interest-rates/daily-treasury-rates.csv/2026/all?type=daily_treasury_yield_curve,2026-07-23T05:54:37+00:00,decimal_annual_par_yield
2026-07-15,45,0.037600,2026-07-23T05:54:37+00:00,2026-07-19,https://home.treasury.gov/resource-center/data-chart-center/interest-rates/daily-treasury-rates.csv/2026/all?type=daily_treasury_yield_curve,2026-07-23T05:54:37+00:00,decimal_annual_par_yield
2026-07-15,61,0.038200,2026-07-23T05:54:37+00:00,2026-07-19,https://home.treasury.gov/resource-center/data-chart-center/interest-rates/daily-treasury-rates.csv/2026/all?type=daily_treasury_yield_curve,2026-07-23T05:54:37+00:00,decimal_annual_par_yield
2026-07-15,91,0.038300,2026-07-23T05:54:37+00:00,2026-07-19,https://home.treasury.gov/resource-center/data-chart-center/interest-rates/daily-treasury-rates.csv/2026/all?type=daily_treasury_yield_curve,2026-07-23T05:54:37+00:00,decimal_annual_par_yield
2026-07-15,121,0.038900,2026-07-23T05:54:37+00:00,2026-07-19,https://home.treasury.gov/resource-center/data-chart-center/interest-rates/daily-treasury-rates.csv/2026/all?type=daily_treasury_yield_curve,2026-07-23T05:54:37+00:00,decimal_annual_par_yield
2026-07-15,182,0.039300,2026-07-23T05:54:37+00:00,2026-07-19,https://home.treasury.gov/resource-center/data-chart-center/interest-rates/daily-treasury-rates.csv/2026/all?type=daily_treasury_yield_curve,2026-07-23T05:54:37+00:00,decimal_annual_par_yield
2026-07-15,365,0.039700,2026-07-23T05:54:37+00:00,2026-07-19,https://home.treasury.gov/resource-center/data-chart-center/interest-rates/daily-treasury-rates.csv/2026/all?type=daily_treasury_yield_curve,2026-07-23T05:54:37+00:00,decimal_annual_par_yield
2026-07-15,730,0.041300,2026-07-23T05:54:37+00:00,2026-07-19,https://home.treasury.gov/resource-center/data-chart-center/interest-rates/daily-treasury-rates.csv/2026/all?type=daily_treasury_yield_curve,2026-07-23T05:54:37+00:00,decimal_annual_par_yield
2026-07-14,30,0.037300,2026-07-23T05:54:37+00:00,2026-07-18,https://home.treasury.gov/resource-center/data-chart-center/interest-rates/daily-treasury-rates.csv/2026/all?type=daily_treasury_yield_curve,2026-07-23T05:54:37+00:00,decimal_annual_par_yield
2026-07-14,45,0.037500,2026-07-23T05:54:37+00:00,2026-07-18,https://home.treasury.gov/resource-center/data-chart-center/interest-rates/daily-treasury-rates.csv/2026/all?type=daily_treasury_yield_curve,2026-07-23T05:54:37+00:00,decimal_annual_par_yield
2026-07-14,61,0.038200,2026-07-23T05:54:37+00:00,2026-07-18,https://home.treasury.gov/resource-center/data-chart-center/interest-rates/daily-treasury-rates.csv/2026/all?type=daily_treasury_yield_curve,2026-07-23T05:54:37+00:00,decimal_annual_par_yield
2026-07-14,91,0.038400,2026-07-23T05:54:37+00:00,2026-07-18,https://home.treasury.gov/resource-center/data-chart-center/interest-rates/daily-treasury-rates.csv/2026/all?type=daily_treasury_yield_curve,2026-07-23T05:54:37+00:00,decimal_annual_par_yield
2026-07-14,121,0.039100,2026-07-23T05:54:37+00:00,2026-07-18,https://home.treasury.gov/resource-center/data-chart-center/interest-rates/daily-treasury-rates.csv/2026/all?type=daily_treasury_yield_curve,2026-07-23T05:54:37+00:00,decimal_annual_par_yield
2026-07-14,182,0.039500,2026-07-23T05:54:37+00:00,2026-07-18,https://home.treasury.gov/resource-center/data-chart-center/interest-rates/daily-treasury-rates.csv/2026/all?type=daily_treasury_yield_curve,2026-07-23T05:54:37+00:00,decimal_annual_par_yield
2026-07-14,365,0.040200,2026-07-23T05:54:37+00:00,2026-07-18,https://home.treasury.gov/resource-center/data-chart-center/interest-rates/daily-treasury-rates.csv/2026/all?type=daily_treasury_yield_curve,2026-07-23T05:54:37+00:00,decimal_annual_par_yield
2026-07-14,730,0.041800,2026-07-23T05:54:37+00:00,2026-07-18,https://home.treasury.gov/resource-center/data-chart-center/interest-rates/daily-treasury-rates.csv/2026/all?type=daily_treasury_yield_curve,2026-07-23T05:54:37+00:00,decimal_annual_par_yield
2026-07-13,30,0.037300,2026-07-23T05:54:37+00:00,2026-07-17,https://home.treasury.gov/resource-center/data-chart-center/interest-rates/daily-treasury-rates.csv/2026/all?type=daily_treasury_yield_curve,2026-07-23T05:54:37+00:00,decimal_annual_par_yield
2026-07-13,45,0.037600,2026-07-23T05:54:37+00:00,2026-07-17,https://home.treasury.gov/resource-center/data-chart-center/interest-rates/daily-treasury-rates.csv/2026/all?type=daily_treasury_yield_curve,2026-07-23T05:54:37+00:00,decimal_annual_par_yield
2026-07-13,61,0.038200,2026-07-23T05:54:37+00:00,2026-07-17,https://home.treasury.gov/resource-center/data-chart-center/interest-rates/daily-treasury-rates.csv/2026/all?type=daily_treasury_yield_curve,2026-07-23T05:54:37+00:00,decimal_annual_par_yield
2026-07-13,91,0.038900,2026-07-23T05:54:37+00:00,2026-07-17,https://home.treasury.gov/resource-center/data-chart-center/interest-rates/daily-treasury-rates.csv/2026/all?type=daily_treasury_yield_curve,2026-07-23T05:54:37+00:00,decimal_annual_par_yield
2026-07-13,121,0.039700,2026-07-23T05:54:37+00:00,2026-07-17,https://home.treasury.gov/resource-center/data-chart-center/interest-rates/daily-treasury-rates.csv/2026/all?type=daily_treasury_yield_curve,2026-07-23T05:54:37+00:00,decimal_annual_par_yield
2026-07-13,182,0.040300,2026-07-23T05:54:37+00:00,2026-07-17,https://home.treasury.gov/resource-center/data-chart-center/interest-rates/daily-treasury-rates.csv/2026/all?type=daily_treasury_yield_curve,2026-07-23T05:54:37+00:00,decimal_annual_par_yield
2026-07-13,365,0.041200,2026-07-23T05:54:37+00:00,2026-07-17,https://home.treasury.gov/resource-center/data-chart-center/interest-rates/daily-treasury-rates.csv/2026/all?type=daily_treasury_yield_curve,2026-07-23T05:54:37+00:00,decimal_annual_par_yield
2026-07-13,730,0.042600,2026-07-23T05:54:37+00:00,2026-07-17,https://home.treasury.gov/resource-center/data-chart-center/interest-rates/daily-treasury-rates.csv/2026/all?type=daily_treasury_yield_curve,2026-07-23T05:54:37+00:00,decimal_annual_par_yield
2026-07-10,30,0.037100,2026-07-23T05:54:37+00:00,2026-07-14,https://home.treasury.gov/resource-center/data-chart-center/interest-rates/daily-treasury-rates.csv/2026/all?type=daily_treasury_yield_curve,2026-07-23T05:54:37+00:00,decimal_annual_par_yield
2026-07-10,45,0.037400,2026-07-23T05:54:37+00:00,2026-07-14,https://home.treasury.gov/resource-center/data-chart-center/interest-rates/daily-treasury-rates.csv/2026/all?type=daily_treasury_yield_curve,2026-07-23T05:54:37+00:00,decimal_annual_par_yield
2026-07-10,61,0.038100,2026-07-23T05:54:37+00:00,2026-07-14,https://home.treasury.gov/resource-center/data-chart-center/interest-rates/daily-treasury-rates.csv/2026/all?type=daily_treasury_yield_curve,2026-07-23T05:54:37+00:00,decimal_annual_par_yield
2026-07-10,91,0.038500,2026-07-23T05:54:37+00:00,2026-07-14,https://home.treasury.gov/resource-center/data-chart-center/interest-rates/daily-treasury-rates.csv/2026/all?type=daily_treasury_yield_curve,2026-07-23T05:54:37+00:00,decimal_annual_par_yield
2026-07-10,121,0.039400,2026-07-23T05:54:37+00:00,2026-07-14,https://home.treasury.gov/resource-center/data-chart-center/interest-rates/daily-treasury-rates.csv/2026/all?type=daily_treasury_yield_curve,2026-07-23T05:54:37+00:00,decimal_annual_par_yield
2026-07-10,182,0.039900,2026-07-23T05:54:37+00:00,2026-07-14,https://home.treasury.gov/resource-center/data-chart-center/interest-rates/daily-treasury-rates.csv/2026/all?type=daily_treasury_yield_curve,2026-07-23T05:54:37+00:00,decimal_annual_par_yield
2026-07-10,365,0.040600,2026-07-23T05:54:37+00:00,2026-07-14,https://home.treasury.gov/resource-center/data-chart-center/interest-rates/daily-treasury-rates.csv/2026/all?type=daily_treasury_yield_curve,2026-07-23T05:54:37+00:00,decimal_annual_par_yield
2026-07-10,730,0.042100,2026-07-23T05:54:37+00:00,2026-07-14,https://home.treasury.gov/resource-center/data-chart-center/interest-rates/daily-treasury-rates.csv/2026/all?type=daily_treasury_yield_curve,2026-07-23T05:54:37+00:00,decimal_annual_par_yield
2026-07-09,30,0.037200,2026-07-23T05:54:37+00:00,2026-07-13,https://home.treasury.gov/resource-center/data-chart-center/interest-rates/daily-treasury-rates.csv/2026/all?type=daily_treasury_yield_curve,2026-07-23T05:54:37+00:00,decimal_annual_par_yield
2026-07-09,45,0.037200,2026-07-23T05:54:37+00:00,2026-07-13,https://home.treasury.gov/resource-center/data-chart-center/interest-rates/daily-treasury-rates.csv/2026/all?type=daily_treasury_yield_curve,2026-07-23T05:54:37+00:00,decimal_annual_par_yield
2026-07-09,61,0.037900,2026-07-23T05:54:37+00:00,2026-07-13,https://home.treasury.gov/resource-center/data-chart-center/interest-rates/daily-treasury-rates.csv/2026/all?type=daily_treasury_yield_curve,2026-07-23T05:54:37+00:00,decimal_annual_par_yield
2026-07-09,91,0.038300,2026-07-23T05:54:37+00:00,2026-07-13,https://home.treasury.gov/resource-center/data-chart-center/interest-rates/daily-treasury-rates.csv/2026/all?type=daily_treasury_yield_curve,2026-07-23T05:54:37+00:00,decimal_annual_par_yield
2026-07-09,121,0.039100,2026-07-23T05:54:37+00:00,2026-07-13,https://home.treasury.gov/resource-center/data-chart-center/interest-rates/daily-treasury-rates.csv/2026/all?type=daily_treasury_yield_curve,2026-07-23T05:54:37+00:00,decimal_annual_par_yield
2026-07-09,182,0.039600,2026-07-23T05:54:37+00:00,2026-07-13,https://home.treasury.gov/resource-center/data-chart-center/interest-rates/daily-treasury-rates.csv/2026/all?type=daily_treasury_yield_curve,2026-07-23T05:54:37+00:00,decimal_annual_par_yield
2026-07-09,365,0.040200,2026-07-23T05:54:37+00:00,2026-07-13,https://home.treasury.gov/resource-center/data-chart-center/interest-rates/daily-treasury-rates.csv/2026/all?type=daily_treasury_yield_curve,2026-07-23T05:54:37+00:00,decimal_annual_par_yield
2026-07-09,730,0.041600,2026-07-23T05:54:37+00:00,2026-07-13,https://home.treasury.gov/resource-center/data-chart-center/interest-rates/daily-treasury-rates.csv/2026/all?type=daily_treasury_yield_curve,2026-07-23T05:54:37+00:00,decimal_annual_par_yield
2026-07-23,30,0.038200,2026-07-24T15:03:36+00:00,2026-07-27,https://home.treasury.gov/resource-center/data-chart-center/interest-rates/daily-treasury-rates.csv/2026/all?type=daily_treasury_yield_curve,2026-07-24T15:03:36+00:00,decimal_annual_par_yield
2026-07-23,45,0.039000,2026-07-24T15:03:36+00:00,2026-07-27,https://home.treasury.gov/resource-center/data-chart-center/interest-rates/daily-treasury-rates.csv/2026/all?type=daily_treasury_yield_curve,2026-07-24T15:03:36+00:00,decimal_annual_par_yield
2026-07-23,61,0.039500,2026-07-24T15:03:36+00:00,2026-07-27,https://home.treasury.gov/resource-center/data-chart-center/interest-rates/daily-treasury-rates.csv/2026/all?type=daily_treasury_yield_curve,2026-07-24T15:03:36+00:00,decimal_annual_par_yield
2026-07-23,91,0.039500,2026-07-24T15:03:36+00:00,2026-07-27,https://home.treasury.gov/resource-center/data-chart-center/interest-rates/daily-treasury-rates.csv/2026/all?type=daily_treasury_yield_curve,2026-07-24T15:03:36+00:00,decimal_annual_par_yield
2026-07-23,121,0.040400,2026-07-24T15:03:36+00:00,2026-07-27,https://home.treasury.gov/resource-center/data-chart-center/interest-rates/daily-treasury-rates.csv/2026/all?type=daily_treasury_yield_curve,2026-07-24T15:03:36+00:00,decimal_annual_par_yield
2026-07-23,182,0.040900,2026-07-24T15:03:36+00:00,2026-07-27,https://home.treasury.gov/resource-center/data-chart-center/interest-rates/daily-treasury-rates.csv/2026/all?type=daily_treasury_yield_curve,2026-07-24T15:03:36+00:00,decimal_annual_par_yield
2026-07-23,365,0.041500,2026-07-24T15:03:36+00:00,2026-07-27,https://home.treasury.gov/resource-center/data-chart-center/interest-rates/daily-treasury-rates.csv/2026/all?type=daily_treasury_yield_curve,2026-07-24T15:03:36+00:00,decimal_annual_par_yield
2026-07-23,730,0.043700,2026-07-24T15:03:36+00:00,2026-07-27,https://home.treasury.gov/resource-center/data-chart-center/interest-rates/daily-treasury-rates.csv/2026/all?type=daily_treasury_yield_curve,2026-07-24T15:03:36+00:00,decimal_annual_par_yield
2026-07-08,30,0.036700,2026-07-24T15:03:36+00:00,2026-07-12,https://home.treasury.gov/resource-center/data-chart-center/interest-rates/daily-treasury-rates.csv/2026/all?type=daily_treasury_yield_curve,2026-07-24T15:03:36+00:00,decimal_annual_par_yield
2026-07-08,45,0.037400,2026-07-24T15:03:36+00:00,2026-07-12,https://home.treasury.gov/resource-center/data-chart-center/interest-rates/daily-treasury-rates.csv/2026/all?type=daily_treasury_yield_curve,2026-07-24T15:03:36+00:00,decimal_annual_par_yield
2026-07-08,61,0.038200,2026-07-24T15:03:36+00:00,2026-07-12,https://home.treasury.gov/resource-center/data-chart-center/interest-rates/daily-treasury-rates.csv/2026/all?type=daily_treasury_yield_curve,2026-07-24T15:03:36+00:00,decimal_annual_par_yield
2026-07-08,91,0.038700,2026-07-24T15:03:36+00:00,2026-07-12,https://home.treasury.gov/resource-center/data-chart-center/interest-rates/daily-treasury-rates.csv/2026/all?type=daily_treasury_yield_curve,2026-07-24T15:03:36+00:00,decimal_annual_par_yield
2026-07-08,121,0.039400,2026-07-24T15:03:36+00:00,2026-07-12,https://home.treasury.gov/resource-center/data-chart-center/interest-rates/daily-treasury-rates.csv/2026/all?type=daily_treasury_yield_curve,2026-07-24T15:03:36+00:00,decimal_annual_par_yield
2026-07-08,182,0.039900,2026-07-24T15:03:36+00:00,2026-07-12,https://home.treasury.gov/resource-center/data-chart-center/interest-rates/daily-treasury-rates.csv/2026/all?type=daily_treasury_yield_curve,2026-07-24T15:03:36+00:00,decimal_annual_par_yield
2026-07-08,365,0.040600,2026-07-24T15:03:36+00:00,2026-07-12,https://home.treasury.gov/resource-center/data-chart-center/interest-rates/daily-treasury-rates.csv/2026/all?type=daily_treasury_yield_curve,2026-07-24T15:03:36+00:00,decimal_annual_par_yield
2026-07-08,730,0.042100,2026-07-24T15:03:36+00:00,2026-07-12,https://home.treasury.gov/resource-center/data-chart-center/interest-rates/daily-treasury-rates.csv/2026/all?type=daily_treasury_yield_curve,2026-07-24T15:03:36+00:00,decimal_annual_par_yield
2026-07-07,30,0.036900,2026-07-24T15:03:36+00:00,2026-07-11,https://home.treasury.gov/resource-center/data-chart-center/interest-rates/daily-treasury-rates.csv/2026/all?type=daily_treasury_yield_curve,2026-07-24T15:03:36+00:00,decimal_annual_par_yield
2026-07-07,45,0.037400,2026-07-24T15:03:36+00:00,2026-07-11,https://home.treasury.gov/resource-center/data-chart-center/interest-rates/daily-treasury-rates.csv/2026/all?type=daily_treasury_yield_curve,2026-07-24T15:03:36+00:00,decimal_annual_par_yield
2026-07-07,61,0.038200,2026-07-24T15:03:36+00:00,2026-07-11,https://home.treasury.gov/resource-center/data-chart-center/interest-rates/daily-treasury-rates.csv/2026/all?type=daily_treasury_yield_curve,2026-07-24T15:03:36+00:00,decimal_annual_par_yield
2026-07-07,91,0.038600,2026-07-24T15:03:36+00:00,2026-07-11,https://home.treasury.gov/resource-center/data-chart-center/interest-rates/daily-treasury-rates.csv/2026/all?type=daily_treasury_yield_curve,2026-07-24T15:03:36+00:00,decimal_annual_par_yield
2026-07-07,121,0.039400,2026-07-24T15:03:36+00:00,2026-07-11,https://home.treasury.gov/resource-center/data-chart-center/interest-rates/daily-treasury-rates.csv/2026/all?type=daily_treasury_yield_curve,2026-07-24T15:03:36+00:00,decimal_annual_par_yield
2026-07-07,182,0.039900,2026-07-24T15:03:36+00:00,2026-07-11,https://home.treasury.gov/resource-center/data-chart-center/interest-rates/daily-treasury-rates.csv/2026/all?type=daily_treasury_yield_curve,2026-07-24T15:03:36+00:00,decimal_annual_par_yield
2026-07-07,365,0.040600,2026-07-24T15:03:36+00:00,2026-07-11,https://home.treasury.gov/resource-center/data-chart-center/interest-rates/daily-treasury-rates.csv/2026/all?type=daily_treasury_yield_curve,2026-07-24T15:03:36+00:00,decimal_annual_par_yield
2026-07-07,730,0.041900,2026-07-24T15:03:36+00:00,2026-07-11,https://home.treasury.gov/resource-center/data-chart-center/interest-rates/daily-treasury-rates.csv/2026/all?type=daily_treasury_yield_curve,2026-07-24T15:03:36+00:00,decimal_annual_par_yield
2026-07-06,30,0.036900,2026-07-24T15:03:36+00:00,2026-07-10,https://home.treasury.gov/resource-center/data-chart-center/interest-rates/daily-treasury-rates.csv/2026/all?type=daily_treasury_yield_curve,2026-07-24T15:03:36+00:00,decimal_annual_par_yield
2026-07-06,45,0.037500,2026-07-24T15:03:36+00:00,2026-07-10,https://home.treasury.gov/resource-center/data-chart-center/interest-rates/daily-treasury-rates.csv/2026/all?type=daily_treasury_yield_curve,2026-07-24T15:03:36+00:00,decimal_annual_par_yield
2026-07-06,61,0.038100,2026-07-24T15:03:36+00:00,2026-07-10,https://home.treasury.gov/resource-center/data-chart-center/interest-rates/daily-treasury-rates.csv/2026/all?type=daily_treasury_yield_curve,2026-07-24T15:03:36+00:00,decimal_annual_par_yield
2026-07-06,91,0.038700,2026-07-24T15:03:36+00:00,2026-07-10,https://home.treasury.gov/resource-center/data-chart-center/interest-rates/daily-treasury-rates.csv/2026/all?type=daily_treasury_yield_curve,2026-07-24T15:03:36+00:00,decimal_annual_par_yield
2026-07-06,121,0.039300,2026-07-24T15:03:36+00:00,2026-07-10,https://home.treasury.gov/resource-center/data-chart-center/interest-rates/daily-treasury-rates.csv/2026/all?type=daily_treasury_yield_curve,2026-07-24T15:03:36+00:00,decimal_annual_par_yield
2026-07-06,182,0.039800,2026-07-24T15:03:36+00:00,2026-07-10,https://home.treasury.gov/resource-center/data-chart-center/interest-rates/daily-treasury-rates.csv/2026/all?type=daily_treasury_yield_curve,2026-07-24T15:03:36+00:00,decimal_annual_par_yield
2026-07-06,365,0.039500,2026-07-24T15:03:36+00:00,2026-07-10,https://home.treasury.gov/resource-center/data-chart-center/interest-rates/daily-treasury-rates.csv/2026/all?type=daily_treasury_yield_curve,2026-07-24T15:03:36+00:00,decimal_annual_par_yield
2026-07-06,730,0.041300,2026-07-24T15:03:36+00:00,2026-07-10,https://home.treasury.gov/resource-center/data-chart-center/interest-rates/daily-treasury-rates.csv/2026/all?type=daily_treasury_yield_curve,2026-07-24T15:03:36+00:00,decimal_annual_par_yield
2026-07-02,30,0.037000,2026-07-24T15:03:36+00:00,2026-07-06,https://home.treasury.gov/resource-center/data-chart-center/interest-rates/daily-treasury-rates.csv/2026/all?type=daily_treasury_yield_curve,2026-07-24T15:03:36+00:00,decimal_annual_par_yield
2026-07-02,45,0.037300,2026-07-24T15:03:36+00:00,2026-07-06,https://home.treasury.gov/resource-center/data-chart-center/interest-rates/daily-treasury-rates.csv/2026/all?type=daily_treasury_yield_curve,2026-07-24T15:03:36+00:00,decimal_annual_par_yield
2026-07-02,61,0.038100,2026-07-24T15:03:36+00:00,2026-07-06,https://home.treasury.gov/resource-center/data-chart-center/interest-rates/daily-treasury-rates.csv/2026/all?type=daily_treasury_yield_curve,2026-07-24T15:03:36+00:00,decimal_annual_par_yield
2026-07-02,91,0.038200,2026-07-24T15:03:36+00:00,2026-07-06,https://home.treasury.gov/resource-center/data-chart-center/interest-rates/daily-treasury-rates.csv/2026/all?type=daily_treasury_yield_curve,2026-07-24T15:03:36+00:00,decimal_annual_par_yield
2026-07-02,121,0.039100,2026-07-24T15:03:36+00:00,2026-07-06,https://home.treasury.gov/resource-center/data-chart-center/interest-rates/daily-treasury-rates.csv/2026/all?type=daily_treasury_yield_curve,2026-07-24T15:03:36+00:00,decimal_annual_par_yield
2026-07-02,182,0.039800,2026-07-24T15:03:36+00:00,2026-07-06,https://home.treasury.gov/resource-center/data-chart-center/interest-rates/daily-treasury-rates.csv/2026/all?type=daily_treasury_yield_curve,2026-07-24T15:03:36+00:00,decimal_annual_par_yield
2026-07-02,365,0.039600,2026-07-24T15:03:36+00:00,2026-07-06,https://home.treasury.gov/resource-center/data-chart-center/interest-rates/daily-treasury-rates.csv/2026/all?type=daily_treasury_yield_curve,2026-07-24T15:03:36+00:00,decimal_annual_par_yield
2026-07-02,730,0.041400,2026-07-24T15:03:36+00:00,2026-07-06,https://home.treasury.gov/resource-center/data-chart-center/interest-rates/daily-treasury-rates.csv/2026/all?type=daily_treasury_yield_curve,2026-07-24T15:03:36+00:00,decimal_annual_par_yield
2026-07-01,30,0.036700,2026-07-24T15:03:36+00:00,2026-07-05,https://home.treasury.gov/resource-center/data-chart-center/interest-rates/daily-treasury-rates.csv/2026/all?type=daily_treasury_yield_curve,2026-07-24T15:03:36+00:00,decimal_annual_par_yield
2026-07-01,45,0.037100,2026-07-24T15:03:36+00:00,2026-07-05,https://home.treasury.gov/resource-center/data-chart-center/interest-rates/daily-treasury-rates.csv/2026/all?type=daily_treasury_yield_curve,2026-07-24T15:03:36+00:00,decimal_annual_par_yield
2026-07-01,61,0.037200,2026-07-24T15:03:36+00:00,2026-07-05,https://home.treasury.gov/resource-center/data-chart-center/interest-rates/daily-treasury-rates.csv/2026/all?type=daily_treasury_yield_curve,2026-07-24T15:03:36+00:00,decimal_annual_par_yield
2026-07-01,91,0.038500,2026-07-24T15:03:36+00:00,2026-07-05,https://home.treasury.gov/resource-center/data-chart-center/interest-rates/daily-treasury-rates.csv/2026/all?type=daily_treasury_yield_curve,2026-07-24T15:03:36+00:00,decimal_annual_par_yield
2026-07-01,121,0.039500,2026-07-24T15:03:36+00:00,2026-07-05,https://home.treasury.gov/resource-center/data-chart-center/interest-rates/daily-treasury-rates.csv/2026/all?type=daily_treasury_yield_curve,2026-07-24T15:03:36+00:00,decimal_annual_par_yield
2026-07-01,182,0.040000,2026-07-24T15:03:36+00:00,2026-07-05,https://home.treasury.gov/resource-center/data-chart-center/interest-rates/daily-treasury-rates.csv/2026/all?type=daily_treasury_yield_curve,2026-07-24T15:03:36+00:00,decimal_annual_par_yield
2026-07-01,365,0.040000,2026-07-24T15:03:36+00:00,2026-07-05,https://home.treasury.gov/resource-center/data-chart-center/interest-rates/daily-treasury-rates.csv/2026/all?type=daily_treasury_yield_curve,2026-07-24T15:03:36+00:00,decimal_annual_par_yield
2026-07-01,730,0.041700,2026-07-24T15:03:36+00:00,2026-07-05,https://home.treasury.gov/resource-center/data-chart-center/interest-rates/daily-treasury-rates.csv/2026/all?type=daily_treasury_yield_curve,2026-07-24T15:03:36+00:00,decimal_annual_par_yield
2026-06-30,30,0.037000,2026-07-24T15:03:36+00:00,2026-07-04,https://home.treasury.gov/resource-center/data-chart-center/interest-rates/daily-treasury-rates.csv/2026/all?type=daily_treasury_yield_curve,2026-07-24T15:03:36+00:00,decimal_annual_par_yield
2026-06-30,45,0.037400,2026-07-24T15:03:36+00:00,2026-07-04,https://home.treasury.gov/resource-center/data-chart-center/interest-rates/daily-treasury-rates.csv/2026/all?type=daily_treasury_yield_curve,2026-07-24T15:03:36+00:00,decimal_annual_par_yield
2026-06-30,61,0.037700,2026-07-24T15:03:36+00:00,2026-07-04,https://home.treasury.gov/resource-center/data-chart-center/interest-rates/daily-treasury-rates.csv/2026/all?type=daily_treasury_yield_curve,2026-07-24T15:03:36+00:00,decimal_annual_par_yield
2026-06-30,91,0.038700,2026-07-24T15:03:36+00:00,2026-07-04,https://home.treasury.gov/resource-center/data-chart-center/interest-rates/daily-treasury-rates.csv/2026/all?type=daily_treasury_yield_curve,2026-07-24T15:03:36+00:00,decimal_annual_par_yield
2026-06-30,121,0.039200,2026-07-24T15:03:36+00:00,2026-07-04,https://home.treasury.gov/resource-center/data-chart-center/interest-rates/daily-treasury-rates.csv/2026/all?type=daily_treasury_yield_curve,2026-07-24T15:03:36+00:00,decimal_annual_par_yield
2026-06-30,182,0.040100,2026-07-24T15:03:36+00:00,2026-07-04,https://home.treasury.gov/resource-center/data-chart-center/interest-rates/daily-treasury-rates.csv/2026/all?type=daily_treasury_yield_curve,2026-07-24T15:03:36+00:00,decimal_annual_par_yield
2026-06-30,365,0.039800,2026-07-24T15:03:36+00:00,2026-07-04,https://home.treasury.gov/resource-center/data-chart-center/interest-rates/daily-treasury-rates.csv/2026/all?type=daily_treasury_yield_curve,2026-07-24T15:03:36+00:00,decimal_annual_par_yield
2026-06-30,730,0.041400,2026-07-24T15:03:36+00:00,2026-07-04,https://home.treasury.gov/resource-center/data-chart-center/interest-rates/daily-treasury-rates.csv/2026/all?type=daily_treasury_yield_curve,2026-07-24T15:03:36+00:00,decimal_annual_par_yield
2026-06-29,30,0.037100,2026-07-24T15:03:36+00:00,2026-07-03,https://home.treasury.gov/resource-center/data-chart-center/interest-rates/daily-treasury-rates.csv/2026/all?type=daily_treasury_yield_curve,2026-07-24T15:03:36+00:00,decimal_annual_par_yield
2026-06-29,45,0.037100,2026-07-24T15:03:36+00:00,2026-07-03,https://home.treasury.gov/resource-center/data-chart-center/interest-rates/daily-treasury-rates.csv/2026/all?type=daily_treasury_yield_curve,2026-07-24T15:03:36+00:00,decimal_annual_par_yield
2026-06-29,61,0.037600,2026-07-24T15:03:36+00:00,2026-07-03,https://home.treasury.gov/resource-center/data-chart-center/interest-rates/daily-treasury-rates.csv/2026/all?type=daily_treasury_yield_curve,2026-07-24T15:03:36+00:00,decimal_annual_par_yield
2026-06-29,91,0.038700,2026-07-24T15:03:36+00:00,2026-07-03,https://home.treasury.gov/resource-center/data-chart-center/interest-rates/daily-treasury-rates.csv/2026/all?type=daily_treasury_yield_curve,2026-07-24T15:03:36+00:00,decimal_annual_par_yield
2026-06-29,121,0.039200,2026-07-24T15:03:36+00:00,2026-07-03,https://home.treasury.gov/resource-center/data-chart-center/interest-rates/daily-treasury-rates.csv/2026/all?type=daily_treasury_yield_curve,2026-07-24T15:03:36+00:00,decimal_annual_par_yield
2026-06-29,182,0.040000,2026-07-24T15:03:36+00:00,2026-07-03,https://home.treasury.gov/resource-center/data-chart-center/interest-rates/daily-treasury-rates.csv/2026/all?type=daily_treasury_yield_curve,2026-07-24T15:03:36+00:00,decimal_annual_par_yield
2026-06-29,365,0.039700,2026-07-24T15:03:36+00:00,2026-07-03,https://home.treasury.gov/resource-center/data-chart-center/interest-rates/daily-treasury-rates.csv/2026/all?type=daily_treasury_yield_curve,2026-07-24T15:03:36+00:00,decimal_annual_par_yield
2026-06-29,730,0.041000,2026-07-24T15:03:36+00:00,2026-07-03,https://home.treasury.gov/resource-center/data-chart-center/interest-rates/daily-treasury-rates.csv/2026/all?type=daily_treasury_yield_curve,2026-07-24T15:03:36+00:00,decimal_annual_par_yield
2026-06-26,30,0.037000,2026-07-24T15:03:36+00:00,2026-06-30,https://home.treasury.gov/resource-center/data-chart-center/interest-rates/daily-treasury-rates.csv/2026/all?type=daily_treasury_yield_curve,2026-07-24T15:03:36+00:00,decimal_annual_par_yield
2026-06-26,45,0.037000,2026-07-24T15:03:36+00:00,2026-06-30,https://home.treasury.gov/resource-center/data-chart-center/interest-rates/daily-treasury-rates.csv/2026/all?type=daily_treasury_yield_curve,2026-07-24T15:03:36+00:00,decimal_annual_par_yield
2026-06-26,61,0.037500,2026-07-24T15:03:36+00:00,2026-06-30,https://home.treasury.gov/resource-center/data-chart-center/interest-rates/daily-treasury-rates.csv/2026/all?type=daily_treasury_yield_curve,2026-07-24T15:03:36+00:00,decimal_annual_par_yield
2026-06-26,91,0.038300,2026-07-24T15:03:36+00:00,2026-06-30,https://home.treasury.gov/resource-center/data-chart-center/interest-rates/daily-treasury-rates.csv/2026/all?type=daily_treasury_yield_curve,2026-07-24T15:03:36+00:00,decimal_annual_par_yield
2026-06-26,121,0.038900,2026-07-24T15:03:36+00:00,2026-06-30,https://home.treasury.gov/resource-center/data-chart-center/interest-rates/daily-treasury-rates.csv/2026/all?type=daily_treasury_yield_curve,2026-07-24T15:03:36+00:00,decimal_annual_par_yield
2026-06-26,182,0.039400,2026-07-24T15:03:36+00:00,2026-06-30,https://home.treasury.gov/resource-center/data-chart-center/interest-rates/daily-treasury-rates.csv/2026/all?type=daily_treasury_yield_curve,2026-07-24T15:03:36+00:00,decimal_annual_par_yield
2026-06-26,365,0.039400,2026-07-24T15:03:36+00:00,2026-06-30,https://home.treasury.gov/resource-center/data-chart-center/interest-rates/daily-treasury-rates.csv/2026/all?type=daily_treasury_yield_curve,2026-07-24T15:03:36+00:00,decimal_annual_par_yield
2026-06-26,730,0.040700,2026-07-24T15:03:36+00:00,2026-06-30,https://home.treasury.gov/resource-center/data-chart-center/interest-rates/daily-treasury-rates.csv/2026/all?type=daily_treasury_yield_curve,2026-07-24T15:03:36+00:00,decimal_annual_par_yield
2026-06-25,30,0.037000,2026-07-24T15:03:36+00:00,2026-06-29,https://home.treasury.gov/resource-center/data-chart-center/interest-rates/daily-treasury-rates.csv/2026/all?type=daily_treasury_yield_curve,2026-07-24T15:03:36+00:00,decimal_annual_par_yield
2026-06-25,45,0.037100,2026-07-24T15:03:36+00:00,2026-06-29,https://home.treasury.gov/resource-center/data-chart-center/interest-rates/daily-treasury-rates.csv/2026/all?type=daily_treasury_yield_curve,2026-07-24T15:03:36+00:00,decimal_annual_par_yield
2026-06-25,61,0.037500,2026-07-24T15:03:36+00:00,2026-06-29,https://home.treasury.gov/resource-center/data-chart-center/interest-rates/daily-treasury-rates.csv/2026/all?type=daily_treasury_yield_curve,2026-07-24T15:03:36+00:00,decimal_annual_par_yield
2026-06-25,91,0.038400,2026-07-24T15:03:36+00:00,2026-06-29,https://home.treasury.gov/resource-center/data-chart-center/interest-rates/daily-treasury-rates.csv/2026/all?type=daily_treasury_yield_curve,2026-07-24T15:03:36+00:00,decimal_annual_par_yield
2026-06-25,121,0.039000,2026-07-24T15:03:36+00:00,2026-06-29,https://home.treasury.gov/resource-center/data-chart-center/interest-rates/daily-treasury-rates.csv/2026/all?type=daily_treasury_yield_curve,2026-07-24T15:03:36+00:00,decimal_annual_par_yield
2026-06-25,182,0.039500,2026-07-24T15:03:36+00:00,2026-06-29,https://home.treasury.gov/resource-center/data-chart-center/interest-rates/daily-treasury-rates.csv/2026/all?type=daily_treasury_yield_curve,2026-07-24T15:03:36+00:00,decimal_annual_par_yield
2026-06-25,365,0.039600,2026-07-24T15:03:36+00:00,2026-06-29,https://home.treasury.gov/resource-center/data-chart-center/interest-rates/daily-treasury-rates.csv/2026/all?type=daily_treasury_yield_curve,2026-07-24T15:03:36+00:00,decimal_annual_par_yield
2026-06-25,730,0.040900,2026-07-24T15:03:36+00:00,2026-06-29,https://home.treasury.gov/resource-center/data-chart-center/interest-rates/daily-treasury-rates.csv/2026/all?type=daily_treasury_yield_curve,2026-07-24T15:03:36+00:00,decimal_annual_par_yield
2026-06-24,30,0.036600,2026-07-24T15:03:36+00:00,2026-06-28,https://home.treasury.gov/resource-center/data-chart-center/interest-rates/daily-treasury-rates.csv/2026/all?type=daily_treasury_yield_curve,2026-07-24T15:03:36+00:00,decimal_annual_par_yield
2026-06-24,45,0.037100,2026-07-24T15:03:36+00:00,2026-06-28,https://home.treasury.gov/resource-center/data-chart-center/interest-rates/daily-treasury-rates.csv/2026/all?type=daily_treasury_yield_curve,2026-07-24T15:03:36+00:00,decimal_annual_par_yield
2026-06-24,61,0.037600,2026-07-24T15:03:36+00:00,2026-06-28,https://home.treasury.gov/resource-center/data-chart-center/interest-rates/daily-treasury-rates.csv/2026/all?type=daily_treasury_yield_curve,2026-07-24T15:03:36+00:00,decimal_annual_par_yield
2026-06-24,91,0.038500,2026-07-24T15:03:36+00:00,2026-06-28,https://home.treasury.gov/resource-center/data-chart-center/interest-rates/daily-treasury-rates.csv/2026/all?type=daily_treasury_yield_curve,2026-07-24T15:03:36+00:00,decimal_annual_par_yield
2026-06-24,121,0.039000,2026-07-24T15:03:36+00:00,2026-06-28,https://home.treasury.gov/resource-center/data-chart-center/interest-rates/daily-treasury-rates.csv/2026/all?type=daily_treasury_yield_curve,2026-07-24T15:03:36+00:00,decimal_annual_par_yield
2026-06-24,182,0.039500,2026-07-24T15:03:36+00:00,2026-06-28,https://home.treasury.gov/resource-center/data-chart-center/interest-rates/daily-treasury-rates.csv/2026/all?type=daily_treasury_yield_curve,2026-07-24T15:03:36+00:00,decimal_annual_par_yield
2026-06-24,365,0.039900,2026-07-24T15:03:36+00:00,2026-06-28,https://home.treasury.gov/resource-center/data-chart-center/interest-rates/daily-treasury-rates.csv/2026/all?type=daily_treasury_yield_curve,2026-07-24T15:03:36+00:00,decimal_annual_par_yield
2026-06-24,730,0.041100,2026-07-24T15:03:36+00:00,2026-06-28,https://home.treasury.gov/resource-center/data-chart-center/interest-rates/daily-treasury-rates.csv/2026/all?type=daily_treasury_yield_curve,2026-07-24T15:03:36+00:00,decimal_annual_par_yield
2026-06-23,30,0.036500,2026-07-24T15:03:36+00:00,2026-06-27,https://home.treasury.gov/resource-center/data-chart-center/interest-rates/daily-treasury-rates.csv/2026/all?type=daily_treasury_yield_curve,2026-07-24T15:03:36+00:00,decimal_annual_par_yield
2026-06-23,45,0.037100,2026-07-24T15:03:36+00:00,2026-06-27,https://home.treasury.gov/resource-center/data-chart-center/interest-rates/daily-treasury-rates.csv/2026/all?type=daily_treasury_yield_curve,2026-07-24T15:03:36+00:00,decimal_annual_par_yield
2026-06-23,61,0.037600,2026-07-24T15:03:36+00:00,2026-06-27,https://home.treasury.gov/resource-center/data-chart-center/interest-rates/daily-treasury-rates.csv/2026/all?type=daily_treasury_yield_curve,2026-07-24T15:03:36+00:00,decimal_annual_par_yield
2026-06-23,91,0.038500,2026-07-24T15:03:36+00:00,2026-06-27,https://home.treasury.gov/resource-center/data-chart-center/interest-rates/daily-treasury-rates.csv/2026/all?type=daily_treasury_yield_curve,2026-07-24T15:03:36+00:00,decimal_annual_par_yield
2026-06-23,121,0.038900,2026-07-24T15:03:36+00:00,2026-06-27,https://home.treasury.gov/resource-center/data-chart-center/interest-rates/daily-treasury-rates.csv/2026/all?type=daily_treasury_yield_curve,2026-07-24T15:03:36+00:00,decimal_annual_par_yield
2026-06-23,182,0.039600,2026-07-24T15:03:36+00:00,2026-06-27,https://home.treasury.gov/resource-center/data-chart-center/interest-rates/daily-treasury-rates.csv/2026/all?type=daily_treasury_yield_curve,2026-07-24T15:03:36+00:00,decimal_annual_par_yield
2026-06-23,365,0.040100,2026-07-24T15:03:36+00:00,2026-06-27,https://home.treasury.gov/resource-center/data-chart-center/interest-rates/daily-treasury-rates.csv/2026/all?type=daily_treasury_yield_curve,2026-07-24T15:03:36+00:00,decimal_annual_par_yield
2026-06-23,730,0.041600,2026-07-24T15:03:36+00:00,2026-06-27,https://home.treasury.gov/resource-center/data-chart-center/interest-rates/daily-treasury-rates.csv/2026/all?type=daily_treasury_yield_curve,2026-07-24T15:03:36+00:00,decimal_annual_par_yield
2026-06-22,30,0.036600,2026-07-24T15:03:36+00:00,2026-06-26,https://home.treasury.gov/resource-center/data-chart-center/interest-rates/daily-treasury-rates.csv/2026/all?type=daily_treasury_yield_curve,2026-07-24T15:03:36+00:00,decimal_annual_par_yield
2026-06-22,45,0.037100,2026-07-24T15:03:36+00:00,2026-06-26,https://home.treasury.gov/resource-center/data-chart-center/interest-rates/daily-treasury-rates.csv/2026/all?type=daily_treasury_yield_curve,2026-07-24T15:03:36+00:00,decimal_annual_par_yield
2026-06-22,61,0.037700,2026-07-24T15:03:36+00:00,2026-06-26,https://home.treasury.gov/resource-center/data-chart-center/interest-rates/daily-treasury-rates.csv/2026/all?type=daily_treasury_yield_curve,2026-07-24T15:03:36+00:00,decimal_annual_par_yield
2026-06-22,91,0.038500,2026-07-24T15:03:36+00:00,2026-06-26,https://home.treasury.gov/resource-center/data-chart-center/interest-rates/daily-treasury-rates.csv/2026/all?type=daily_treasury_yield_curve,2026-07-24T15:03:36+00:00,decimal_annual_par_yield
2026-06-22,121,0.038900,2026-07-24T15:03:36+00:00,2026-06-26,https://home.treasury.gov/resource-center/data-chart-center/interest-rates/daily-treasury-rates.csv/2026/all?type=daily_treasury_yield_curve,2026-07-24T15:03:36+00:00,decimal_annual_par_yield
2026-06-22,182,0.039800,2026-07-24T15:03:36+00:00,2026-06-26,https://home.treasury.gov/resource-center/data-chart-center/interest-rates/daily-treasury-rates.csv/2026/all?type=daily_treasury_yield_curve,2026-07-24T15:03:36+00:00,decimal_annual_par_yield
2026-06-22,365,0.040400,2026-07-24T15:03:36+00:00,2026-06-26,https://home.treasury.gov/resource-center/data-chart-center/interest-rates/daily-treasury-rates.csv/2026/all?type=daily_treasury_yield_curve,2026-07-24T15:03:36+00:00,decimal_annual_par_yield
2026-06-22,730,0.042400,2026-07-24T15:03:36+00:00,2026-06-26,https://home.treasury.gov/resource-center/data-chart-center/interest-rates/daily-treasury-rates.csv/2026/all?type=daily_treasury_yield_curve,2026-07-24T15:03:36+00:00,decimal_annual_par_yield
2026-06-18,30,0.036900,2026-07-24T15:03:36+00:00,2026-06-22,https://home.treasury.gov/resource-center/data-chart-center/interest-rates/daily-treasury-rates.csv/2026/all?type=daily_treasury_yield_curve,2026-07-24T15:03:36+00:00,decimal_annual_par_yield
2026-06-18,45,0.036900,2026-07-24T15:03:36+00:00,2026-06-22,https://home.treasury.gov/resource-center/data-chart-center/interest-rates/daily-treasury-rates.csv/2026/all?type=daily_treasury_yield_curve,2026-07-24T15:03:36+00:00,decimal_annual_par_yield
2026-06-18,61,0.037400,2026-07-24T15:03:36+00:00,2026-06-22,https://home.treasury.gov/resource-center/data-chart-center/interest-rates/daily-treasury-rates.csv/2026/all?type=daily_treasury_yield_curve,2026-07-24T15:03:36+00:00,decimal_annual_par_yield
2026-06-18,91,0.038300,2026-07-24T15:03:36+00:00,2026-06-22,https://home.treasury.gov/resource-center/data-chart-center/interest-rates/daily-treasury-rates.csv/2026/all?type=daily_treasury_yield_curve,2026-07-24T15:03:36+00:00,decimal_annual_par_yield
2026-06-18,121,0.038500,2026-07-24T15:03:36+00:00,2026-06-22,https://home.treasury.gov/resource-center/data-chart-center/interest-rates/daily-treasury-rates.csv/2026/all?type=daily_treasury_yield_curve,2026-07-24T15:03:36+00:00,decimal_annual_par_yield
2026-06-18,182,0.039200,2026-07-24T15:03:36+00:00,2026-06-22,https://home.treasury.gov/resource-center/data-chart-center/interest-rates/daily-treasury-rates.csv/2026/all?type=daily_treasury_yield_curve,2026-07-24T15:03:36+00:00,decimal_annual_par_yield
2026-06-18,365,0.040000,2026-07-24T15:03:36+00:00,2026-06-22,https://home.treasury.gov/resource-center/data-chart-center/interest-rates/daily-treasury-rates.csv/2026/all?type=daily_treasury_yield_curve,2026-07-24T15:03:36+00:00,decimal_annual_par_yield
2026-06-18,730,0.041900,2026-07-24T15:03:36+00:00,2026-06-22,https://home.treasury.gov/resource-center/data-chart-center/interest-rates/daily-treasury-rates.csv/2026/all?type=daily_treasury_yield_curve,2026-07-24T15:03:36+00:00,decimal_annual_par_yield
2026-06-17,30,0.036800,2026-07-24T15:03:36+00:00,2026-06-21,https://home.treasury.gov/resource-center/data-chart-center/interest-rates/daily-treasury-rates.csv/2026/all?type=daily_treasury_yield_curve,2026-07-24T15:03:36+00:00,decimal_annual_par_yield
2026-06-17,45,0.037000,2026-07-24T15:03:36+00:00,2026-06-21,https://home.treasury.gov/resource-center/data-chart-center/interest-rates/daily-treasury-rates.csv/2026/all?type=daily_treasury_yield_curve,2026-07-24T15:03:36+00:00,decimal_annual_par_yield
2026-06-17,61,0.037400,2026-07-24T15:03:36+00:00,2026-06-21,https://home.treasury.gov/resource-center/data-chart-center/interest-rates/daily-treasury-rates.csv/2026/all?type=daily_treasury_yield_curve,2026-07-24T15:03:36+00:00,decimal_annual_par_yield
2026-06-17,91,0.038300,2026-07-24T15:03:36+00:00,2026-06-21,https://home.treasury.gov/resource-center/data-chart-center/interest-rates/daily-treasury-rates.csv/2026/all?type=daily_treasury_yield_curve,2026-07-24T15:03:36+00:00,decimal_annual_par_yield
2026-06-17,121,0.038500,2026-07-24T15:03:36+00:00,2026-06-21,https://home.treasury.gov/resource-center/data-chart-center/interest-rates/daily-treasury-rates.csv/2026/all?type=daily_treasury_yield_curve,2026-07-24T15:03:36+00:00,decimal_annual_par_yield
2026-06-17,182,0.039100,2026-07-24T15:03:36+00:00,2026-06-21,https://home.treasury.gov/resource-center/data-chart-center/interest-rates/daily-treasury-rates.csv/2026/all?type=daily_treasury_yield_curve,2026-07-24T15:03:36+00:00,decimal_annual_par_yield
2026-06-17,365,0.039800,2026-07-24T15:03:36+00:00,2026-06-21,https://home.treasury.gov/resource-center/data-chart-center/interest-rates/daily-treasury-rates.csv/2026/all?type=daily_treasury_yield_curve,2026-07-24T15:03:36+00:00,decimal_annual_par_yield
2026-06-17,730,0.042000,2026-07-24T15:03:36+00:00,2026-06-21,https://home.treasury.gov/resource-center/data-chart-center/interest-rates/daily-treasury-rates.csv/2026/all?type=daily_treasury_yield_curve,2026-07-24T15:03:36+00:00,decimal_annual_par_yield
2026-06-16,30,0.036700,2026-07-24T15:03:36+00:00,2026-06-20,https://home.treasury.gov/resource-center/data-chart-center/interest-rates/daily-treasury-rates.csv/2026/all?type=daily_treasury_yield_curve,2026-07-24T15:03:36+00:00,decimal_annual_par_yield
2026-06-16,45,0.036900,2026-07-24T15:03:36+00:00,2026-06-20,https://home.treasury.gov/resource-center/data-chart-center/interest-rates/daily-treasury-rates.csv/2026/all?type=daily_treasury_yield_curve,2026-07-24T15:03:36+00:00,decimal_annual_par_yield
2026-06-16,61,0.037100,2026-07-24T15:03:36+00:00,2026-06-20,https://home.treasury.gov/resource-center/data-chart-center/interest-rates/daily-treasury-rates.csv/2026/all?type=daily_treasury_yield_curve,2026-07-24T15:03:36+00:00,decimal_annual_par_yield
2026-06-16,91,0.037900,2026-07-24T15:03:36+00:00,2026-06-20,https://home.treasury.gov/resource-center/data-chart-center/interest-rates/daily-treasury-rates.csv/2026/all?type=daily_treasury_yield_curve,2026-07-24T15:03:36+00:00,decimal_annual_par_yield
2026-06-16,121,0.037900,2026-07-24T15:03:36+00:00,2026-06-20,https://home.treasury.gov/resource-center/data-chart-center/interest-rates/daily-treasury-rates.csv/2026/all?type=daily_treasury_yield_curve,2026-07-24T15:03:36+00:00,decimal_annual_par_yield
2026-06-16,182,0.038100,2026-07-24T15:03:36+00:00,2026-06-20,https://home.treasury.gov/resource-center/data-chart-center/interest-rates/daily-treasury-rates.csv/2026/all?type=daily_treasury_yield_curve,2026-07-24T15:03:36+00:00,decimal_annual_par_yield
2026-06-16,365,0.038400,2026-07-24T15:03:36+00:00,2026-06-20,https://home.treasury.gov/resource-center/data-chart-center/interest-rates/daily-treasury-rates.csv/2026/all?type=daily_treasury_yield_curve,2026-07-24T15:03:36+00:00,decimal_annual_par_yield
2026-06-16,730,0.040500,2026-07-24T15:03:36+00:00,2026-06-20,https://home.treasury.gov/resource-center/data-chart-center/interest-rates/daily-treasury-rates.csv/2026/all?type=daily_treasury_yield_curve,2026-07-24T15:03:36+00:00,decimal_annual_par_yield
2026-06-15,30,0.036900,2026-07-24T15:03:36+00:00,2026-06-19,https://home.treasury.gov/resource-center/data-chart-center/interest-rates/daily-treasury-rates.csv/2026/all?type=daily_treasury_yield_curve,2026-07-24T15:03:36+00:00,decimal_annual_par_yield
2026-06-15,45,0.037000,2026-07-24T15:03:36+00:00,2026-06-19,https://home.treasury.gov/resource-center/data-chart-center/interest-rates/daily-treasury-rates.csv/2026/all?type=daily_treasury_yield_curve,2026-07-24T15:03:36+00:00,decimal_annual_par_yield
2026-06-15,61,0.037100,2026-07-24T15:03:36+00:00,2026-06-19,https://home.treasury.gov/resource-center/data-chart-center/interest-rates/daily-treasury-rates.csv/2026/all?type=daily_treasury_yield_curve,2026-07-24T15:03:36+00:00,decimal_annual_par_yield
2026-06-15,91,0.037900,2026-07-24T15:03:36+00:00,2026-06-19,https://home.treasury.gov/resource-center/data-chart-center/interest-rates/daily-treasury-rates.csv/2026/all?type=daily_treasury_yield_curve,2026-07-24T15:03:36+00:00,decimal_annual_par_yield
2026-06-15,121,0.037900,2026-07-24T15:03:36+00:00,2026-06-19,https://home.treasury.gov/resource-center/data-chart-center/interest-rates/daily-treasury-rates.csv/2026/all?type=daily_treasury_yield_curve,2026-07-24T15:03:36+00:00,decimal_annual_par_yield
2026-06-15,182,0.038100,2026-07-24T15:03:36+00:00,2026-06-19,https://home.treasury.gov/resource-center/data-chart-center/interest-rates/daily-treasury-rates.csv/2026/all?type=daily_treasury_yield_curve,2026-07-24T15:03:36+00:00,decimal_annual_par_yield
2026-06-15,365,0.038400,2026-07-24T15:03:36+00:00,2026-06-19,https://home.treasury.gov/resource-center/data-chart-center/interest-rates/daily-treasury-rates.csv/2026/all?type=daily_treasury_yield_curve,2026-07-24T15:03:36+00:00,decimal_annual_par_yield
2026-06-15,730,0.040700,2026-07-24T15:03:36+00:00,2026-06-19,https://home.treasury.gov/resource-center/data-chart-center/interest-rates/daily-treasury-rates.csv/2026/all?type=daily_treasury_yield_curve,2026-07-24T15:03:36+00:00,decimal_annual_par_yield
2026-06-12,30,0.036900,2026-07-24T15:03:36+00:00,2026-06-16,https://home.treasury.gov/resource-center/data-chart-center/interest-rates/daily-treasury-rates.csv/2026/all?type=daily_treasury_yield_curve,2026-07-24T15:03:36+00:00,decimal_annual_par_yield
2026-06-12,45,0.037000,2026-07-24T15:03:36+00:00,2026-06-16,https://home.treasury.gov/resource-center/data-chart-center/interest-rates/daily-treasury-rates.csv/2026/all?type=daily_treasury_yield_curve,2026-07-24T15:03:36+00:00,decimal_annual_par_yield
2026-06-12,61,0.037000,2026-07-24T15:03:36+00:00,2026-06-16,https://home.treasury.gov/resource-center/data-chart-center/interest-rates/daily-treasury-rates.csv/2026/all?type=daily_treasury_yield_curve,2026-07-24T15:03:36+00:00,decimal_annual_par_yield
2026-06-12,91,0.037800,2026-07-24T15:03:36+00:00,2026-06-16,https://home.treasury.gov/resource-center/data-chart-center/interest-rates/daily-treasury-rates.csv/2026/all?type=daily_treasury_yield_curve,2026-07-24T15:03:36+00:00,decimal_annual_par_yield
2026-06-12,121,0.037900,2026-07-24T15:03:36+00:00,2026-06-16,https://home.treasury.gov/resource-center/data-chart-center/interest-rates/daily-treasury-rates.csv/2026/all?type=daily_treasury_yield_curve,2026-07-24T15:03:36+00:00,decimal_annual_par_yield
2026-06-12,182,0.038200,2026-07-24T15:03:36+00:00,2026-06-16,https://home.treasury.gov/resource-center/data-chart-center/interest-rates/daily-treasury-rates.csv/2026/all?type=daily_treasury_yield_curve,2026-07-24T15:03:36+00:00,decimal_annual_par_yield
2026-06-12,365,0.038600,2026-07-24T15:03:36+00:00,2026-06-16,https://home.treasury.gov/resource-center/data-chart-center/interest-rates/daily-treasury-rates.csv/2026/all?type=daily_treasury_yield_curve,2026-07-24T15:03:36+00:00,decimal_annual_par_yield
2026-06-12,730,0.040900,2026-07-24T15:03:36+00:00,2026-06-16,https://home.treasury.gov/resource-center/data-chart-center/interest-rates/daily-treasury-rates.csv/2026/all?type=daily_treasury_yield_curve,2026-07-24T15:03:36+00:00,decimal_annual_par_yield
2026-06-11,30,0.036900,2026-07-24T15:03:36+00:00,2026-06-15,https://home.treasury.gov/resource-center/data-chart-center/interest-rates/daily-treasury-rates.csv/2026/all?type=daily_treasury_yield_curve,2026-07-24T15:03:36+00:00,decimal_annual_par_yield
2026-06-11,45,0.036900,2026-07-24T15:03:36+00:00,2026-06-15,https://home.treasury.gov/resource-center/data-chart-center/interest-rates/daily-treasury-rates.csv/2026/all?type=daily_treasury_yield_curve,2026-07-24T15:03:36+00:00,decimal_annual_par_yield
2026-06-11,61,0.037000,2026-07-24T15:03:36+00:00,2026-06-15,https://home.treasury.gov/resource-center/data-chart-center/interest-rates/daily-treasury-rates.csv/2026/all?type=daily_treasury_yield_curve,2026-07-24T15:03:36+00:00,decimal_annual_par_yield
2026-06-11,91,0.037800,2026-07-24T15:03:36+00:00,2026-06-15,https://home.treasury.gov/resource-center/data-chart-center/interest-rates/daily-treasury-rates.csv/2026/all?type=daily_treasury_yield_curve,2026-07-24T15:03:36+00:00,decimal_annual_par_yield
2026-06-11,121,0.037900,2026-07-24T15:03:36+00:00,2026-06-15,https://home.treasury.gov/resource-center/data-chart-center/interest-rates/daily-treasury-rates.csv/2026/all?type=daily_treasury_yield_curve,2026-07-24T15:03:36+00:00,decimal_annual_par_yield
2026-06-11,182,0.038100,2026-07-24T15:03:36+00:00,2026-06-15,https://home.treasury.gov/resource-center/data-chart-center/interest-rates/daily-treasury-rates.csv/2026/all?type=daily_treasury_yield_curve,2026-07-24T15:03:36+00:00,decimal_annual_par_yield
2026-06-11,365,0.038500,2026-07-24T15:03:36+00:00,2026-06-15,https://home.treasury.gov/resource-center/data-chart-center/interest-rates/daily-treasury-rates.csv/2026/all?type=daily_treasury_yield_curve,2026-07-24T15:03:36+00:00,decimal_annual_par_yield
2026-06-11,730,0.040500,2026-07-24T15:03:36+00:00,2026-06-15,https://home.treasury.gov/resource-center/data-chart-center/interest-rates/daily-treasury-rates.csv/2026/all?type=daily_treasury_yield_curve,2026-07-24T15:03:36+00:00,decimal_annual_par_yield
2026-06-10,30,0.036900,2026-07-24T15:03:36+00:00,2026-06-14,https://home.treasury.gov/resource-center/data-chart-center/interest-rates/daily-treasury-rates.csv/2026/all?type=daily_treasury_yield_curve,2026-07-24T15:03:36+00:00,decimal_annual_par_yield
2026-06-10,45,0.037000,2026-07-24T15:03:36+00:00,2026-06-14,https://home.treasury.gov/resource-center/data-chart-center/interest-rates/daily-treasury-rates.csv/2026/all?type=daily_treasury_yield_curve,2026-07-24T15:03:36+00:00,decimal_annual_par_yield
2026-06-10,61,0.037200,2026-07-24T15:03:36+00:00,2026-06-14,https://home.treasury.gov/resource-center/data-chart-center/interest-rates/daily-treasury-rates.csv/2026/all?type=daily_treasury_yield_curve,2026-07-24T15:03:36+00:00,decimal_annual_par_yield
2026-06-10,91,0.037900,2026-07-24T15:03:36+00:00,2026-06-14,https://home.treasury.gov/resource-center/data-chart-center/interest-rates/daily-treasury-rates.csv/2026/all?type=daily_treasury_yield_curve,2026-07-24T15:03:36+00:00,decimal_annual_par_yield
2026-06-10,121,0.038000,2026-07-24T15:03:36+00:00,2026-06-14,https://home.treasury.gov/resource-center/data-chart-center/interest-rates/daily-treasury-rates.csv/2026/all?type=daily_treasury_yield_curve,2026-07-24T15:03:36+00:00,decimal_annual_par_yield
2026-06-10,182,0.038200,2026-07-24T15:03:36+00:00,2026-06-14,https://home.treasury.gov/resource-center/data-chart-center/interest-rates/daily-treasury-rates.csv/2026/all?type=daily_treasury_yield_curve,2026-07-24T15:03:36+00:00,decimal_annual_par_yield
2026-06-10,365,0.039000,2026-07-24T15:03:36+00:00,2026-06-14,https://home.treasury.gov/resource-center/data-chart-center/interest-rates/daily-treasury-rates.csv/2026/all?type=daily_treasury_yield_curve,2026-07-24T15:03:36+00:00,decimal_annual_par_yield
2026-06-10,730,0.041300,2026-07-24T15:03:36+00:00,2026-06-14,https://home.treasury.gov/resource-center/data-chart-center/interest-rates/daily-treasury-rates.csv/2026/all?type=daily_treasury_yield_curve,2026-07-24T15:03:36+00:00,decimal_annual_par_yield
2026-06-09,30,0.036900,2026-07-24T15:03:36+00:00,2026-06-13,https://home.treasury.gov/resource-center/data-chart-center/interest-rates/daily-treasury-rates.csv/2026/all?type=daily_treasury_yield_curve,2026-07-24T15:03:36+00:00,decimal_annual_par_yield
2026-06-09,45,0.036900,2026-07-24T15:03:36+00:00,2026-06-13,https://home.treasury.gov/resource-center/data-chart-center/interest-rates/daily-treasury-rates.csv/2026/all?type=daily_treasury_yield_curve,2026-07-24T15:03:36+00:00,decimal_annual_par_yield
2026-06-09,61,0.037100,2026-07-24T15:03:36+00:00,2026-06-13,https://home.treasury.gov/resource-center/data-chart-center/interest-rates/daily-treasury-rates.csv/2026/all?type=daily_treasury_yield_curve,2026-07-24T15:03:36+00:00,decimal_annual_par_yield
2026-06-09,91,0.037900,2026-07-24T15:03:36+00:00,2026-06-13,https://home.treasury.gov/resource-center/data-chart-center/interest-rates/daily-treasury-rates.csv/2026/all?type=daily_treasury_yield_curve,2026-07-24T15:03:36+00:00,decimal_annual_par_yield
2026-06-09,121,0.037900,2026-07-24T15:03:36+00:00,2026-06-13,https://home.treasury.gov/resource-center/data-chart-center/interest-rates/daily-treasury-rates.csv/2026/all?type=daily_treasury_yield_curve,2026-07-24T15:03:36+00:00,decimal_annual_par_yield
2026-06-09,182,0.038200,2026-07-24T15:03:36+00:00,2026-06-13,https://home.treasury.gov/resource-center/data-chart-center/interest-rates/daily-treasury-rates.csv/2026/all?type=daily_treasury_yield_curve,2026-07-24T15:03:36+00:00,decimal_annual_par_yield
2026-06-09,365,0.039000,2026-07-24T15:03:36+00:00,2026-06-13,https://home.treasury.gov/resource-center/data-chart-center/interest-rates/daily-treasury-rates.csv/2026/all?type=daily_treasury_yield_curve,2026-07-24T15:03:36+00:00,decimal_annual_par_yield
2026-06-09,730,0.041300,2026-07-24T15:03:36+00:00,2026-06-13,https://home.treasury.gov/resource-center/data-chart-center/interest-rates/daily-treasury-rates.csv/2026/all?type=daily_treasury_yield_curve,2026-07-24T15:03:36+00:00,decimal_annual_par_yield
2026-06-08,30,0.037000,2026-07-24T15:03:36+00:00,2026-06-12,https://home.treasury.gov/resource-center/data-chart-center/interest-rates/daily-treasury-rates.csv/2026/all?type=daily_treasury_yield_curve,2026-07-24T15:03:36+00:00,decimal_annual_par_yield
2026-06-08,45,0.037000,2026-07-24T15:03:36+00:00,2026-06-12,https://home.treasury.gov/resource-center/data-chart-center/interest-rates/daily-treasury-rates.csv/2026/all?type=daily_treasury_yield_curve,2026-07-24T15:03:36+00:00,decimal_annual_par_yield
2026-06-08,61,0.037100,2026-07-24T15:03:36+00:00,2026-06-12,https://home.treasury.gov/resource-center/data-chart-center/interest-rates/daily-treasury-rates.csv/2026/all?type=daily_treasury_yield_curve,2026-07-24T15:03:36+00:00,decimal_annual_par_yield
2026-06-08,91,0.038000,2026-07-24T15:03:36+00:00,2026-06-12,https://home.treasury.gov/resource-center/data-chart-center/interest-rates/daily-treasury-rates.csv/2026/all?type=daily_treasury_yield_curve,2026-07-24T15:03:36+00:00,decimal_annual_par_yield
2026-06-08,121,0.037900,2026-07-24T15:03:36+00:00,2026-06-12,https://home.treasury.gov/resource-center/data-chart-center/interest-rates/daily-treasury-rates.csv/2026/all?type=daily_treasury_yield_curve,2026-07-24T15:03:36+00:00,decimal_annual_par_yield
2026-06-08,182,0.038300,2026-07-24T15:03:36+00:00,2026-06-12,https://home.treasury.gov/resource-center/data-chart-center/interest-rates/daily-treasury-rates.csv/2026/all?type=daily_treasury_yield_curve,2026-07-24T15:03:36+00:00,decimal_annual_par_yield
2026-06-08,365,0.038500,2026-07-24T15:03:36+00:00,2026-06-12,https://home.treasury.gov/resource-center/data-chart-center/interest-rates/daily-treasury-rates.csv/2026/all?type=daily_treasury_yield_curve,2026-07-24T15:03:36+00:00,decimal_annual_par_yield
2026-06-08,730,0.041500,2026-07-24T15:03:36+00:00,2026-06-12,https://home.treasury.gov/resource-center/data-chart-center/interest-rates/daily-treasury-rates.csv/2026/all?type=daily_treasury_yield_curve,2026-07-24T15:03:36+00:00,decimal_annual_par_yield
2026-06-05,30,0.037100,2026-07-24T15:03:36+00:00,2026-06-09,https://home.treasury.gov/resource-center/data-chart-center/interest-rates/daily-treasury-rates.csv/2026/all?type=daily_treasury_yield_curve,2026-07-24T15:03:36+00:00,decimal_annual_par_yield
2026-06-05,45,0.037100,2026-07-24T15:03:36+00:00,2026-06-09,https://home.treasury.gov/resource-center/data-chart-center/interest-rates/daily-treasury-rates.csv/2026/all?type=daily_treasury_yield_curve,2026-07-24T15:03:36+00:00,decimal_annual_par_yield
2026-06-05,61,0.037100,2026-07-24T15:03:36+00:00,2026-06-09,https://home.treasury.gov/resource-center/data-chart-center/interest-rates/daily-treasury-rates.csv/2026/all?type=daily_treasury_yield_curve,2026-07-24T15:03:36+00:00,decimal_annual_par_yield
2026-06-05,91,0.037800,2026-07-24T15:03:36+00:00,2026-06-09,https://home.treasury.gov/resource-center/data-chart-center/interest-rates/daily-treasury-rates.csv/2026/all?type=daily_treasury_yield_curve,2026-07-24T15:03:36+00:00,decimal_annual_par_yield
2026-06-05,121,0.037800,2026-07-24T15:03:36+00:00,2026-06-09,https://home.treasury.gov/resource-center/data-chart-center/interest-rates/daily-treasury-rates.csv/2026/all?type=daily_treasury_yield_curve,2026-07-24T15:03:36+00:00,decimal_annual_par_yield
2026-06-05,182,0.038100,2026-07-24T15:03:36+00:00,2026-06-09,https://home.treasury.gov/resource-center/data-chart-center/interest-rates/daily-treasury-rates.csv/2026/all?type=daily_treasury_yield_curve,2026-07-24T15:03:36+00:00,decimal_annual_par_yield
2026-06-05,365,0.038800,2026-07-24T15:03:36+00:00,2026-06-09,https://home.treasury.gov/resource-center/data-chart-center/interest-rates/daily-treasury-rates.csv/2026/all?type=daily_treasury_yield_curve,2026-07-24T15:03:36+00:00,decimal_annual_par_yield
2026-06-05,730,0.041700,2026-07-24T15:03:36+00:00,2026-06-09,https://home.treasury.gov/resource-center/data-chart-center/interest-rates/daily-treasury-rates.csv/2026/all?type=daily_treasury_yield_curve,2026-07-24T15:03:36+00:00,decimal_annual_par_yield
2026-06-04,30,0.037100,2026-07-24T15:03:36+00:00,2026-06-08,https://home.treasury.gov/resource-center/data-chart-center/interest-rates/daily-treasury-rates.csv/2026/all?type=daily_treasury_yield_curve,2026-07-24T15:03:36+00:00,decimal_annual_par_yield
2026-06-04,45,0.037000,2026-07-24T15:03:36+00:00,2026-06-08,https://home.treasury.gov/resource-center/data-chart-center/interest-rates/daily-treasury-rates.csv/2026/all?type=daily_treasury_yield_curve,2026-07-24T15:03:36+00:00,decimal_annual_par_yield
2026-06-04,61,0.037000,2026-07-24T15:03:36+00:00,2026-06-08,https://home.treasury.gov/resource-center/data-chart-center/interest-rates/daily-treasury-rates.csv/2026/all?type=daily_treasury_yield_curve,2026-07-24T15:03:36+00:00,decimal_annual_par_yield
2026-06-04,91,0.037800,2026-07-24T15:03:36+00:00,2026-06-08,https://home.treasury.gov/resource-center/data-chart-center/interest-rates/daily-treasury-rates.csv/2026/all?type=daily_treasury_yield_curve,2026-07-24T15:03:36+00:00,decimal_annual_par_yield
2026-06-04,121,0.037600,2026-07-24T15:03:36+00:00,2026-06-08,https://home.treasury.gov/resource-center/data-chart-center/interest-rates/daily-treasury-rates.csv/2026/all?type=daily_treasury_yield_curve,2026-07-24T15:03:36+00:00,decimal_annual_par_yield
2026-06-04,182,0.037800,2026-07-24T15:03:36+00:00,2026-06-08,https://home.treasury.gov/resource-center/data-chart-center/interest-rates/daily-treasury-rates.csv/2026/all?type=daily_treasury_yield_curve,2026-07-24T15:03:36+00:00,decimal_annual_par_yield
2026-06-04,365,0.038200,2026-07-24T15:03:36+00:00,2026-06-08,https://home.treasury.gov/resource-center/data-chart-center/interest-rates/daily-treasury-rates.csv/2026/all?type=daily_treasury_yield_curve,2026-07-24T15:03:36+00:00,decimal_annual_par_yield
2026-06-04,730,0.040500,2026-07-24T15:03:36+00:00,2026-06-08,https://home.treasury.gov/resource-center/data-chart-center/interest-rates/daily-treasury-rates.csv/2026/all?type=daily_treasury_yield_curve,2026-07-24T15:03:36+00:00,decimal_annual_par_yield
2026-06-03,30,0.037100,2026-07-24T15:03:36+00:00,2026-06-07,https://home.treasury.gov/resource-center/data-chart-center/interest-rates/daily-treasury-rates.csv/2026/all?type=daily_treasury_yield_curve,2026-07-24T15:03:36+00:00,decimal_annual_par_yield
2026-06-03,45,0.037100,2026-07-24T15:03:36+00:00,2026-06-07,https://home.treasury.gov/resource-center/data-chart-center/interest-rates/daily-treasury-rates.csv/2026/all?type=daily_treasury_yield_curve,2026-07-24T15:03:36+00:00,decimal_annual_par_yield
2026-06-03,61,0.037200,2026-07-24T15:03:36+00:00,2026-06-07,https://home.treasury.gov/resource-center/data-chart-center/interest-rates/daily-treasury-rates.csv/2026/all?type=daily_treasury_yield_curve,2026-07-24T15:03:36+00:00,decimal_annual_par_yield
2026-06-03,91,0.037800,2026-07-24T15:03:36+00:00,2026-06-07,https://home.treasury.gov/resource-center/data-chart-center/interest-rates/daily-treasury-rates.csv/2026/all?type=daily_treasury_yield_curve,2026-07-24T15:03:36+00:00,decimal_annual_par_yield
2026-06-03,121,0.037700,2026-07-24T15:03:36+00:00,2026-06-07,https://home.treasury.gov/resource-center/data-chart-center/interest-rates/daily-treasury-rates.csv/2026/all?type=daily_treasury_yield_curve,2026-07-24T15:03:36+00:00,decimal_annual_par_yield
2026-06-03,182,0.037800,2026-07-24T15:03:36+00:00,2026-06-07,https://home.treasury.gov/resource-center/data-chart-center/interest-rates/daily-treasury-rates.csv/2026/all?type=daily_treasury_yield_curve,2026-07-24T15:03:36+00:00,decimal_annual_par_yield
2026-06-03,365,0.038400,2026-07-24T15:03:36+00:00,2026-06-07,https://home.treasury.gov/resource-center/data-chart-center/interest-rates/daily-treasury-rates.csv/2026/all?type=daily_treasury_yield_curve,2026-07-24T15:03:36+00:00,decimal_annual_par_yield
2026-06-03,730,0.040800,2026-07-24T15:03:36+00:00,2026-06-07,https://home.treasury.gov/resource-center/data-chart-center/interest-rates/daily-treasury-rates.csv/2026/all?type=daily_treasury_yield_curve,2026-07-24T15:03:36+00:00,decimal_annual_par_yield
2026-06-02,30,0.037200,2026-07-24T15:03:36+00:00,2026-06-06,https://home.treasury.gov/resource-center/data-chart-center/interest-rates/daily-treasury-rates.csv/2026/all?type=daily_treasury_yield_curve,2026-07-24T15:03:36+00:00,decimal_annual_par_yield
2026-06-02,45,0.037100,2026-07-24T15:03:36+00:00,2026-06-06,https://home.treasury.gov/resource-center/data-chart-center/interest-rates/daily-treasury-rates.csv/2026/all?type=daily_treasury_yield_curve,2026-07-24T15:03:36+00:00,decimal_annual_par_yield
2026-06-02,61,0.037300,2026-07-24T15:03:36+00:00,2026-06-06,https://home.treasury.gov/resource-center/data-chart-center/interest-rates/daily-treasury-rates.csv/2026/all?type=daily_treasury_yield_curve,2026-07-24T15:03:36+00:00,decimal_annual_par_yield
2026-06-02,91,0.037700,2026-07-24T15:03:36+00:00,2026-06-06,https://home.treasury.gov/resource-center/data-chart-center/interest-rates/daily-treasury-rates.csv/2026/all?type=daily_treasury_yield_curve,2026-07-24T15:03:36+00:00,decimal_annual_par_yield
2026-06-02,121,0.037900,2026-07-24T15:03:36+00:00,2026-06-06,https://home.treasury.gov/resource-center/data-chart-center/interest-rates/daily-treasury-rates.csv/2026/all?type=daily_treasury_yield_curve,2026-07-24T15:03:36+00:00,decimal_annual_par_yield
2026-06-02,182,0.037800,2026-07-24T15:03:36+00:00,2026-06-06,https://home.treasury.gov/resource-center/data-chart-center/interest-rates/daily-treasury-rates.csv/2026/all?type=daily_treasury_yield_curve,2026-07-24T15:03:36+00:00,decimal_annual_par_yield
2026-06-02,365,0.038200,2026-07-24T15:03:36+00:00,2026-06-06,https://home.treasury.gov/resource-center/data-chart-center/interest-rates/daily-treasury-rates.csv/2026/all?type=daily_treasury_yield_curve,2026-07-24T15:03:36+00:00,decimal_annual_par_yield
2026-06-02,730,0.040500,2026-07-24T15:03:36+00:00,2026-06-06,https://home.treasury.gov/resource-center/data-chart-center/interest-rates/daily-treasury-rates.csv/2026/all?type=daily_treasury_yield_curve,2026-07-24T15:03:36+00:00,decimal_annual_par_yield
2026-06-01,30,0.037200,2026-07-24T15:03:36+00:00,2026-06-05,https://home.treasury.gov/resource-center/data-chart-center/interest-rates/daily-treasury-rates.csv/2026/all?type=daily_treasury_yield_curve,2026-07-24T15:03:36+00:00,decimal_annual_par_yield
2026-06-01,45,0.037100,2026-07-24T15:03:36+00:00,2026-06-05,https://home.treasury.gov/resource-center/data-chart-center/interest-rates/daily-treasury-rates.csv/2026/all?type=daily_treasury_yield_curve,2026-07-24T15:03:36+00:00,decimal_annual_par_yield
2026-06-01,61,0.037300,2026-07-24T15:03:36+00:00,2026-06-05,https://home.treasury.gov/resource-center/data-chart-center/interest-rates/daily-treasury-rates.csv/2026/all?type=daily_treasury_yield_curve,2026-07-24T15:03:36+00:00,decimal_annual_par_yield
2026-06-01,91,0.037800,2026-07-24T15:03:36+00:00,2026-06-05,https://home.treasury.gov/resource-center/data-chart-center/interest-rates/daily-treasury-rates.csv/2026/all?type=daily_treasury_yield_curve,2026-07-24T15:03:36+00:00,decimal_annual_par_yield
2026-06-01,121,0.038000,2026-07-24T15:03:36+00:00,2026-06-05,https://home.treasury.gov/resource-center/data-chart-center/interest-rates/daily-treasury-rates.csv/2026/all?type=daily_treasury_yield_curve,2026-07-24T15:03:36+00:00,decimal_annual_par_yield
2026-06-01,182,0.037900,2026-07-24T15:03:36+00:00,2026-06-05,https://home.treasury.gov/resource-center/data-chart-center/interest-rates/daily-treasury-rates.csv/2026/all?type=daily_treasury_yield_curve,2026-07-24T15:03:36+00:00,decimal_annual_par_yield
2026-06-01,365,0.038300,2026-07-24T15:03:36+00:00,2026-06-05,https://home.treasury.gov/resource-center/data-chart-center/interest-rates/daily-treasury-rates.csv/2026/all?type=daily_treasury_yield_curve,2026-07-24T15:03:36+00:00,decimal_annual_par_yield
2026-06-01,730,0.040500,2026-07-24T15:03:36+00:00,2026-06-05,https://home.treasury.gov/resource-center/data-chart-center/interest-rates/daily-treasury-rates.csv/2026/all?type=daily_treasury_yield_curve,2026-07-24T15:03:36+00:00,decimal_annual_par_yield
2026-05-29,30,0.037200,2026-07-24T15:03:36+00:00,2026-06-02,https://home.treasury.gov/resource-center/data-chart-center/interest-rates/daily-treasury-rates.csv/2026/all?type=daily_treasury_yield_curve,2026-07-24T15:03:36+00:00,decimal_annual_par_yield
2026-05-29,45,0.037100,2026-07-24T15:03:36+00:00,2026-06-02,https://home.treasury.gov/resource-center/data-chart-center/interest-rates/daily-treasury-rates.csv/2026/all?type=daily_treasury_yield_curve,2026-07-24T15:03:36+00:00,decimal_annual_par_yield
2026-05-29,61,0.037100,2026-07-24T15:03:36+00:00,2026-06-02,https://home.treasury.gov/resource-center/data-chart-center/interest-rates/daily-treasury-rates.csv/2026/all?type=daily_treasury_yield_curve,2026-07-24T15:03:36+00:00,decimal_annual_par_yield
2026-05-29,91,0.036900,2026-07-24T15:03:36+00:00,2026-06-02,https://home.treasury.gov/resource-center/data-chart-center/interest-rates/daily-treasury-rates.csv/2026/all?type=daily_treasury_yield_curve,2026-07-24T15:03:36+00:00,decimal_annual_par_yield
2026-05-29,121,0.037800,2026-07-24T15:03:36+00:00,2026-06-02,https://home.treasury.gov/resource-center/data-chart-center/interest-rates/daily-treasury-rates.csv/2026/all?type=daily_treasury_yield_curve,2026-07-24T15:03:36+00:00,decimal_annual_par_yield
2026-05-29,182,0.037800,2026-07-24T15:03:36+00:00,2026-06-02,https://home.treasury.gov/resource-center/data-chart-center/interest-rates/daily-treasury-rates.csv/2026/all?type=daily_treasury_yield_curve,2026-07-24T15:03:36+00:00,decimal_annual_par_yield
2026-05-29,365,0.037900,2026-07-24T15:03:36+00:00,2026-06-02,https://home.treasury.gov/resource-center/data-chart-center/interest-rates/daily-treasury-rates.csv/2026/all?type=daily_treasury_yield_curve,2026-07-24T15:03:36+00:00,decimal_annual_par_yield
2026-05-29,730,0.039800,2026-07-24T15:03:36+00:00,2026-06-02,https://home.treasury.gov/resource-center/data-chart-center/interest-rates/daily-treasury-rates.csv/2026/all?type=daily_treasury_yield_curve,2026-07-24T15:03:36+00:00,decimal_annual_par_yield
2026-05-28,30,0.037200,2026-07-24T15:03:36+00:00,2026-06-01,https://home.treasury.gov/resource-center/data-chart-center/interest-rates/daily-treasury-rates.csv/2026/all?type=daily_treasury_yield_curve,2026-07-24T15:03:36+00:00,decimal_annual_par_yield
2026-05-28,45,0.037100,2026-07-24T15:03:36+00:00,2026-06-01,https://home.treasury.gov/resource-center/data-chart-center/interest-rates/daily-treasury-rates.csv/2026/all?type=daily_treasury_yield_curve,2026-07-24T15:03:36+00:00,decimal_annual_par_yield
2026-05-28,61,0.037100,2026-07-24T15:03:36+00:00,2026-06-01,https://home.treasury.gov/resource-center/data-chart-center/interest-rates/daily-treasury-rates.csv/2026/all?type=daily_treasury_yield_curve,2026-07-24T15:03:36+00:00,decimal_annual_par_yield
2026-05-28,91,0.036900,2026-07-24T15:03:36+00:00,2026-06-01,https://home.treasury.gov/resource-center/data-chart-center/interest-rates/daily-treasury-rates.csv/2026/all?type=daily_treasury_yield_curve,2026-07-24T15:03:36+00:00,decimal_annual_par_yield
2026-05-28,121,0.037800,2026-07-24T15:03:36+00:00,2026-06-01,https://home.treasury.gov/resource-center/data-chart-center/interest-rates/daily-treasury-rates.csv/2026/all?type=daily_treasury_yield_curve,2026-07-24T15:03:36+00:00,decimal_annual_par_yield
2026-05-28,182,0.037900,2026-07-24T15:03:36+00:00,2026-06-01,https://home.treasury.gov/resource-center/data-chart-center/interest-rates/daily-treasury-rates.csv/2026/all?type=daily_treasury_yield_curve,2026-07-24T15:03:36+00:00,decimal_annual_par_yield
2026-05-28,365,0.038000,2026-07-24T15:03:36+00:00,2026-06-01,https://home.treasury.gov/resource-center/data-chart-center/interest-rates/daily-treasury-rates.csv/2026/all?type=daily_treasury_yield_curve,2026-07-24T15:03:36+00:00,decimal_annual_par_yield
2026-05-28,730,0.039900,2026-07-24T15:03:36+00:00,2026-06-01,https://home.treasury.gov/resource-center/data-chart-center/interest-rates/daily-treasury-rates.csv/2026/all?type=daily_treasury_yield_curve,2026-07-24T15:03:36+00:00,decimal_annual_par_yield
2026-05-27,30,0.037200,2026-07-24T15:03:36+00:00,2026-05-31,https://home.treasury.gov/resource-center/data-chart-center/interest-rates/daily-treasury-rates.csv/2026/all?type=daily_treasury_yield_curve,2026-07-24T15:03:36+00:00,decimal_annual_par_yield
2026-05-27,45,0.037000,2026-07-24T15:03:36+00:00,2026-05-31,https://home.treasury.gov/resource-center/data-chart-center/interest-rates/daily-treasury-rates.csv/2026/all?type=daily_treasury_yield_curve,2026-07-24T15:03:36+00:00,decimal_annual_par_yield
2026-05-27,61,0.036900,2026-07-24T15:03:36+00:00,2026-05-31,https://home.treasury.gov/resource-center/data-chart-center/interest-rates/daily-treasury-rates.csv/2026/all?type=daily_treasury_yield_curve,2026-07-24T15:03:36+00:00,decimal_annual_par_yield
2026-05-27,91,0.036800,2026-07-24T15:03:36+00:00,2026-05-31,https://home.treasury.gov/resource-center/data-chart-center/interest-rates/daily-treasury-rates.csv/2026/all?type=daily_treasury_yield_curve,2026-07-24T15:03:36+00:00,decimal_annual_par_yield
2026-05-27,121,0.037700,2026-07-24T15:03:36+00:00,2026-05-31,https://home.treasury.gov/resource-center/data-chart-center/interest-rates/daily-treasury-rates.csv/2026/all?type=daily_treasury_yield_curve,2026-07-24T15:03:36+00:00,decimal_annual_par_yield
2026-05-27,182,0.037900,2026-07-24T15:03:36+00:00,2026-05-31,https://home.treasury.gov/resource-center/data-chart-center/interest-rates/daily-treasury-rates.csv/2026/all?type=daily_treasury_yield_curve,2026-07-24T15:03:36+00:00,decimal_annual_par_yield
2026-05-27,365,0.038000,2026-07-24T15:03:36+00:00,2026-05-31,https://home.treasury.gov/resource-center/data-chart-center/interest-rates/daily-treasury-rates.csv/2026/all?type=daily_treasury_yield_curve,2026-07-24T15:03:36+00:00,decimal_annual_par_yield
2026-05-27,730,0.040000,2026-07-24T15:03:36+00:00,2026-05-31,https://home.treasury.gov/resource-center/data-chart-center/interest-rates/daily-treasury-rates.csv/2026/all?type=daily_treasury_yield_curve,2026-07-24T15:03:36+00:00,decimal_annual_par_yield
2026-05-26,30,0.037200,2026-07-24T15:03:36+00:00,2026-05-30,https://home.treasury.gov/resource-center/data-chart-center/interest-rates/daily-treasury-rates.csv/2026/all?type=daily_treasury_yield_curve,2026-07-24T15:03:36+00:00,decimal_annual_par_yield
2026-05-26,45,0.037000,2026-07-24T15:03:36+00:00,2026-05-30,https://home.treasury.gov/resource-center/data-chart-center/interest-rates/daily-treasury-rates.csv/2026/all?type=daily_treasury_yield_curve,2026-07-24T15:03:36+00:00,decimal_annual_par_yield
2026-05-26,61,0.036900,2026-07-24T15:03:36+00:00,2026-05-30,https://home.treasury.gov/resource-center/data-chart-center/interest-rates/daily-treasury-rates.csv/2026/all?type=daily_treasury_yield_curve,2026-07-24T15:03:36+00:00,decimal_annual_par_yield
2026-05-26,91,0.036800,2026-07-24T15:03:36+00:00,2026-05-30,https://home.treasury.gov/resource-center/data-chart-center/interest-rates/daily-treasury-rates.csv/2026/all?type=daily_treasury_yield_curve,2026-07-24T15:03:36+00:00,decimal_annual_par_yield
2026-05-26,121,0.037800,2026-07-24T15:03:36+00:00,2026-05-30,https://home.treasury.gov/resource-center/data-chart-center/interest-rates/daily-treasury-rates.csv/2026/all?type=daily_treasury_yield_curve,2026-07-24T15:03:36+00:00,decimal_annual_par_yield
2026-05-26,182,0.038000,2026-07-24T15:03:36+00:00,2026-05-30,https://home.treasury.gov/resource-center/data-chart-center/interest-rates/daily-treasury-rates.csv/2026/all?type=daily_treasury_yield_curve,2026-07-24T15:03:36+00:00,decimal_annual_par_yield
2026-05-26,365,0.038200,2026-07-24T15:03:36+00:00,2026-05-30,https://home.treasury.gov/resource-center/data-chart-center/interest-rates/daily-treasury-rates.csv/2026/all?type=daily_treasury_yield_curve,2026-07-24T15:03:36+00:00,decimal_annual_par_yield
2026-05-26,730,0.040100,2026-07-24T15:03:36+00:00,2026-05-30,https://home.treasury.gov/resource-center/data-chart-center/interest-rates/daily-treasury-rates.csv/2026/all?type=daily_treasury_yield_curve,2026-07-24T15:03:36+00:00,decimal_annual_par_yield
2026-05-22,30,0.037200,2026-07-24T15:03:36+00:00,2026-05-26,https://home.treasury.gov/resource-center/data-chart-center/interest-rates/daily-treasury-rates.csv/2026/all?type=daily_treasury_yield_curve,2026-07-24T15:03:36+00:00,decimal_annual_par_yield
2026-05-22,45,0.036900,2026-07-24T15:03:36+00:00,2026-05-26,https://home.treasury.gov/resource-center/data-chart-center/interest-rates/daily-treasury-rates.csv/2026/all?type=daily_treasury_yield_curve,2026-07-24T15:03:36+00:00,decimal_annual_par_yield
2026-05-22,61,0.036900,2026-07-24T15:03:36+00:00,2026-05-26,https://home.treasury.gov/resource-center/data-chart-center/interest-rates/daily-treasury-rates.csv/2026/all?type=daily_treasury_yield_curve,2026-07-24T15:03:36+00:00,decimal_annual_par_yield
2026-05-22,91,0.036800,2026-07-24T15:03:36+00:00,2026-05-26,https://home.treasury.gov/resource-center/data-chart-center/interest-rates/daily-treasury-rates.csv/2026/all?type=daily_treasury_yield_curve,2026-07-24T15:03:36+00:00,decimal_annual_par_yield
2026-05-22,121,0.037800,2026-07-24T15:03:36+00:00,2026-05-26,https://home.treasury.gov/resource-center/data-chart-center/interest-rates/daily-treasury-rates.csv/2026/all?type=daily_treasury_yield_curve,2026-07-24T15:03:36+00:00,decimal_annual_par_yield
2026-05-22,182,0.037900,2026-07-24T15:03:36+00:00,2026-05-26,https://home.treasury.gov/resource-center/data-chart-center/interest-rates/daily-treasury-rates.csv/2026/all?type=daily_treasury_yield_curve,2026-07-24T15:03:36+00:00,decimal_annual_par_yield
2026-05-22,365,0.038600,2026-07-24T15:03:36+00:00,2026-05-26,https://home.treasury.gov/resource-center/data-chart-center/interest-rates/daily-treasury-rates.csv/2026/all?type=daily_treasury_yield_curve,2026-07-24T15:03:36+00:00,decimal_annual_par_yield
2026-05-22,730,0.041300,2026-07-24T15:03:36+00:00,2026-05-26,https://home.treasury.gov/resource-center/data-chart-center/interest-rates/daily-treasury-rates.csv/2026/all?type=daily_treasury_yield_curve,2026-07-24T15:03:36+00:00,decimal_annual_par_yield
2026-05-21,30,0.037200,2026-07-24T15:03:36+00:00,2026-05-25,https://home.treasury.gov/resource-center/data-chart-center/interest-rates/daily-treasury-rates.csv/2026/all?type=daily_treasury_yield_curve,2026-07-24T15:03:36+00:00,decimal_annual_par_yield
2026-05-21,45,0.036800,2026-07-24T15:03:36+00:00,2026-05-25,https://home.treasury.gov/resource-center/data-chart-center/interest-rates/daily-treasury-rates.csv/2026/all?type=daily_treasury_yield_curve,2026-07-24T15:03:36+00:00,decimal_annual_par_yield
2026-05-21,61,0.036900,2026-07-24T15:03:36+00:00,2026-05-25,https://home.treasury.gov/resource-center/data-chart-center/interest-rates/daily-treasury-rates.csv/2026/all?type=daily_treasury_yield_curve,2026-07-24T15:03:36+00:00,decimal_annual_par_yield
2026-05-21,91,0.036800,2026-07-24T15:03:36+00:00,2026-05-25,https://home.treasury.gov/resource-center/data-chart-center/interest-rates/daily-treasury-rates.csv/2026/all?type=daily_treasury_yield_curve,2026-07-24T15:03:36+00:00,decimal_annual_par_yield
2026-05-21,121,0.037600,2026-07-24T15:03:36+00:00,2026-05-25,https://home.treasury.gov/resource-center/data-chart-center/interest-rates/daily-treasury-rates.csv/2026/all?type=daily_treasury_yield_curve,2026-07-24T15:03:36+00:00,decimal_annual_par_yield
2026-05-21,182,0.037800,2026-07-24T15:03:36+00:00,2026-05-25,https://home.treasury.gov/resource-center/data-chart-center/interest-rates/daily-treasury-rates.csv/2026/all?type=daily_treasury_yield_curve,2026-07-24T15:03:36+00:00,decimal_annual_par_yield
2026-05-21,365,0.038300,2026-07-24T15:03:36+00:00,2026-05-25,https://home.treasury.gov/resource-center/data-chart-center/interest-rates/daily-treasury-rates.csv/2026/all?type=daily_treasury_yield_curve,2026-07-24T15:03:36+00:00,decimal_annual_par_yield
2026-05-21,730,0.040800,2026-07-24T15:03:36+00:00,2026-05-25,https://home.treasury.gov/resource-center/data-chart-center/interest-rates/daily-treasury-rates.csv/2026/all?type=daily_treasury_yield_curve,2026-07-24T15:03:36+00:00,decimal_annual_par_yield
2026-05-20,30,0.036500,2026-07-24T15:03:36+00:00,2026-05-24,https://home.treasury.gov/resource-center/data-chart-center/interest-rates/daily-treasury-rates.csv/2026/all?type=daily_treasury_yield_curve,2026-07-24T15:03:36+00:00,decimal_annual_par_yield
2026-05-20,45,0.036500,2026-07-24T15:03:36+00:00,2026-05-24,https://home.treasury.gov/resource-center/data-chart-center/interest-rates/daily-treasury-rates.csv/2026/all?type=daily_treasury_yield_curve,2026-07-24T15:03:36+00:00,decimal_annual_par_yield
2026-05-20,61,0.036500,2026-07-24T15:03:36+00:00,2026-05-24,https://home.treasury.gov/resource-center/data-chart-center/interest-rates/daily-treasury-rates.csv/2026/all?type=daily_treasury_yield_curve,2026-07-24T15:03:36+00:00,decimal_annual_par_yield
2026-05-20,91,0.036500,2026-07-24T15:03:36+00:00,2026-05-24,https://home.treasury.gov/resource-center/data-chart-center/interest-rates/daily-treasury-rates.csv/2026/all?type=daily_treasury_yield_curve,2026-07-24T15:03:36+00:00,decimal_annual_par_yield
2026-05-20,121,0.037400,2026-07-24T15:03:36+00:00,2026-05-24,https://home.treasury.gov/resource-center/data-chart-center/interest-rates/daily-treasury-rates.csv/2026/all?type=daily_treasury_yield_curve,2026-07-24T15:03:36+00:00,decimal_annual_par_yield
2026-05-20,182,0.037500,2026-07-24T15:03:36+00:00,2026-05-24,https://home.treasury.gov/resource-center/data-chart-center/interest-rates/daily-treasury-rates.csv/2026/all?type=daily_treasury_yield_curve,2026-07-24T15:03:36+00:00,decimal_annual_par_yield
2026-05-20,365,0.037900,2026-07-24T15:03:36+00:00,2026-05-24,https://home.treasury.gov/resource-center/data-chart-center/interest-rates/daily-treasury-rates.csv/2026/all?type=daily_treasury_yield_curve,2026-07-24T15:03:36+00:00,decimal_annual_par_yield
2026-05-20,730,0.040400,2026-07-24T15:03:36+00:00,2026-05-24,https://home.treasury.gov/resource-center/data-chart-center/interest-rates/daily-treasury-rates.csv/2026/all?type=daily_treasury_yield_curve,2026-07-24T15:03:36+00:00,decimal_annual_par_yield
2026-05-19,30,0.036600,2026-07-24T15:03:36+00:00,2026-05-23,https://home.treasury.gov/resource-center/data-chart-center/interest-rates/daily-treasury-rates.csv/2026/all?type=daily_treasury_yield_curve,2026-07-24T15:03:36+00:00,decimal_annual_par_yield
2026-05-19,45,0.036600,2026-07-24T15:03:36+00:00,2026-05-23,https://home.treasury.gov/resource-center/data-chart-center/interest-rates/daily-treasury-rates.csv/2026/all?type=daily_treasury_yield_curve,2026-07-24T15:03:36+00:00,decimal_annual_par_yield
2026-05-19,61,0.036600,2026-07-24T15:03:36+00:00,2026-05-23,https://home.treasury.gov/resource-center/data-chart-center/interest-rates/daily-treasury-rates.csv/2026/all?type=daily_treasury_yield_curve,2026-07-24T15:03:36+00:00,decimal_annual_par_yield
2026-05-19,91,0.036700,2026-07-24T15:03:36+00:00,2026-05-23,https://home.treasury.gov/resource-center/data-chart-center/interest-rates/daily-treasury-rates.csv/2026/all?type=daily_treasury_yield_curve,2026-07-24T15:03:36+00:00,decimal_annual_par_yield
2026-05-19,121,0.037500,2026-07-24T15:03:36+00:00,2026-05-23,https://home.treasury.gov/resource-center/data-chart-center/interest-rates/daily-treasury-rates.csv/2026/all?type=daily_treasury_yield_curve,2026-07-24T15:03:36+00:00,decimal_annual_par_yield
2026-05-19,182,0.037700,2026-07-24T15:03:36+00:00,2026-05-23,https://home.treasury.gov/resource-center/data-chart-center/interest-rates/daily-treasury-rates.csv/2026/all?type=daily_treasury_yield_curve,2026-07-24T15:03:36+00:00,decimal_annual_par_yield
2026-05-19,365,0.038300,2026-07-24T15:03:36+00:00,2026-05-23,https://home.treasury.gov/resource-center/data-chart-center/interest-rates/daily-treasury-rates.csv/2026/all?type=daily_treasury_yield_curve,2026-07-24T15:03:36+00:00,decimal_annual_par_yield
2026-05-19,730,0.041300,2026-07-24T15:03:36+00:00,2026-05-23,https://home.treasury.gov/resource-center/data-chart-center/interest-rates/daily-treasury-rates.csv/2026/all?type=daily_treasury_yield_curve,2026-07-24T15:03:36+00:00,decimal_annual_par_yield
2026-05-18,30,0.036900,2026-07-24T15:03:36+00:00,2026-05-22,https://home.treasury.gov/resource-center/data-chart-center/interest-rates/daily-treasury-rates.csv/2026/all?type=daily_treasury_yield_curve,2026-07-24T15:03:36+00:00,decimal_annual_par_yield
2026-05-18,45,0.036800,2026-07-24T15:03:36+00:00,2026-05-22,https://home.treasury.gov/resource-center/data-chart-center/interest-rates/daily-treasury-rates.csv/2026/all?type=daily_treasury_yield_curve,2026-07-24T15:03:36+00:00,decimal_annual_par_yield
2026-05-18,61,0.036800,2026-07-24T15:03:36+00:00,2026-05-22,https://home.treasury.gov/resource-center/data-chart-center/interest-rates/daily-treasury-rates.csv/2026/all?type=daily_treasury_yield_curve,2026-07-24T15:03:36+00:00,decimal_annual_par_yield
2026-05-18,91,0.036800,2026-07-24T15:03:36+00:00,2026-05-22,https://home.treasury.gov/resource-center/data-chart-center/interest-rates/daily-treasury-rates.csv/2026/all?type=daily_treasury_yield_curve,2026-07-24T15:03:36+00:00,decimal_annual_par_yield
2026-05-18,121,0.037600,2026-07-24T15:03:36+00:00,2026-05-22,https://home.treasury.gov/resource-center/data-chart-center/interest-rates/daily-treasury-rates.csv/2026/all?type=daily_treasury_yield_curve,2026-07-24T15:03:36+00:00,decimal_annual_par_yield
2026-05-18,182,0.037700,2026-07-24T15:03:36+00:00,2026-05-22,https://home.treasury.gov/resource-center/data-chart-center/interest-rates/daily-treasury-rates.csv/2026/all?type=daily_treasury_yield_curve,2026-07-24T15:03:36+00:00,decimal_annual_par_yield
2026-05-18,365,0.038100,2026-07-24T15:03:36+00:00,2026-05-22,https://home.treasury.gov/resource-center/data-chart-center/interest-rates/daily-treasury-rates.csv/2026/all?type=daily_treasury_yield_curve,2026-07-24T15:03:36+00:00,decimal_annual_par_yield
2026-05-18,730,0.040700,2026-07-24T15:03:36+00:00,2026-05-22,https://home.treasury.gov/resource-center/data-chart-center/interest-rates/daily-treasury-rates.csv/2026/all?type=daily_treasury_yield_curve,2026-07-24T15:03:36+00:00,decimal_annual_par_yield
2026-05-15,30,0.037100,2026-07-24T15:03:36+00:00,2026-05-19,https://home.treasury.gov/resource-center/data-chart-center/interest-rates/daily-treasury-rates.csv/2026/all?type=daily_treasury_yield_curve,2026-07-24T15:03:36+00:00,decimal_annual_par_yield
2026-05-15,45,0.037000,2026-07-24T15:03:36+00:00,2026-05-19,https://home.treasury.gov/resource-center/data-chart-center/interest-rates/daily-treasury-rates.csv/2026/all?type=daily_treasury_yield_curve,2026-07-24T15:03:36+00:00,decimal_annual_par_yield
2026-05-15,61,0.036900,2026-07-24T15:03:36+00:00,2026-05-19,https://home.treasury.gov/resource-center/data-chart-center/interest-rates/daily-treasury-rates.csv/2026/all?type=daily_treasury_yield_curve,2026-07-24T15:03:36+00:00,decimal_annual_par_yield
2026-05-15,91,0.036900,2026-07-24T15:03:36+00:00,2026-05-19,https://home.treasury.gov/resource-center/data-chart-center/interest-rates/daily-treasury-rates.csv/2026/all?type=daily_treasury_yield_curve,2026-07-24T15:03:36+00:00,decimal_annual_par_yield
2026-05-15,121,0.037600,2026-07-24T15:03:36+00:00,2026-05-19,https://home.treasury.gov/resource-center/data-chart-center/interest-rates/daily-treasury-rates.csv/2026/all?type=daily_treasury_yield_curve,2026-07-24T15:03:36+00:00,decimal_annual_par_yield
2026-05-15,182,0.037700,2026-07-24T15:03:36+00:00,2026-05-19,https://home.treasury.gov/resource-center/data-chart-center/interest-rates/daily-treasury-rates.csv/2026/all?type=daily_treasury_yield_curve,2026-07-24T15:03:36+00:00,decimal_annual_par_yield
2026-05-15,365,0.038200,2026-07-24T15:03:36+00:00,2026-05-19,https://home.treasury.gov/resource-center/data-chart-center/interest-rates/daily-treasury-rates.csv/2026/all?type=daily_treasury_yield_curve,2026-07-24T15:03:36+00:00,decimal_annual_par_yield
2026-05-15,730,0.040900,2026-07-24T15:03:36+00:00,2026-05-19,https://home.treasury.gov/resource-center/data-chart-center/interest-rates/daily-treasury-rates.csv/2026/all?type=daily_treasury_yield_curve,2026-07-24T15:03:36+00:00,decimal_annual_par_yield
2026-05-14,30,0.037200,2026-07-24T15:03:36+00:00,2026-05-18,https://home.treasury.gov/resource-center/data-chart-center/interest-rates/daily-treasury-rates.csv/2026/all?type=daily_treasury_yield_curve,2026-07-24T15:03:36+00:00,decimal_annual_par_yield
2026-05-14,45,0.037100,2026-07-24T15:03:36+00:00,2026-05-18,https://home.treasury.gov/resource-center/data-chart-center/interest-rates/daily-treasury-rates.csv/2026/all?type=daily_treasury_yield_curve,2026-07-24T15:03:36+00:00,decimal_annual_par_yield
2026-05-14,61,0.037000,2026-07-24T15:03:36+00:00,2026-05-18,https://home.treasury.gov/resource-center/data-chart-center/interest-rates/daily-treasury-rates.csv/2026/all?type=daily_treasury_yield_curve,2026-07-24T15:03:36+00:00,decimal_annual_par_yield
2026-05-14,91,0.036900,2026-07-24T15:03:36+00:00,2026-05-18,https://home.treasury.gov/resource-center/data-chart-center/interest-rates/daily-treasury-rates.csv/2026/all?type=daily_treasury_yield_curve,2026-07-24T15:03:36+00:00,decimal_annual_par_yield
2026-05-14,121,0.037600,2026-07-24T15:03:36+00:00,2026-05-18,https://home.treasury.gov/resource-center/data-chart-center/interest-rates/daily-treasury-rates.csv/2026/all?type=daily_treasury_yield_curve,2026-07-24T15:03:36+00:00,decimal_annual_par_yield
2026-05-14,182,0.037600,2026-07-24T15:03:36+00:00,2026-05-18,https://home.treasury.gov/resource-center/data-chart-center/interest-rates/daily-treasury-rates.csv/2026/all?type=daily_treasury_yield_curve,2026-07-24T15:03:36+00:00,decimal_annual_par_yield
2026-05-14,365,0.037900,2026-07-24T15:03:36+00:00,2026-05-18,https://home.treasury.gov/resource-center/data-chart-center/interest-rates/daily-treasury-rates.csv/2026/all?type=daily_treasury_yield_curve,2026-07-24T15:03:36+00:00,decimal_annual_par_yield
2026-05-14,730,0.040000,2026-07-24T15:03:36+00:00,2026-05-18,https://home.treasury.gov/resource-center/data-chart-center/interest-rates/daily-treasury-rates.csv/2026/all?type=daily_treasury_yield_curve,2026-07-24T15:03:36+00:00,decimal_annual_par_yield
2026-05-13,30,0.037100,2026-07-24T15:03:36+00:00,2026-05-17,https://home.treasury.gov/resource-center/data-chart-center/interest-rates/daily-treasury-rates.csv/2026/all?type=daily_treasury_yield_curve,2026-07-24T15:03:36+00:00,decimal_annual_par_yield
2026-05-13,45,0.037100,2026-07-24T15:03:36+00:00,2026-05-17,https://home.treasury.gov/resource-center/data-chart-center/interest-rates/daily-treasury-rates.csv/2026/all?type=daily_treasury_yield_curve,2026-07-24T15:03:36+00:00,decimal_annual_par_yield
2026-05-13,61,0.037000,2026-07-24T15:03:36+00:00,2026-05-17,https://home.treasury.gov/resource-center/data-chart-center/interest-rates/daily-treasury-rates.csv/2026/all?type=daily_treasury_yield_curve,2026-07-24T15:03:36+00:00,decimal_annual_par_yield
2026-05-13,91,0.036900,2026-07-24T15:03:36+00:00,2026-05-17,https://home.treasury.gov/resource-center/data-chart-center/interest-rates/daily-treasury-rates.csv/2026/all?type=daily_treasury_yield_curve,2026-07-24T15:03:36+00:00,decimal_annual_par_yield
2026-05-13,121,0.037600,2026-07-24T15:03:36+00:00,2026-05-17,https://home.treasury.gov/resource-center/data-chart-center/interest-rates/daily-treasury-rates.csv/2026/all?type=daily_treasury_yield_curve,2026-07-24T15:03:36+00:00,decimal_annual_par_yield
2026-05-13,182,0.037700,2026-07-24T15:03:36+00:00,2026-05-17,https://home.treasury.gov/resource-center/data-chart-center/interest-rates/daily-treasury-rates.csv/2026/all?type=daily_treasury_yield_curve,2026-07-24T15:03:36+00:00,decimal_annual_par_yield
2026-05-13,365,0.037900,2026-07-24T15:03:36+00:00,2026-05-17,https://home.treasury.gov/resource-center/data-chart-center/interest-rates/daily-treasury-rates.csv/2026/all?type=daily_treasury_yield_curve,2026-07-24T15:03:36+00:00,decimal_annual_par_yield
2026-05-13,730,0.039800,2026-07-24T15:03:36+00:00,2026-05-17,https://home.treasury.gov/resource-center/data-chart-center/interest-rates/daily-treasury-rates.csv/2026/all?type=daily_treasury_yield_curve,2026-07-24T15:03:36+00:00,decimal_annual_par_yield
2026-05-12,30,0.037100,2026-07-24T15:03:36+00:00,2026-05-16,https://home.treasury.gov/resource-center/data-chart-center/interest-rates/daily-treasury-rates.csv/2026/all?type=daily_treasury_yield_curve,2026-07-24T15:03:36+00:00,decimal_annual_par_yield
2026-05-12,45,0.037200,2026-07-24T15:03:36+00:00,2026-05-16,https://home.treasury.gov/resource-center/data-chart-center/interest-rates/daily-treasury-rates.csv/2026/all?type=daily_treasury_yield_curve,2026-07-24T15:03:36+00:00,decimal_annual_par_yield
2026-05-12,61,0.036900,2026-07-24T15:03:36+00:00,2026-05-16,https://home.treasury.gov/resource-center/data-chart-center/interest-rates/daily-treasury-rates.csv/2026/all?type=daily_treasury_yield_curve,2026-07-24T15:03:36+00:00,decimal_annual_par_yield
2026-05-12,91,0.037000,2026-07-24T15:03:36+00:00,2026-05-16,https://home.treasury.gov/resource-center/data-chart-center/interest-rates/daily-treasury-rates.csv/2026/all?type=daily_treasury_yield_curve,2026-07-24T15:03:36+00:00,decimal_annual_par_yield
2026-05-12,121,0.037700,2026-07-24T15:03:36+00:00,2026-05-16,https://home.treasury.gov/resource-center/data-chart-center/interest-rates/daily-treasury-rates.csv/2026/all?type=daily_treasury_yield_curve,2026-07-24T15:03:36+00:00,decimal_annual_par_yield
2026-05-12,182,0.037700,2026-07-24T15:03:36+00:00,2026-05-16,https://home.treasury.gov/resource-center/data-chart-center/interest-rates/daily-treasury-rates.csv/2026/all?type=daily_treasury_yield_curve,2026-07-24T15:03:36+00:00,decimal_annual_par_yield
2026-05-12,365,0.038000,2026-07-24T15:03:36+00:00,2026-05-16,https://home.treasury.gov/resource-center/data-chart-center/interest-rates/daily-treasury-rates.csv/2026/all?type=daily_treasury_yield_curve,2026-07-24T15:03:36+00:00,decimal_annual_par_yield
2026-05-12,730,0.040000,2026-07-24T15:03:36+00:00,2026-05-16,https://home.treasury.gov/resource-center/data-chart-center/interest-rates/daily-treasury-rates.csv/2026/all?type=daily_treasury_yield_curve,2026-07-24T15:03:36+00:00,decimal_annual_par_yield
2026-05-11,30,0.037100,2026-07-24T15:03:36+00:00,2026-05-15,https://home.treasury.gov/resource-center/data-chart-center/interest-rates/daily-treasury-rates.csv/2026/all?type=daily_treasury_yield_curve,2026-07-24T15:03:36+00:00,decimal_annual_par_yield
2026-05-11,45,0.037000,2026-07-24T15:03:36+00:00,2026-05-15,https://home.treasury.gov/resource-center/data-chart-center/interest-rates/daily-treasury-rates.csv/2026/all?type=daily_treasury_yield_curve,2026-07-24T15:03:36+00:00,decimal_annual_par_yield
2026-05-11,61,0.036900,2026-07-24T15:03:36+00:00,2026-05-15,https://home.treasury.gov/resource-center/data-chart-center/interest-rates/daily-treasury-rates.csv/2026/all?type=daily_treasury_yield_curve,2026-07-24T15:03:36+00:00,decimal_annual_par_yield
2026-05-11,91,0.037000,2026-07-24T15:03:36+00:00,2026-05-15,https://home.treasury.gov/resource-center/data-chart-center/interest-rates/daily-treasury-rates.csv/2026/all?type=daily_treasury_yield_curve,2026-07-24T15:03:36+00:00,decimal_annual_par_yield
2026-05-11,121,0.037700,2026-07-24T15:03:36+00:00,2026-05-15,https://home.treasury.gov/resource-center/data-chart-center/interest-rates/daily-treasury-rates.csv/2026/all?type=daily_treasury_yield_curve,2026-07-24T15:03:36+00:00,decimal_annual_par_yield
2026-05-11,182,0.037700,2026-07-24T15:03:36+00:00,2026-05-15,https://home.treasury.gov/resource-center/data-chart-center/interest-rates/daily-treasury-rates.csv/2026/all?type=daily_treasury_yield_curve,2026-07-24T15:03:36+00:00,decimal_annual_par_yield
2026-05-11,365,0.037900,2026-07-24T15:03:36+00:00,2026-05-15,https://home.treasury.gov/resource-center/data-chart-center/interest-rates/daily-treasury-rates.csv/2026/all?type=daily_treasury_yield_curve,2026-07-24T15:03:36+00:00,decimal_annual_par_yield
2026-05-11,730,0.039500,2026-07-24T15:03:36+00:00,2026-05-15,https://home.treasury.gov/resource-center/data-chart-center/interest-rates/daily-treasury-rates.csv/2026/all?type=daily_treasury_yield_curve,2026-07-24T15:03:36+00:00,decimal_annual_par_yield
2026-05-08,30,0.037100,2026-07-24T15:03:36+00:00,2026-05-12,https://home.treasury.gov/resource-center/data-chart-center/interest-rates/daily-treasury-rates.csv/2026/all?type=daily_treasury_yield_curve,2026-07-24T15:03:36+00:00,decimal_annual_par_yield
2026-05-08,45,0.037000,2026-07-24T15:03:36+00:00,2026-05-12,https://home.treasury.gov/resource-center/data-chart-center/interest-rates/daily-treasury-rates.csv/2026/all?type=daily_treasury_yield_curve,2026-07-24T15:03:36+00:00,decimal_annual_par_yield
2026-05-08,61,0.036800,2026-07-24T15:03:36+00:00,2026-05-12,https://home.treasury.gov/resource-center/data-chart-center/interest-rates/daily-treasury-rates.csv/2026/all?type=daily_treasury_yield_curve,2026-07-24T15:03:36+00:00,decimal_annual_par_yield
2026-05-08,91,0.036900,2026-07-24T15:03:36+00:00,2026-05-12,https://home.treasury.gov/resource-center/data-chart-center/interest-rates/daily-treasury-rates.csv/2026/all?type=daily_treasury_yield_curve,2026-07-24T15:03:36+00:00,decimal_annual_par_yield
2026-05-08,121,0.037500,2026-07-24T15:03:36+00:00,2026-05-12,https://home.treasury.gov/resource-center/data-chart-center/interest-rates/daily-treasury-rates.csv/2026/all?type=daily_treasury_yield_curve,2026-07-24T15:03:36+00:00,decimal_annual_par_yield
2026-05-08,182,0.037400,2026-07-24T15:03:36+00:00,2026-05-12,https://home.treasury.gov/resource-center/data-chart-center/interest-rates/daily-treasury-rates.csv/2026/all?type=daily_treasury_yield_curve,2026-07-24T15:03:36+00:00,decimal_annual_par_yield
2026-05-08,365,0.037500,2026-07-24T15:03:36+00:00,2026-05-12,https://home.treasury.gov/resource-center/data-chart-center/interest-rates/daily-treasury-rates.csv/2026/all?type=daily_treasury_yield_curve,2026-07-24T15:03:36+00:00,decimal_annual_par_yield
2026-05-08,730,0.039000,2026-07-24T15:03:36+00:00,2026-05-12,https://home.treasury.gov/resource-center/data-chart-center/interest-rates/daily-treasury-rates.csv/2026/all?type=daily_treasury_yield_curve,2026-07-24T15:03:36+00:00,decimal_annual_par_yield
2026-05-07,30,0.037200,2026-07-24T15:03:36+00:00,2026-05-11,https://home.treasury.gov/resource-center/data-chart-center/interest-rates/daily-treasury-rates.csv/2026/all?type=daily_treasury_yield_curve,2026-07-24T15:03:36+00:00,decimal_annual_par_yield
2026-05-07,45,0.037000,2026-07-24T15:03:36+00:00,2026-05-11,https://home.treasury.gov/resource-center/data-chart-center/interest-rates/daily-treasury-rates.csv/2026/all?type=daily_treasury_yield_curve,2026-07-24T15:03:36+00:00,decimal_annual_par_yield
2026-05-07,61,0.036900,2026-07-24T15:03:36+00:00,2026-05-11,https://home.treasury.gov/resource-center/data-chart-center/interest-rates/daily-treasury-rates.csv/2026/all?type=daily_treasury_yield_curve,2026-07-24T15:03:36+00:00,decimal_annual_par_yield
2026-05-07,91,0.036900,2026-07-24T15:03:36+00:00,2026-05-11,https://home.treasury.gov/resource-center/data-chart-center/interest-rates/daily-treasury-rates.csv/2026/all?type=daily_treasury_yield_curve,2026-07-24T15:03:36+00:00,decimal_annual_par_yield
2026-05-07,121,0.037500,2026-07-24T15:03:36+00:00,2026-05-11,https://home.treasury.gov/resource-center/data-chart-center/interest-rates/daily-treasury-rates.csv/2026/all?type=daily_treasury_yield_curve,2026-07-24T15:03:36+00:00,decimal_annual_par_yield
2026-05-07,182,0.037400,2026-07-24T15:03:36+00:00,2026-05-11,https://home.treasury.gov/resource-center/data-chart-center/interest-rates/daily-treasury-rates.csv/2026/all?type=daily_treasury_yield_curve,2026-07-24T15:03:36+00:00,decimal_annual_par_yield
2026-05-07,365,0.037600,2026-07-24T15:03:36+00:00,2026-05-11,https://home.treasury.gov/resource-center/data-chart-center/interest-rates/daily-treasury-rates.csv/2026/all?type=daily_treasury_yield_curve,2026-07-24T15:03:36+00:00,decimal_annual_par_yield
2026-05-07,730,0.039200,2026-07-24T15:03:36+00:00,2026-05-11,https://home.treasury.gov/resource-center/data-chart-center/interest-rates/daily-treasury-rates.csv/2026/all?type=daily_treasury_yield_curve,2026-07-24T15:03:36+00:00,decimal_annual_par_yield
2026-05-06,30,0.037000,2026-07-24T15:03:36+00:00,2026-05-10,https://home.treasury.gov/resource-center/data-chart-center/interest-rates/daily-treasury-rates.csv/2026/all?type=daily_treasury_yield_curve,2026-07-24T15:03:36+00:00,decimal_annual_par_yield
2026-05-06,45,0.037000,2026-07-24T15:03:36+00:00,2026-05-10,https://home.treasury.gov/resource-center/data-chart-center/interest-rates/daily-treasury-rates.csv/2026/all?type=daily_treasury_yield_curve,2026-07-24T15:03:36+00:00,decimal_annual_par_yield
2026-05-06,61,0.036900,2026-07-24T15:03:36+00:00,2026-05-10,https://home.treasury.gov/resource-center/data-chart-center/interest-rates/daily-treasury-rates.csv/2026/all?type=daily_treasury_yield_curve,2026-07-24T15:03:36+00:00,decimal_annual_par_yield
2026-05-06,91,0.036900,2026-07-24T15:03:36+00:00,2026-05-10,https://home.treasury.gov/resource-center/data-chart-center/interest-rates/daily-treasury-rates.csv/2026/all?type=daily_treasury_yield_curve,2026-07-24T15:03:36+00:00,decimal_annual_par_yield
2026-05-06,121,0.037500,2026-07-24T15:03:36+00:00,2026-05-10,https://home.treasury.gov/resource-center/data-chart-center/interest-rates/daily-treasury-rates.csv/2026/all?type=daily_treasury_yield_curve,2026-07-24T15:03:36+00:00,decimal_annual_par_yield
2026-05-06,182,0.037400,2026-07-24T15:03:36+00:00,2026-05-10,https://home.treasury.gov/resource-center/data-chart-center/interest-rates/daily-treasury-rates.csv/2026/all?type=daily_treasury_yield_curve,2026-07-24T15:03:36+00:00,decimal_annual_par_yield
2026-05-06,365,0.037300,2026-07-24T15:03:36+00:00,2026-05-10,https://home.treasury.gov/resource-center/data-chart-center/interest-rates/daily-treasury-rates.csv/2026/all?type=daily_treasury_yield_curve,2026-07-24T15:03:36+00:00,decimal_annual_par_yield
2026-05-06,730,0.038700,2026-07-24T15:03:36+00:00,2026-05-10,https://home.treasury.gov/resource-center/data-chart-center/interest-rates/daily-treasury-rates.csv/2026/all?type=daily_treasury_yield_curve,2026-07-24T15:03:36+00:00,decimal_annual_par_yield
2026-05-05,30,0.037000,2026-07-24T15:03:36+00:00,2026-05-09,https://home.treasury.gov/resource-center/data-chart-center/interest-rates/daily-treasury-rates.csv/2026/all?type=daily_treasury_yield_curve,2026-07-24T15:03:36+00:00,decimal_annual_par_yield
2026-05-05,45,0.037000,2026-07-24T15:03:36+00:00,2026-05-09,https://home.treasury.gov/resource-center/data-chart-center/interest-rates/daily-treasury-rates.csv/2026/all?type=daily_treasury_yield_curve,2026-07-24T15:03:36+00:00,decimal_annual_par_yield
2026-05-05,61,0.037000,2026-07-24T15:03:36+00:00,2026-05-09,https://home.treasury.gov/resource-center/data-chart-center/interest-rates/daily-treasury-rates.csv/2026/all?type=daily_treasury_yield_curve,2026-07-24T15:03:36+00:00,decimal_annual_par_yield
2026-05-05,91,0.036900,2026-07-24T15:03:36+00:00,2026-05-09,https://home.treasury.gov/resource-center/data-chart-center/interest-rates/daily-treasury-rates.csv/2026/all?type=daily_treasury_yield_curve,2026-07-24T15:03:36+00:00,decimal_annual_par_yield
2026-05-05,121,0.037500,2026-07-24T15:03:36+00:00,2026-05-09,https://home.treasury.gov/resource-center/data-chart-center/interest-rates/daily-treasury-rates.csv/2026/all?type=daily_treasury_yield_curve,2026-07-24T15:03:36+00:00,decimal_annual_par_yield
2026-05-05,182,0.037500,2026-07-24T15:03:36+00:00,2026-05-09,https://home.treasury.gov/resource-center/data-chart-center/interest-rates/daily-treasury-rates.csv/2026/all?type=daily_treasury_yield_curve,2026-07-24T15:03:36+00:00,decimal_annual_par_yield
2026-05-05,365,0.037700,2026-07-24T15:03:36+00:00,2026-05-09,https://home.treasury.gov/resource-center/data-chart-center/interest-rates/daily-treasury-rates.csv/2026/all?type=daily_treasury_yield_curve,2026-07-24T15:03:36+00:00,decimal_annual_par_yield
2026-05-05,730,0.039300,2026-07-24T15:03:36+00:00,2026-05-09,https://home.treasury.gov/resource-center/data-chart-center/interest-rates/daily-treasury-rates.csv/2026/all?type=daily_treasury_yield_curve,2026-07-24T15:03:36+00:00,decimal_annual_par_yield
2026-05-04,30,0.037100,2026-07-24T15:03:36+00:00,2026-05-08,https://home.treasury.gov/resource-center/data-chart-center/interest-rates/daily-treasury-rates.csv/2026/all?type=daily_treasury_yield_curve,2026-07-24T15:03:36+00:00,decimal_annual_par_yield
2026-05-04,45,0.037000,2026-07-24T15:03:36+00:00,2026-05-08,https://home.treasury.gov/resource-center/data-chart-center/interest-rates/daily-treasury-rates.csv/2026/all?type=daily_treasury_yield_curve,2026-07-24T15:03:36+00:00,decimal_annual_par_yield
2026-05-04,61,0.037000,2026-07-24T15:03:36+00:00,2026-05-08,https://home.treasury.gov/resource-center/data-chart-center/interest-rates/daily-treasury-rates.csv/2026/all?type=daily_treasury_yield_curve,2026-07-24T15:03:36+00:00,decimal_annual_par_yield
2026-05-04,91,0.037000,2026-07-24T15:03:36+00:00,2026-05-08,https://home.treasury.gov/resource-center/data-chart-center/interest-rates/daily-treasury-rates.csv/2026/all?type=daily_treasury_yield_curve,2026-07-24T15:03:36+00:00,decimal_annual_par_yield
2026-05-04,121,0.037600,2026-07-24T15:03:36+00:00,2026-05-08,https://home.treasury.gov/resource-center/data-chart-center/interest-rates/daily-treasury-rates.csv/2026/all?type=daily_treasury_yield_curve,2026-07-24T15:03:36+00:00,decimal_annual_par_yield
2026-05-04,182,0.037600,2026-07-24T15:03:36+00:00,2026-05-08,https://home.treasury.gov/resource-center/data-chart-center/interest-rates/daily-treasury-rates.csv/2026/all?type=daily_treasury_yield_curve,2026-07-24T15:03:36+00:00,decimal_annual_par_yield
2026-05-04,365,0.037800,2026-07-24T15:03:36+00:00,2026-05-08,https://home.treasury.gov/resource-center/data-chart-center/interest-rates/daily-treasury-rates.csv/2026/all?type=daily_treasury_yield_curve,2026-07-24T15:03:36+00:00,decimal_annual_par_yield
2026-05-04,730,0.039500,2026-07-24T15:03:36+00:00,2026-05-08,https://home.treasury.gov/resource-center/data-chart-center/interest-rates/daily-treasury-rates.csv/2026/all?type=daily_treasury_yield_curve,2026-07-24T15:03:36+00:00,decimal_annual_par_yield
2026-05-01,30,0.037100,2026-07-24T15:03:36+00:00,2026-05-05,https://home.treasury.gov/resource-center/data-chart-center/interest-rates/daily-treasury-rates.csv/2026/all?type=daily_treasury_yield_curve,2026-07-24T15:03:36+00:00,decimal_annual_par_yield
2026-05-01,45,0.037100,2026-07-24T15:03:36+00:00,2026-05-05,https://home.treasury.gov/resource-center/data-chart-center/interest-rates/daily-treasury-rates.csv/2026/all?type=daily_treasury_yield_curve,2026-07-24T15:03:36+00:00,decimal_annual_par_yield
2026-05-01,61,0.037000,2026-07-24T15:03:36+00:00,2026-05-05,https://home.treasury.gov/resource-center/data-chart-center/interest-rates/daily-treasury-rates.csv/2026/all?type=daily_treasury_yield_curve,2026-07-24T15:03:36+00:00,decimal_annual_par_yield
2026-05-01,91,0.036800,2026-07-24T15:03:36+00:00,2026-05-05,https://home.treasury.gov/resource-center/data-chart-center/interest-rates/daily-treasury-rates.csv/2026/all?type=daily_treasury_yield_curve,2026-07-24T15:03:36+00:00,decimal_annual_par_yield
2026-05-01,121,0.037600,2026-07-24T15:03:36+00:00,2026-05-05,https://home.treasury.gov/resource-center/data-chart-center/interest-rates/daily-treasury-rates.csv/2026/all?type=daily_treasury_yield_curve,2026-07-24T15:03:36+00:00,decimal_annual_par_yield
2026-05-01,182,0.037100,2026-07-24T15:03:36+00:00,2026-05-05,https://home.treasury.gov/resource-center/data-chart-center/interest-rates/daily-treasury-rates.csv/2026/all?type=daily_treasury_yield_curve,2026-07-24T15:03:36+00:00,decimal_annual_par_yield
2026-05-01,365,0.037300,2026-07-24T15:03:36+00:00,2026-05-05,https://home.treasury.gov/resource-center/data-chart-center/interest-rates/daily-treasury-rates.csv/2026/all?type=daily_treasury_yield_curve,2026-07-24T15:03:36+00:00,decimal_annual_par_yield
2026-05-01,730,0.038800,2026-07-24T15:03:36+00:00,2026-05-05,https://home.treasury.gov/resource-center/data-chart-center/interest-rates/daily-treasury-rates.csv/2026/all?type=daily_treasury_yield_curve,2026-07-24T15:03:36+00:00,decimal_annual_par_yield
2026-04-30,30,0.037200,2026-07-24T15:03:36+00:00,2026-05-04,https://home.treasury.gov/resource-center/data-chart-center/interest-rates/daily-treasury-rates.csv/2026/all?type=daily_treasury_yield_curve,2026-07-24T15:03:36+00:00,decimal_annual_par_yield
2026-04-30,45,0.037100,2026-07-24T15:03:36+00:00,2026-05-04,https://home.treasury.gov/resource-center/data-chart-center/interest-rates/daily-treasury-rates.csv/2026/all?type=daily_treasury_yield_curve,2026-07-24T15:03:36+00:00,decimal_annual_par_yield
2026-04-30,61,0.037100,2026-07-24T15:03:36+00:00,2026-05-04,https://home.treasury.gov/resource-center/data-chart-center/interest-rates/daily-treasury-rates.csv/2026/all?type=daily_treasury_yield_curve,2026-07-24T15:03:36+00:00,decimal_annual_par_yield
2026-04-30,91,0.036800,2026-07-24T15:03:36+00:00,2026-05-04,https://home.treasury.gov/resource-center/data-chart-center/interest-rates/daily-treasury-rates.csv/2026/all?type=daily_treasury_yield_curve,2026-07-24T15:03:36+00:00,decimal_annual_par_yield
2026-04-30,121,0.037600,2026-07-24T15:03:36+00:00,2026-05-04,https://home.treasury.gov/resource-center/data-chart-center/interest-rates/daily-treasury-rates.csv/2026/all?type=daily_treasury_yield_curve,2026-07-24T15:03:36+00:00,decimal_annual_par_yield
2026-04-30,182,0.037100,2026-07-24T15:03:36+00:00,2026-05-04,https://home.treasury.gov/resource-center/data-chart-center/interest-rates/daily-treasury-rates.csv/2026/all?type=daily_treasury_yield_curve,2026-07-24T15:03:36+00:00,decimal_annual_par_yield
2026-04-30,365,0.037200,2026-07-24T15:03:36+00:00,2026-05-04,https://home.treasury.gov/resource-center/data-chart-center/interest-rates/daily-treasury-rates.csv/2026/all?type=daily_treasury_yield_curve,2026-07-24T15:03:36+00:00,decimal_annual_par_yield
2026-04-30,730,0.038800,2026-07-24T15:03:36+00:00,2026-05-04,https://home.treasury.gov/resource-center/data-chart-center/interest-rates/daily-treasury-rates.csv/2026/all?type=daily_treasury_yield_curve,2026-07-24T15:03:36+00:00,decimal_annual_par_yield
2026-04-29,30,0.036800,2026-07-24T15:03:36+00:00,2026-05-03,https://home.treasury.gov/resource-center/data-chart-center/interest-rates/daily-treasury-rates.csv/2026/all?type=daily_treasury_yield_curve,2026-07-24T15:03:36+00:00,decimal_annual_par_yield
2026-04-29,45,0.037000,2026-07-24T15:03:36+00:00,2026-05-03,https://home.treasury.gov/resource-center/data-chart-center/interest-rates/daily-treasury-rates.csv/2026/all?type=daily_treasury_yield_curve,2026-07-24T15:03:36+00:00,decimal_annual_par_yield
2026-04-29,61,0.037200,2026-07-24T15:03:36+00:00,2026-05-03,https://home.treasury.gov/resource-center/data-chart-center/interest-rates/daily-treasury-rates.csv/2026/all?type=daily_treasury_yield_curve,2026-07-24T15:03:36+00:00,decimal_annual_par_yield
2026-04-29,91,0.036800,2026-07-24T15:03:36+00:00,2026-05-03,https://home.treasury.gov/resource-center/data-chart-center/interest-rates/daily-treasury-rates.csv/2026/all?type=daily_treasury_yield_curve,2026-07-24T15:03:36+00:00,decimal_annual_par_yield
2026-04-29,121,0.037700,2026-07-24T15:03:36+00:00,2026-05-03,https://home.treasury.gov/resource-center/data-chart-center/interest-rates/daily-treasury-rates.csv/2026/all?type=daily_treasury_yield_curve,2026-07-24T15:03:36+00:00,decimal_annual_par_yield
2026-04-29,182,0.037300,2026-07-24T15:03:36+00:00,2026-05-03,https://home.treasury.gov/resource-center/data-chart-center/interest-rates/daily-treasury-rates.csv/2026/all?type=daily_treasury_yield_curve,2026-07-24T15:03:36+00:00,decimal_annual_par_yield
2026-04-29,365,0.037500,2026-07-24T15:03:36+00:00,2026-05-03,https://home.treasury.gov/resource-center/data-chart-center/interest-rates/daily-treasury-rates.csv/2026/all?type=daily_treasury_yield_curve,2026-07-24T15:03:36+00:00,decimal_annual_par_yield
2026-04-29,730,0.039200,2026-07-24T15:03:36+00:00,2026-05-03,https://home.treasury.gov/resource-center/data-chart-center/interest-rates/daily-treasury-rates.csv/2026/all?type=daily_treasury_yield_curve,2026-07-24T15:03:36+00:00,decimal_annual_par_yield
2026-04-28,30,0.036800,2026-07-24T15:03:36+00:00,2026-05-02,https://home.treasury.gov/resource-center/data-chart-center/interest-rates/daily-treasury-rates.csv/2026/all?type=daily_treasury_yield_curve,2026-07-24T15:03:36+00:00,decimal_annual_par_yield
2026-04-28,45,0.037000,2026-07-24T15:03:36+00:00,2026-05-02,https://home.treasury.gov/resource-center/data-chart-center/interest-rates/daily-treasury-rates.csv/2026/all?type=daily_treasury_yield_curve,2026-07-24T15:03:36+00:00,decimal_annual_par_yield
2026-04-28,61,0.037200,2026-07-24T15:03:36+00:00,2026-05-02,https://home.treasury.gov/resource-center/data-chart-center/interest-rates/daily-treasury-rates.csv/2026/all?type=daily_treasury_yield_curve,2026-07-24T15:03:36+00:00,decimal_annual_par_yield
2026-04-28,91,0.036800,2026-07-24T15:03:36+00:00,2026-05-02,https://home.treasury.gov/resource-center/data-chart-center/interest-rates/daily-treasury-rates.csv/2026/all?type=daily_treasury_yield_curve,2026-07-24T15:03:36+00:00,decimal_annual_par_yield
2026-04-28,121,0.036900,2026-07-24T15:03:36+00:00,2026-05-02,https://home.treasury.gov/resource-center/data-chart-center/interest-rates/daily-treasury-rates.csv/2026/all?type=daily_treasury_yield_curve,2026-07-24T15:03:36+00:00,decimal_annual_par_yield
2026-04-28,182,0.037200,2026-07-24T15:03:36+00:00,2026-05-02,https://home.treasury.gov/resource-center/data-chart-center/interest-rates/daily-treasury-rates.csv/2026/all?type=daily_treasury_yield_curve,2026-07-24T15:03:36+00:00,decimal_annual_par_yield
2026-04-28,365,0.037100,2026-07-24T15:03:36+00:00,2026-05-02,https://home.treasury.gov/resource-center/data-chart-center/interest-rates/daily-treasury-rates.csv/2026/all?type=daily_treasury_yield_curve,2026-07-24T15:03:36+00:00,decimal_annual_par_yield
2026-04-28,730,0.038400,2026-07-24T15:03:36+00:00,2026-05-02,https://home.treasury.gov/resource-center/data-chart-center/interest-rates/daily-treasury-rates.csv/2026/all?type=daily_treasury_yield_curve,2026-07-24T15:03:36+00:00,decimal_annual_par_yield
2026-04-27,30,0.037000,2026-07-24T15:03:36+00:00,2026-05-01,https://home.treasury.gov/resource-center/data-chart-center/interest-rates/daily-treasury-rates.csv/2026/all?type=daily_treasury_yield_curve,2026-07-24T15:03:36+00:00,decimal_annual_par_yield
2026-04-27,45,0.037200,2026-07-24T15:03:36+00:00,2026-05-01,https://home.treasury.gov/resource-center/data-chart-center/interest-rates/daily-treasury-rates.csv/2026/all?type=daily_treasury_yield_curve,2026-07-24T15:03:36+00:00,decimal_annual_par_yield
2026-04-27,61,0.037200,2026-07-24T15:03:36+00:00,2026-05-01,https://home.treasury.gov/resource-center/data-chart-center/interest-rates/daily-treasury-rates.csv/2026/all?type=daily_treasury_yield_curve,2026-07-24T15:03:36+00:00,decimal_annual_par_yield
2026-04-27,91,0.036800,2026-07-24T15:03:36+00:00,2026-05-01,https://home.treasury.gov/resource-center/data-chart-center/interest-rates/daily-treasury-rates.csv/2026/all?type=daily_treasury_yield_curve,2026-07-24T15:03:36+00:00,decimal_annual_par_yield
2026-04-27,121,0.037000,2026-07-24T15:03:36+00:00,2026-05-01,https://home.treasury.gov/resource-center/data-chart-center/interest-rates/daily-treasury-rates.csv/2026/all?type=daily_treasury_yield_curve,2026-07-24T15:03:36+00:00,decimal_annual_par_yield
2026-04-27,182,0.037200,2026-07-24T15:03:36+00:00,2026-05-01,https://home.treasury.gov/resource-center/data-chart-center/interest-rates/daily-treasury-rates.csv/2026/all?type=daily_treasury_yield_curve,2026-07-24T15:03:36+00:00,decimal_annual_par_yield
2026-04-27,365,0.036900,2026-07-24T15:03:36+00:00,2026-05-01,https://home.treasury.gov/resource-center/data-chart-center/interest-rates/daily-treasury-rates.csv/2026/all?type=daily_treasury_yield_curve,2026-07-24T15:03:36+00:00,decimal_annual_par_yield
2026-04-27,730,0.037800,2026-07-24T15:03:36+00:00,2026-05-01,https://home.treasury.gov/resource-center/data-chart-center/interest-rates/daily-treasury-rates.csv/2026/all?type=daily_treasury_yield_curve,2026-07-24T15:03:36+00:00,decimal_annual_par_yield
2026-04-24,30,0.036900,2026-07-24T15:03:36+00:00,2026-04-28,https://home.treasury.gov/resource-center/data-chart-center/interest-rates/daily-treasury-rates.csv/2026/all?type=daily_treasury_yield_curve,2026-07-24T15:03:36+00:00,decimal_annual_par_yield
2026-04-24,45,0.037200,2026-07-24T15:03:36+00:00,2026-04-28,https://home.treasury.gov/resource-center/data-chart-center/interest-rates/daily-treasury-rates.csv/2026/all?type=daily_treasury_yield_curve,2026-07-24T15:03:36+00:00,decimal_annual_par_yield
2026-04-24,61,0.037100,2026-07-24T15:03:36+00:00,2026-04-28,https://home.treasury.gov/resource-center/data-chart-center/interest-rates/daily-treasury-rates.csv/2026/all?type=daily_treasury_yield_curve,2026-07-24T15:03:36+00:00,decimal_annual_par_yield
2026-04-24,91,0.036900,2026-07-24T15:03:36+00:00,2026-04-28,https://home.treasury.gov/resource-center/data-chart-center/interest-rates/daily-treasury-rates.csv/2026/all?type=daily_treasury_yield_curve,2026-07-24T15:03:36+00:00,decimal_annual_par_yield
2026-04-24,121,0.036900,2026-07-24T15:03:36+00:00,2026-04-28,https://home.treasury.gov/resource-center/data-chart-center/interest-rates/daily-treasury-rates.csv/2026/all?type=daily_treasury_yield_curve,2026-07-24T15:03:36+00:00,decimal_annual_par_yield
2026-04-24,182,0.037100,2026-07-24T15:03:36+00:00,2026-04-28,https://home.treasury.gov/resource-center/data-chart-center/interest-rates/daily-treasury-rates.csv/2026/all?type=daily_treasury_yield_curve,2026-07-24T15:03:36+00:00,decimal_annual_par_yield
2026-04-24,365,0.036700,2026-07-24T15:03:36+00:00,2026-04-28,https://home.treasury.gov/resource-center/data-chart-center/interest-rates/daily-treasury-rates.csv/2026/all?type=daily_treasury_yield_curve,2026-07-24T15:03:36+00:00,decimal_annual_par_yield
2026-04-24,730,0.037800,2026-07-24T15:03:36+00:00,2026-04-28,https://home.treasury.gov/resource-center/data-chart-center/interest-rates/daily-treasury-rates.csv/2026/all?type=daily_treasury_yield_curve,2026-07-24T15:03:36+00:00,decimal_annual_par_yield
2026-04-23,30,0.036900,2026-07-24T15:03:36+00:00,2026-04-27,https://home.treasury.gov/resource-center/data-chart-center/interest-rates/daily-treasury-rates.csv/2026/all?type=daily_treasury_yield_curve,2026-07-24T15:03:36+00:00,decimal_annual_par_yield
2026-04-23,45,0.037200,2026-07-24T15:03:36+00:00,2026-04-27,https://home.treasury.gov/resource-center/data-chart-center/interest-rates/daily-treasury-rates.csv/2026/all?type=daily_treasury_yield_curve,2026-07-24T15:03:36+00:00,decimal_annual_par_yield
2026-04-23,61,0.037200,2026-07-24T15:03:36+00:00,2026-04-27,https://home.treasury.gov/resource-center/data-chart-center/interest-rates/daily-treasury-rates.csv/2026/all?type=daily_treasury_yield_curve,2026-07-24T15:03:36+00:00,decimal_annual_par_yield
2026-04-23,91,0.036900,2026-07-24T15:03:36+00:00,2026-04-27,https://home.treasury.gov/resource-center/data-chart-center/interest-rates/daily-treasury-rates.csv/2026/all?type=daily_treasury_yield_curve,2026-07-24T15:03:36+00:00,decimal_annual_par_yield
2026-04-23,121,0.037000,2026-07-24T15:03:36+00:00,2026-04-27,https://home.treasury.gov/resource-center/data-chart-center/interest-rates/daily-treasury-rates.csv/2026/all?type=daily_treasury_yield_curve,2026-07-24T15:03:36+00:00,decimal_annual_par_yield
2026-04-23,182,0.037200,2026-07-24T15:03:36+00:00,2026-04-27,https://home.treasury.gov/resource-center/data-chart-center/interest-rates/daily-treasury-rates.csv/2026/all?type=daily_treasury_yield_curve,2026-07-24T15:03:36+00:00,decimal_annual_par_yield
2026-04-23,365,0.037000,2026-07-24T15:03:36+00:00,2026-04-27,https://home.treasury.gov/resource-center/data-chart-center/interest-rates/daily-treasury-rates.csv/2026/all?type=daily_treasury_yield_curve,2026-07-24T15:03:36+00:00,decimal_annual_par_yield
2026-04-23,730,0.038300,2026-07-24T15:03:36+00:00,2026-04-27,https://home.treasury.gov/resource-center/data-chart-center/interest-rates/daily-treasury-rates.csv/2026/all?type=daily_treasury_yield_curve,2026-07-24T15:03:36+00:00,decimal_annual_par_yield
2026-04-22,30,0.036800,2026-07-24T15:03:36+00:00,2026-04-26,https://home.treasury.gov/resource-center/data-chart-center/interest-rates/daily-treasury-rates.csv/2026/all?type=daily_treasury_yield_curve,2026-07-24T15:03:36+00:00,decimal_annual_par_yield
2026-04-22,45,0.037100,2026-07-24T15:03:36+00:00,2026-04-26,https://home.treasury.gov/resource-center/data-chart-center/interest-rates/daily-treasury-rates.csv/2026/all?type=daily_treasury_yield_curve,2026-07-24T15:03:36+00:00,decimal_annual_par_yield
2026-04-22,61,0.037000,2026-07-24T15:03:36+00:00,2026-04-26,https://home.treasury.gov/resource-center/data-chart-center/interest-rates/daily-treasury-rates.csv/2026/all?type=daily_treasury_yield_curve,2026-07-24T15:03:36+00:00,decimal_annual_par_yield
2026-04-22,91,0.036900,2026-07-24T15:03:36+00:00,2026-04-26,https://home.treasury.gov/resource-center/data-chart-center/interest-rates/daily-treasury-rates.csv/2026/all?type=daily_treasury_yield_curve,2026-07-24T15:03:36+00:00,decimal_annual_par_yield
2026-04-22,121,0.036900,2026-07-24T15:03:36+00:00,2026-04-26,https://home.treasury.gov/resource-center/data-chart-center/interest-rates/daily-treasury-rates.csv/2026/all?type=daily_treasury_yield_curve,2026-07-24T15:03:36+00:00,decimal_annual_par_yield
2026-04-22,182,0.037200,2026-07-24T15:03:36+00:00,2026-04-26,https://home.treasury.gov/resource-center/data-chart-center/interest-rates/daily-treasury-rates.csv/2026/all?type=daily_treasury_yield_curve,2026-07-24T15:03:36+00:00,decimal_annual_par_yield
2026-04-22,365,0.036900,2026-07-24T15:03:36+00:00,2026-04-26,https://home.treasury.gov/resource-center/data-chart-center/interest-rates/daily-treasury-rates.csv/2026/all?type=daily_treasury_yield_curve,2026-07-24T15:03:36+00:00,decimal_annual_par_yield
2026-04-22,730,0.037900,2026-07-24T15:03:36+00:00,2026-04-26,https://home.treasury.gov/resource-center/data-chart-center/interest-rates/daily-treasury-rates.csv/2026/all?type=daily_treasury_yield_curve,2026-07-24T15:03:36+00:00,decimal_annual_par_yield
2026-04-21,30,0.036700,2026-07-24T15:03:36+00:00,2026-04-25,https://home.treasury.gov/resource-center/data-chart-center/interest-rates/daily-treasury-rates.csv/2026/all?type=daily_treasury_yield_curve,2026-07-24T15:03:36+00:00,decimal_annual_par_yield
2026-04-21,45,0.037200,2026-07-24T15:03:36+00:00,2026-04-25,https://home.treasury.gov/resource-center/data-chart-center/interest-rates/daily-treasury-rates.csv/2026/all?type=daily_treasury_yield_curve,2026-07-24T15:03:36+00:00,decimal_annual_par_yield
2026-04-21,61,0.037100,2026-07-24T15:03:36+00:00,2026-04-25,https://home.treasury.gov/resource-center/data-chart-center/interest-rates/daily-treasury-rates.csv/2026/all?type=daily_treasury_yield_curve,2026-07-24T15:03:36+00:00,decimal_annual_par_yield
2026-04-21,91,0.036900,2026-07-24T15:03:36+00:00,2026-04-25,https://home.treasury.gov/resource-center/data-chart-center/interest-rates/daily-treasury-rates.csv/2026/all?type=daily_treasury_yield_curve,2026-07-24T15:03:36+00:00,decimal_annual_par_yield
2026-04-21,121,0.037000,2026-07-24T15:03:36+00:00,2026-04-25,https://home.treasury.gov/resource-center/data-chart-center/interest-rates/daily-treasury-rates.csv/2026/all?type=daily_treasury_yield_curve,2026-07-24T15:03:36+00:00,decimal_annual_par_yield
2026-04-21,182,0.037300,2026-07-24T15:03:36+00:00,2026-04-25,https://home.treasury.gov/resource-center/data-chart-center/interest-rates/daily-treasury-rates.csv/2026/all?type=daily_treasury_yield_curve,2026-07-24T15:03:36+00:00,decimal_annual_par_yield
2026-04-21,365,0.036900,2026-07-24T15:03:36+00:00,2026-04-25,https://home.treasury.gov/resource-center/data-chart-center/interest-rates/daily-treasury-rates.csv/2026/all?type=daily_treasury_yield_curve,2026-07-24T15:03:36+00:00,decimal_annual_par_yield
2026-04-21,730,0.037800,2026-07-24T15:03:36+00:00,2026-04-25,https://home.treasury.gov/resource-center/data-chart-center/interest-rates/daily-treasury-rates.csv/2026/all?type=daily_treasury_yield_curve,2026-07-24T15:03:36+00:00,decimal_annual_par_yield
2026-04-20,30,0.036900,2026-07-24T15:03:36+00:00,2026-04-24,https://home.treasury.gov/resource-center/data-chart-center/interest-rates/daily-treasury-rates.csv/2026/all?type=daily_treasury_yield_curve,2026-07-24T15:03:36+00:00,decimal_annual_par_yield
2026-04-20,45,0.037000,2026-07-24T15:03:36+00:00,2026-04-24,https://home.treasury.gov/resource-center/data-chart-center/interest-rates/daily-treasury-rates.csv/2026/all?type=daily_treasury_yield_curve,2026-07-24T15:03:36+00:00,decimal_annual_par_yield
2026-04-20,61,0.037200,2026-07-24T15:03:36+00:00,2026-04-24,https://home.treasury.gov/resource-center/data-chart-center/interest-rates/daily-treasury-rates.csv/2026/all?type=daily_treasury_yield_curve,2026-07-24T15:03:36+00:00,decimal_annual_par_yield
2026-04-20,91,0.037100,2026-07-24T15:03:36+00:00,2026-04-24,https://home.treasury.gov/resource-center/data-chart-center/interest-rates/daily-treasury-rates.csv/2026/all?type=daily_treasury_yield_curve,2026-07-24T15:03:36+00:00,decimal_annual_par_yield
2026-04-20,121,0.037000,2026-07-24T15:03:36+00:00,2026-04-24,https://home.treasury.gov/resource-center/data-chart-center/interest-rates/daily-treasury-rates.csv/2026/all?type=daily_treasury_yield_curve,2026-07-24T15:03:36+00:00,decimal_annual_par_yield
2026-04-20,182,0.037200,2026-07-24T15:03:36+00:00,2026-04-24,https://home.treasury.gov/resource-center/data-chart-center/interest-rates/daily-treasury-rates.csv/2026/all?type=daily_treasury_yield_curve,2026-07-24T15:03:36+00:00,decimal_annual_par_yield
2026-04-20,365,0.036500,2026-07-24T15:03:36+00:00,2026-04-24,https://home.treasury.gov/resource-center/data-chart-center/interest-rates/daily-treasury-rates.csv/2026/all?type=daily_treasury_yield_curve,2026-07-24T15:03:36+00:00,decimal_annual_par_yield
2026-04-20,730,0.037200,2026-07-24T15:03:36+00:00,2026-04-24,https://home.treasury.gov/resource-center/data-chart-center/interest-rates/daily-treasury-rates.csv/2026/all?type=daily_treasury_yield_curve,2026-07-24T15:03:36+00:00,decimal_annual_par_yield
2026-04-17,30,0.036900,2026-07-24T15:03:36+00:00,2026-04-21,https://home.treasury.gov/resource-center/data-chart-center/interest-rates/daily-treasury-rates.csv/2026/all?type=daily_treasury_yield_curve,2026-07-24T15:03:36+00:00,decimal_annual_par_yield
2026-04-17,45,0.037000,2026-07-24T15:03:36+00:00,2026-04-21,https://home.treasury.gov/resource-center/data-chart-center/interest-rates/daily-treasury-rates.csv/2026/all?type=daily_treasury_yield_curve,2026-07-24T15:03:36+00:00,decimal_annual_par_yield
2026-04-17,61,0.037300,2026-07-24T15:03:36+00:00,2026-04-21,https://home.treasury.gov/resource-center/data-chart-center/interest-rates/daily-treasury-rates.csv/2026/all?type=daily_treasury_yield_curve,2026-07-24T15:03:36+00:00,decimal_annual_par_yield
2026-04-17,91,0.037000,2026-07-24T15:03:36+00:00,2026-04-21,https://home.treasury.gov/resource-center/data-chart-center/interest-rates/daily-treasury-rates.csv/2026/all?type=daily_treasury_yield_curve,2026-07-24T15:03:36+00:00,decimal_annual_par_yield
2026-04-17,121,0.036900,2026-07-24T15:03:36+00:00,2026-04-21,https://home.treasury.gov/resource-center/data-chart-center/interest-rates/daily-treasury-rates.csv/2026/all?type=daily_treasury_yield_curve,2026-07-24T15:03:36+00:00,decimal_annual_par_yield
2026-04-17,182,0.036900,2026-07-24T15:03:36+00:00,2026-04-21,https://home.treasury.gov/resource-center/data-chart-center/interest-rates/daily-treasury-rates.csv/2026/all?type=daily_treasury_yield_curve,2026-07-24T15:03:36+00:00,decimal_annual_par_yield
2026-04-17,365,0.036400,2026-07-24T15:03:36+00:00,2026-04-21,https://home.treasury.gov/resource-center/data-chart-center/interest-rates/daily-treasury-rates.csv/2026/all?type=daily_treasury_yield_curve,2026-07-24T15:03:36+00:00,decimal_annual_par_yield
2026-04-17,730,0.037100,2026-07-24T15:03:36+00:00,2026-04-21,https://home.treasury.gov/resource-center/data-chart-center/interest-rates/daily-treasury-rates.csv/2026/all?type=daily_treasury_yield_curve,2026-07-24T15:03:36+00:00,decimal_annual_par_yield
2026-04-16,30,0.036900,2026-07-24T15:03:36+00:00,2026-04-20,https://home.treasury.gov/resource-center/data-chart-center/interest-rates/daily-treasury-rates.csv/2026/all?type=daily_treasury_yield_curve,2026-07-24T15:03:36+00:00,decimal_annual_par_yield
2026-04-16,45,0.037000,2026-07-24T15:03:36+00:00,2026-04-20,https://home.treasury.gov/resource-center/data-chart-center/interest-rates/daily-treasury-rates.csv/2026/all?type=daily_treasury_yield_curve,2026-07-24T15:03:36+00:00,decimal_annual_par_yield
2026-04-16,61,0.037300,2026-07-24T15:03:36+00:00,2026-04-20,https://home.treasury.gov/resource-center/data-chart-center/interest-rates/daily-treasury-rates.csv/2026/all?type=daily_treasury_yield_curve,2026-07-24T15:03:36+00:00,decimal_annual_par_yield
2026-04-16,91,0.037000,2026-07-24T15:03:36+00:00,2026-04-20,https://home.treasury.gov/resource-center/data-chart-center/interest-rates/daily-treasury-rates.csv/2026/all?type=daily_treasury_yield_curve,2026-07-24T15:03:36+00:00,decimal_annual_par_yield
2026-04-16,121,0.037000,2026-07-24T15:03:36+00:00,2026-04-20,https://home.treasury.gov/resource-center/data-chart-center/interest-rates/daily-treasury-rates.csv/2026/all?type=daily_treasury_yield_curve,2026-07-24T15:03:36+00:00,decimal_annual_par_yield
2026-04-16,182,0.037100,2026-07-24T15:03:36+00:00,2026-04-20,https://home.treasury.gov/resource-center/data-chart-center/interest-rates/daily-treasury-rates.csv/2026/all?type=daily_treasury_yield_curve,2026-07-24T15:03:36+00:00,decimal_annual_par_yield
2026-04-16,365,0.036900,2026-07-24T15:03:36+00:00,2026-04-20,https://home.treasury.gov/resource-center/data-chart-center/interest-rates/daily-treasury-rates.csv/2026/all?type=daily_treasury_yield_curve,2026-07-24T15:03:36+00:00,decimal_annual_par_yield
2026-04-16,730,0.037800,2026-07-24T15:03:36+00:00,2026-04-20,https://home.treasury.gov/resource-center/data-chart-center/interest-rates/daily-treasury-rates.csv/2026/all?type=daily_treasury_yield_curve,2026-07-24T15:03:36+00:00,decimal_annual_par_yield
2026-04-15,30,0.037200,2026-07-24T15:03:36+00:00,2026-04-19,https://home.treasury.gov/resource-center/data-chart-center/interest-rates/daily-treasury-rates.csv/2026/all?type=daily_treasury_yield_curve,2026-07-24T15:03:36+00:00,decimal_annual_par_yield
2026-04-15,45,0.037200,2026-07-24T15:03:36+00:00,2026-04-19,https://home.treasury.gov/resource-center/data-chart-center/interest-rates/daily-treasury-rates.csv/2026/all?type=daily_treasury_yield_curve,2026-07-24T15:03:36+00:00,decimal_annual_par_yield
2026-04-15,61,0.037400,2026-07-24T15:03:36+00:00,2026-04-19,https://home.treasury.gov/resource-center/data-chart-center/interest-rates/daily-treasury-rates.csv/2026/all?type=daily_treasury_yield_curve,2026-07-24T15:03:36+00:00,decimal_annual_par_yield
2026-04-15,91,0.037100,2026-07-24T15:03:36+00:00,2026-04-19,https://home.treasury.gov/resource-center/data-chart-center/interest-rates/daily-treasury-rates.csv/2026/all?type=daily_treasury_yield_curve,2026-07-24T15:03:36+00:00,decimal_annual_par_yield
2026-04-15,121,0.037100,2026-07-24T15:03:36+00:00,2026-04-19,https://home.treasury.gov/resource-center/data-chart-center/interest-rates/daily-treasury-rates.csv/2026/all?type=daily_treasury_yield_curve,2026-07-24T15:03:36+00:00,decimal_annual_par_yield
2026-04-15,182,0.037200,2026-07-24T15:03:36+00:00,2026-04-19,https://home.treasury.gov/resource-center/data-chart-center/interest-rates/daily-treasury-rates.csv/2026/all?type=daily_treasury_yield_curve,2026-07-24T15:03:36+00:00,decimal_annual_par_yield
2026-04-15,365,0.037000,2026-07-24T15:03:36+00:00,2026-04-19,https://home.treasury.gov/resource-center/data-chart-center/interest-rates/daily-treasury-rates.csv/2026/all?type=daily_treasury_yield_curve,2026-07-24T15:03:36+00:00,decimal_annual_par_yield
2026-04-15,730,0.037600,2026-07-24T15:03:36+00:00,2026-04-19,https://home.treasury.gov/resource-center/data-chart-center/interest-rates/daily-treasury-rates.csv/2026/all?type=daily_treasury_yield_curve,2026-07-24T15:03:36+00:00,decimal_annual_par_yield
2026-04-14,30,0.037100,2026-07-24T15:03:36+00:00,2026-04-18,https://home.treasury.gov/resource-center/data-chart-center/interest-rates/daily-treasury-rates.csv/2026/all?type=daily_treasury_yield_curve,2026-07-24T15:03:36+00:00,decimal_annual_par_yield
2026-04-14,45,0.037200,2026-07-24T15:03:36+00:00,2026-04-18,https://home.treasury.gov/resource-center/data-chart-center/interest-rates/daily-treasury-rates.csv/2026/all?type=daily_treasury_yield_curve,2026-07-24T15:03:36+00:00,decimal_annual_par_yield
2026-04-14,61,0.037200,2026-07-24T15:03:36+00:00,2026-04-18,https://home.treasury.gov/resource-center/data-chart-center/interest-rates/daily-treasury-rates.csv/2026/all?type=daily_treasury_yield_curve,2026-07-24T15:03:36+00:00,decimal_annual_par_yield
2026-04-14,91,0.037100,2026-07-24T15:03:36+00:00,2026-04-18,https://home.treasury.gov/resource-center/data-chart-center/interest-rates/daily-treasury-rates.csv/2026/all?type=daily_treasury_yield_curve,2026-07-24T15:03:36+00:00,decimal_annual_par_yield
2026-04-14,121,0.037000,2026-07-24T15:03:36+00:00,2026-04-18,https://home.treasury.gov/resource-center/data-chart-center/interest-rates/daily-treasury-rates.csv/2026/all?type=daily_treasury_yield_curve,2026-07-24T15:03:36+00:00,decimal_annual_par_yield
2026-04-14,182,0.037300,2026-07-24T15:03:36+00:00,2026-04-18,https://home.treasury.gov/resource-center/data-chart-center/interest-rates/daily-treasury-rates.csv/2026/all?type=daily_treasury_yield_curve,2026-07-24T15:03:36+00:00,decimal_annual_par_yield
2026-04-14,365,0.037100,2026-07-24T15:03:36+00:00,2026-04-18,https://home.treasury.gov/resource-center/data-chart-center/interest-rates/daily-treasury-rates.csv/2026/all?type=daily_treasury_yield_curve,2026-07-24T15:03:36+00:00,decimal_annual_par_yield
2026-04-14,730,0.037600,2026-07-24T15:03:36+00:00,2026-04-18,https://home.treasury.gov/resource-center/data-chart-center/interest-rates/daily-treasury-rates.csv/2026/all?type=daily_treasury_yield_curve,2026-07-24T15:03:36+00:00,decimal_annual_par_yield
2026-04-13,30,0.036900,2026-07-24T15:03:36+00:00,2026-04-17,https://home.treasury.gov/resource-center/data-chart-center/interest-rates/daily-treasury-rates.csv/2026/all?type=daily_treasury_yield_curve,2026-07-24T15:03:36+00:00,decimal_annual_par_yield
2026-04-13,45,0.037100,2026-07-24T15:03:36+00:00,2026-04-17,https://home.treasury.gov/resource-center/data-chart-center/interest-rates/daily-treasury-rates.csv/2026/all?type=daily_treasury_yield_curve,2026-07-24T15:03:36+00:00,decimal_annual_par_yield
2026-04-13,61,0.037100,2026-07-24T15:03:36+00:00,2026-04-17,https://home.treasury.gov/resource-center/data-chart-center/interest-rates/daily-treasury-rates.csv/2026/all?type=daily_treasury_yield_curve,2026-07-24T15:03:36+00:00,decimal_annual_par_yield
2026-04-13,91,0.037100,2026-07-24T15:03:36+00:00,2026-04-17,https://home.treasury.gov/resource-center/data-chart-center/interest-rates/daily-treasury-rates.csv/2026/all?type=daily_treasury_yield_curve,2026-07-24T15:03:36+00:00,decimal_annual_par_yield
2026-04-13,121,0.037000,2026-07-24T15:03:36+00:00,2026-04-17,https://home.treasury.gov/resource-center/data-chart-center/interest-rates/daily-treasury-rates.csv/2026/all?type=daily_treasury_yield_curve,2026-07-24T15:03:36+00:00,decimal_annual_par_yield
2026-04-13,182,0.037400,2026-07-24T15:03:36+00:00,2026-04-17,https://home.treasury.gov/resource-center/data-chart-center/interest-rates/daily-treasury-rates.csv/2026/all?type=daily_treasury_yield_curve,2026-07-24T15:03:36+00:00,decimal_annual_par_yield
2026-04-13,365,0.037000,2026-07-24T15:03:36+00:00,2026-04-17,https://home.treasury.gov/resource-center/data-chart-center/interest-rates/daily-treasury-rates.csv/2026/all?type=daily_treasury_yield_curve,2026-07-24T15:03:36+00:00,decimal_annual_par_yield
2026-04-13,730,0.037800,2026-07-24T15:03:36+00:00,2026-04-17,https://home.treasury.gov/resource-center/data-chart-center/interest-rates/daily-treasury-rates.csv/2026/all?type=daily_treasury_yield_curve,2026-07-24T15:03:36+00:00,decimal_annual_par_yield
2026-04-10,30,0.036700,2026-07-24T15:03:36+00:00,2026-04-14,https://home.treasury.gov/resource-center/data-chart-center/interest-rates/daily-treasury-rates.csv/2026/all?type=daily_treasury_yield_curve,2026-07-24T15:03:36+00:00,decimal_annual_par_yield
2026-04-10,45,0.036900,2026-07-24T15:03:36+00:00,2026-04-14,https://home.treasury.gov/resource-center/data-chart-center/interest-rates/daily-treasury-rates.csv/2026/all?type=daily_treasury_yield_curve,2026-07-24T15:03:36+00:00,decimal_annual_par_yield
2026-04-10,61,0.037000,2026-07-24T15:03:36+00:00,2026-04-14,https://home.treasury.gov/resource-center/data-chart-center/interest-rates/daily-treasury-rates.csv/2026/all?type=daily_treasury_yield_curve,2026-07-24T15:03:36+00:00,decimal_annual_par_yield
2026-04-10,91,0.036900,2026-07-24T15:03:36+00:00,2026-04-14,https://home.treasury.gov/resource-center/data-chart-center/interest-rates/daily-treasury-rates.csv/2026/all?type=daily_treasury_yield_curve,2026-07-24T15:03:36+00:00,decimal_annual_par_yield
2026-04-10,121,0.036900,2026-07-24T15:03:36+00:00,2026-04-14,https://home.treasury.gov/resource-center/data-chart-center/interest-rates/daily-treasury-rates.csv/2026/all?type=daily_treasury_yield_curve,2026-07-24T15:03:36+00:00,decimal_annual_par_yield
2026-04-10,182,0.037200,2026-07-24T15:03:36+00:00,2026-04-14,https://home.treasury.gov/resource-center/data-chart-center/interest-rates/daily-treasury-rates.csv/2026/all?type=daily_treasury_yield_curve,2026-07-24T15:03:36+00:00,decimal_annual_par_yield
2026-04-10,365,0.037000,2026-07-24T15:03:36+00:00,2026-04-14,https://home.treasury.gov/resource-center/data-chart-center/interest-rates/daily-treasury-rates.csv/2026/all?type=daily_treasury_yield_curve,2026-07-24T15:03:36+00:00,decimal_annual_par_yield
2026-04-10,730,0.038100,2026-07-24T15:03:36+00:00,2026-04-14,https://home.treasury.gov/resource-center/data-chart-center/interest-rates/daily-treasury-rates.csv/2026/all?type=daily_treasury_yield_curve,2026-07-24T15:03:36+00:00,decimal_annual_par_yield
2026-04-09,30,0.036600,2026-07-24T15:03:36+00:00,2026-04-13,https://home.treasury.gov/resource-center/data-chart-center/interest-rates/daily-treasury-rates.csv/2026/all?type=daily_treasury_yield_curve,2026-07-24T15:03:36+00:00,decimal_annual_par_yield
2026-04-09,45,0.036700,2026-07-24T15:03:36+00:00,2026-04-13,https://home.treasury.gov/resource-center/data-chart-center/interest-rates/daily-treasury-rates.csv/2026/all?type=daily_treasury_yield_curve,2026-07-24T15:03:36+00:00,decimal_annual_par_yield
2026-04-09,61,0.036900,2026-07-24T15:03:36+00:00,2026-04-13,https://home.treasury.gov/resource-center/data-chart-center/interest-rates/daily-treasury-rates.csv/2026/all?type=daily_treasury_yield_curve,2026-07-24T15:03:36+00:00,decimal_annual_par_yield
2026-04-09,91,0.036800,2026-07-24T15:03:36+00:00,2026-04-13,https://home.treasury.gov/resource-center/data-chart-center/interest-rates/daily-treasury-rates.csv/2026/all?type=daily_treasury_yield_curve,2026-07-24T15:03:36+00:00,decimal_annual_par_yield
2026-04-09,121,0.036800,2026-07-24T15:03:36+00:00,2026-04-13,https://home.treasury.gov/resource-center/data-chart-center/interest-rates/daily-treasury-rates.csv/2026/all?type=daily_treasury_yield_curve,2026-07-24T15:03:36+00:00,decimal_annual_par_yield
2026-04-09,182,0.037100,2026-07-24T15:03:36+00:00,2026-04-13,https://home.treasury.gov/resource-center/data-chart-center/interest-rates/daily-treasury-rates.csv/2026/all?type=daily_treasury_yield_curve,2026-07-24T15:03:36+00:00,decimal_annual_par_yield
2026-04-09,365,0.036800,2026-07-24T15:03:36+00:00,2026-04-13,https://home.treasury.gov/resource-center/data-chart-center/interest-rates/daily-treasury-rates.csv/2026/all?type=daily_treasury_yield_curve,2026-07-24T15:03:36+00:00,decimal_annual_par_yield
2026-04-09,730,0.037800,2026-07-24T15:03:36+00:00,2026-04-13,https://home.treasury.gov/resource-center/data-chart-center/interest-rates/daily-treasury-rates.csv/2026/all?type=daily_treasury_yield_curve,2026-07-24T15:03:36+00:00,decimal_annual_par_yield
2026-04-08,30,0.036700,2026-07-24T15:03:36+00:00,2026-04-12,https://home.treasury.gov/resource-center/data-chart-center/interest-rates/daily-treasury-rates.csv/2026/all?type=daily_treasury_yield_curve,2026-07-24T15:03:36+00:00,decimal_annual_par_yield
2026-04-08,45,0.036900,2026-07-24T15:03:36+00:00,2026-04-12,https://home.treasury.gov/resource-center/data-chart-center/interest-rates/daily-treasury-rates.csv/2026/all?type=daily_treasury_yield_curve,2026-07-24T15:03:36+00:00,decimal_annual_par_yield
2026-04-08,61,0.037100,2026-07-24T15:03:36+00:00,2026-04-12,https://home.treasury.gov/resource-center/data-chart-center/interest-rates/daily-treasury-rates.csv/2026/all?type=daily_treasury_yield_curve,2026-07-24T15:03:36+00:00,decimal_annual_par_yield
2026-04-08,91,0.036900,2026-07-24T15:03:36+00:00,2026-04-12,https://home.treasury.gov/resource-center/data-chart-center/interest-rates/daily-treasury-rates.csv/2026/all?type=daily_treasury_yield_curve,2026-07-24T15:03:36+00:00,decimal_annual_par_yield
2026-04-08,121,0.036900,2026-07-24T15:03:36+00:00,2026-04-12,https://home.treasury.gov/resource-center/data-chart-center/interest-rates/daily-treasury-rates.csv/2026/all?type=daily_treasury_yield_curve,2026-07-24T15:03:36+00:00,decimal_annual_par_yield
2026-04-08,182,0.037300,2026-07-24T15:03:36+00:00,2026-04-12,https://home.treasury.gov/resource-center/data-chart-center/interest-rates/daily-treasury-rates.csv/2026/all?type=daily_treasury_yield_curve,2026-07-24T15:03:36+00:00,decimal_annual_par_yield
2026-04-08,365,0.036900,2026-07-24T15:03:36+00:00,2026-04-12,https://home.treasury.gov/resource-center/data-chart-center/interest-rates/daily-treasury-rates.csv/2026/all?type=daily_treasury_yield_curve,2026-07-24T15:03:36+00:00,decimal_annual_par_yield
2026-04-08,730,0.037900,2026-07-24T15:03:36+00:00,2026-04-12,https://home.treasury.gov/resource-center/data-chart-center/interest-rates/daily-treasury-rates.csv/2026/all?type=daily_treasury_yield_curve,2026-07-24T15:03:36+00:00,decimal_annual_par_yield
2026-04-07,30,0.036800,2026-07-24T15:03:36+00:00,2026-04-11,https://home.treasury.gov/resource-center/data-chart-center/interest-rates/daily-treasury-rates.csv/2026/all?type=daily_treasury_yield_curve,2026-07-24T15:03:36+00:00,decimal_annual_par_yield
2026-04-07,45,0.037000,2026-07-24T15:03:36+00:00,2026-04-11,https://home.treasury.gov/resource-center/data-chart-center/interest-rates/daily-treasury-rates.csv/2026/all?type=daily_treasury_yield_curve,2026-07-24T15:03:36+00:00,decimal_annual_par_yield
2026-04-07,61,0.037200,2026-07-24T15:03:36+00:00,2026-04-11,https://home.treasury.gov/resource-center/data-chart-center/interest-rates/daily-treasury-rates.csv/2026/all?type=daily_treasury_yield_curve,2026-07-24T15:03:36+00:00,decimal_annual_par_yield
2026-04-07,91,0.037100,2026-07-24T15:03:36+00:00,2026-04-11,https://home.treasury.gov/resource-center/data-chart-center/interest-rates/daily-treasury-rates.csv/2026/all?type=daily_treasury_yield_curve,2026-07-24T15:03:36+00:00,decimal_annual_par_yield
2026-04-07,121,0.037100,2026-07-24T15:03:36+00:00,2026-04-11,https://home.treasury.gov/resource-center/data-chart-center/interest-rates/daily-treasury-rates.csv/2026/all?type=daily_treasury_yield_curve,2026-07-24T15:03:36+00:00,decimal_annual_par_yield
2026-04-07,182,0.037300,2026-07-24T15:03:36+00:00,2026-04-11,https://home.treasury.gov/resource-center/data-chart-center/interest-rates/daily-treasury-rates.csv/2026/all?type=daily_treasury_yield_curve,2026-07-24T15:03:36+00:00,decimal_annual_par_yield
2026-04-07,365,0.036800,2026-07-24T15:03:36+00:00,2026-04-11,https://home.treasury.gov/resource-center/data-chart-center/interest-rates/daily-treasury-rates.csv/2026/all?type=daily_treasury_yield_curve,2026-07-24T15:03:36+00:00,decimal_annual_par_yield
2026-04-07,730,0.038100,2026-07-24T15:03:36+00:00,2026-04-11,https://home.treasury.gov/resource-center/data-chart-center/interest-rates/daily-treasury-rates.csv/2026/all?type=daily_treasury_yield_curve,2026-07-24T15:03:36+00:00,decimal_annual_par_yield
2026-04-06,30,0.037200,2026-07-24T15:03:36+00:00,2026-04-10,https://home.treasury.gov/resource-center/data-chart-center/interest-rates/daily-treasury-rates.csv/2026/all?type=daily_treasury_yield_curve,2026-07-24T15:03:36+00:00,decimal_annual_par_yield
2026-04-06,45,0.037200,2026-07-24T15:03:36+00:00,2026-04-10,https://home.treasury.gov/resource-center/data-chart-center/interest-rates/daily-treasury-rates.csv/2026/all?type=daily_treasury_yield_curve,2026-07-24T15:03:36+00:00,decimal_annual_par_yield
2026-04-06,61,0.037400,2026-07-24T15:03:36+00:00,2026-04-10,https://home.treasury.gov/resource-center/data-chart-center/interest-rates/daily-treasury-rates.csv/2026/all?type=daily_treasury_yield_curve,2026-07-24T15:03:36+00:00,decimal_annual_par_yield
2026-04-06,91,0.037200,2026-07-24T15:03:36+00:00,2026-04-10,https://home.treasury.gov/resource-center/data-chart-center/interest-rates/daily-treasury-rates.csv/2026/all?type=daily_treasury_yield_curve,2026-07-24T15:03:36+00:00,decimal_annual_par_yield
2026-04-06,121,0.037200,2026-07-24T15:03:36+00:00,2026-04-10,https://home.treasury.gov/resource-center/data-chart-center/interest-rates/daily-treasury-rates.csv/2026/all?type=daily_treasury_yield_curve,2026-07-24T15:03:36+00:00,decimal_annual_par_yield
2026-04-06,182,0.037400,2026-07-24T15:03:36+00:00,2026-04-10,https://home.treasury.gov/resource-center/data-chart-center/interest-rates/daily-treasury-rates.csv/2026/all?type=daily_treasury_yield_curve,2026-07-24T15:03:36+00:00,decimal_annual_par_yield
2026-04-06,365,0.037200,2026-07-24T15:03:36+00:00,2026-04-10,https://home.treasury.gov/resource-center/data-chart-center/interest-rates/daily-treasury-rates.csv/2026/all?type=daily_treasury_yield_curve,2026-07-24T15:03:36+00:00,decimal_annual_par_yield
2026-04-06,730,0.038400,2026-07-24T15:03:36+00:00,2026-04-10,https://home.treasury.gov/resource-center/data-chart-center/interest-rates/daily-treasury-rates.csv/2026/all?type=daily_treasury_yield_curve,2026-07-24T15:03:36+00:00,decimal_annual_par_yield
2026-04-03,30,0.037100,2026-07-24T15:03:36+00:00,2026-04-07,https://home.treasury.gov/resource-center/data-chart-center/interest-rates/daily-treasury-rates.csv/2026/all?type=daily_treasury_yield_curve,2026-07-24T15:03:36+00:00,decimal_annual_par_yield
2026-04-03,45,0.037300,2026-07-24T15:03:36+00:00,2026-04-07,https://home.treasury.gov/resource-center/data-chart-center/interest-rates/daily-treasury-rates.csv/2026/all?type=daily_treasury_yield_curve,2026-07-24T15:03:36+00:00,decimal_annual_par_yield
2026-04-03,61,0.037300,2026-07-24T15:03:36+00:00,2026-04-07,https://home.treasury.gov/resource-center/data-chart-center/interest-rates/daily-treasury-rates.csv/2026/all?type=daily_treasury_yield_curve,2026-07-24T15:03:36+00:00,decimal_annual_par_yield
2026-04-03,91,0.037100,2026-07-24T15:03:36+00:00,2026-04-07,https://home.treasury.gov/resource-center/data-chart-center/interest-rates/daily-treasury-rates.csv/2026/all?type=daily_treasury_yield_curve,2026-07-24T15:03:36+00:00,decimal_annual_par_yield
2026-04-03,121,0.037100,2026-07-24T15:03:36+00:00,2026-04-07,https://home.treasury.gov/resource-center/data-chart-center/interest-rates/daily-treasury-rates.csv/2026/all?type=daily_treasury_yield_curve,2026-07-24T15:03:36+00:00,decimal_annual_par_yield
2026-04-03,182,0.037300,2026-07-24T15:03:36+00:00,2026-04-07,https://home.treasury.gov/resource-center/data-chart-center/interest-rates/daily-treasury-rates.csv/2026/all?type=daily_treasury_yield_curve,2026-07-24T15:03:36+00:00,decimal_annual_par_yield
2026-04-03,365,0.037200,2026-07-24T15:03:36+00:00,2026-04-07,https://home.treasury.gov/resource-center/data-chart-center/interest-rates/daily-treasury-rates.csv/2026/all?type=daily_treasury_yield_curve,2026-07-24T15:03:36+00:00,decimal_annual_par_yield
2026-04-03,730,0.038400,2026-07-24T15:03:36+00:00,2026-04-07,https://home.treasury.gov/resource-center/data-chart-center/interest-rates/daily-treasury-rates.csv/2026/all?type=daily_treasury_yield_curve,2026-07-24T15:03:36+00:00,decimal_annual_par_yield
2026-04-02,30,0.037200,2026-07-24T15:03:36+00:00,2026-04-06,https://home.treasury.gov/resource-center/data-chart-center/interest-rates/daily-treasury-rates.csv/2026/all?type=daily_treasury_yield_curve,2026-07-24T15:03:36+00:00,decimal_annual_par_yield
2026-04-02,45,0.037200,2026-07-24T15:03:36+00:00,2026-04-06,https://home.treasury.gov/resource-center/data-chart-center/interest-rates/daily-treasury-rates.csv/2026/all?type=daily_treasury_yield_curve,2026-07-24T15:03:36+00:00,decimal_annual_par_yield
2026-04-02,61,0.037300,2026-07-24T15:03:36+00:00,2026-04-06,https://home.treasury.gov/resource-center/data-chart-center/interest-rates/daily-treasury-rates.csv/2026/all?type=daily_treasury_yield_curve,2026-07-24T15:03:36+00:00,decimal_annual_par_yield
2026-04-02,91,0.037000,2026-07-24T15:03:36+00:00,2026-04-06,https://home.treasury.gov/resource-center/data-chart-center/interest-rates/daily-treasury-rates.csv/2026/all?type=daily_treasury_yield_curve,2026-07-24T15:03:36+00:00,decimal_annual_par_yield
2026-04-02,121,0.037100,2026-07-24T15:03:36+00:00,2026-04-06,https://home.treasury.gov/resource-center/data-chart-center/interest-rates/daily-treasury-rates.csv/2026/all?type=daily_treasury_yield_curve,2026-07-24T15:03:36+00:00,decimal_annual_par_yield
2026-04-02,182,0.037200,2026-07-24T15:03:36+00:00,2026-04-06,https://home.treasury.gov/resource-center/data-chart-center/interest-rates/daily-treasury-rates.csv/2026/all?type=daily_treasury_yield_curve,2026-07-24T15:03:36+00:00,decimal_annual_par_yield
2026-04-02,365,0.036800,2026-07-24T15:03:36+00:00,2026-04-06,https://home.treasury.gov/resource-center/data-chart-center/interest-rates/daily-treasury-rates.csv/2026/all?type=daily_treasury_yield_curve,2026-07-24T15:03:36+00:00,decimal_annual_par_yield
2026-04-02,730,0.037900,2026-07-24T15:03:36+00:00,2026-04-06,https://home.treasury.gov/resource-center/data-chart-center/interest-rates/daily-treasury-rates.csv/2026/all?type=daily_treasury_yield_curve,2026-07-24T15:03:36+00:00,decimal_annual_par_yield
2026-04-01,30,0.037400,2026-07-24T15:03:36+00:00,2026-04-05,https://home.treasury.gov/resource-center/data-chart-center/interest-rates/daily-treasury-rates.csv/2026/all?type=daily_treasury_yield_curve,2026-07-24T15:03:36+00:00,decimal_annual_par_yield
2026-04-01,45,0.037200,2026-07-24T15:03:36+00:00,2026-04-05,https://home.treasury.gov/resource-center/data-chart-center/interest-rates/daily-treasury-rates.csv/2026/all?type=daily_treasury_yield_curve,2026-07-24T15:03:36+00:00,decimal_annual_par_yield
2026-04-01,61,0.037100,2026-07-24T15:03:36+00:00,2026-04-05,https://home.treasury.gov/resource-center/data-chart-center/interest-rates/daily-treasury-rates.csv/2026/all?type=daily_treasury_yield_curve,2026-07-24T15:03:36+00:00,decimal_annual_par_yield
2026-04-01,91,0.037000,2026-07-24T15:03:36+00:00,2026-04-05,https://home.treasury.gov/resource-center/data-chart-center/interest-rates/daily-treasury-rates.csv/2026/all?type=daily_treasury_yield_curve,2026-07-24T15:03:36+00:00,decimal_annual_par_yield
2026-04-01,121,0.037000,2026-07-24T15:03:36+00:00,2026-04-05,https://home.treasury.gov/resource-center/data-chart-center/interest-rates/daily-treasury-rates.csv/2026/all?type=daily_treasury_yield_curve,2026-07-24T15:03:36+00:00,decimal_annual_par_yield
2026-04-01,182,0.037200,2026-07-24T15:03:36+00:00,2026-04-05,https://home.treasury.gov/resource-center/data-chart-center/interest-rates/daily-treasury-rates.csv/2026/all?type=daily_treasury_yield_curve,2026-07-24T15:03:36+00:00,decimal_annual_par_yield
2026-04-01,365,0.036800,2026-07-24T15:03:36+00:00,2026-04-05,https://home.treasury.gov/resource-center/data-chart-center/interest-rates/daily-treasury-rates.csv/2026/all?type=daily_treasury_yield_curve,2026-07-24T15:03:36+00:00,decimal_annual_par_yield
2026-04-01,730,0.038100,2026-07-24T15:03:36+00:00,2026-04-05,https://home.treasury.gov/resource-center/data-chart-center/interest-rates/daily-treasury-rates.csv/2026/all?type=daily_treasury_yield_curve,2026-07-24T15:03:36+00:00,decimal_annual_par_yield
2026-03-31,30,0.037400,2026-07-24T15:03:36+00:00,2026-04-04,https://home.treasury.gov/resource-center/data-chart-center/interest-rates/daily-treasury-rates.csv/2026/all?type=daily_treasury_yield_curve,2026-07-24T15:03:36+00:00,decimal_annual_par_yield
2026-03-31,45,0.037300,2026-07-24T15:03:36+00:00,2026-04-04,https://home.treasury.gov/resource-center/data-chart-center/interest-rates/daily-treasury-rates.csv/2026/all?type=daily_treasury_yield_curve,2026-07-24T15:03:36+00:00,decimal_annual_par_yield
2026-03-31,61,0.037200,2026-07-24T15:03:36+00:00,2026-04-04,https://home.treasury.gov/resource-center/data-chart-center/interest-rates/daily-treasury-rates.csv/2026/all?type=daily_treasury_yield_curve,2026-07-24T15:03:36+00:00,decimal_annual_par_yield
2026-03-31,91,0.037000,2026-07-24T15:03:36+00:00,2026-04-04,https://home.treasury.gov/resource-center/data-chart-center/interest-rates/daily-treasury-rates.csv/2026/all?type=daily_treasury_yield_curve,2026-07-24T15:03:36+00:00,decimal_annual_par_yield
2026-03-31,121,0.037000,2026-07-24T15:03:36+00:00,2026-04-04,https://home.treasury.gov/resource-center/data-chart-center/interest-rates/daily-treasury-rates.csv/2026/all?type=daily_treasury_yield_curve,2026-07-24T15:03:36+00:00,decimal_annual_par_yield
2026-03-31,182,0.037200,2026-07-24T15:03:36+00:00,2026-04-04,https://home.treasury.gov/resource-center/data-chart-center/interest-rates/daily-treasury-rates.csv/2026/all?type=daily_treasury_yield_curve,2026-07-24T15:03:36+00:00,decimal_annual_par_yield
2026-03-31,365,0.036800,2026-07-24T15:03:36+00:00,2026-04-04,https://home.treasury.gov/resource-center/data-chart-center/interest-rates/daily-treasury-rates.csv/2026/all?type=daily_treasury_yield_curve,2026-07-24T15:03:36+00:00,decimal_annual_par_yield
2026-03-31,730,0.037900,2026-07-24T15:03:36+00:00,2026-04-04,https://home.treasury.gov/resource-center/data-chart-center/interest-rates/daily-treasury-rates.csv/2026/all?type=daily_treasury_yield_curve,2026-07-24T15:03:36+00:00,decimal_annual_par_yield
2026-03-30,30,0.037400,2026-07-24T15:03:36+00:00,2026-04-03,https://home.treasury.gov/resource-center/data-chart-center/interest-rates/daily-treasury-rates.csv/2026/all?type=daily_treasury_yield_curve,2026-07-24T15:03:36+00:00,decimal_annual_par_yield
2026-03-30,45,0.037200,2026-07-24T15:03:36+00:00,2026-04-03,https://home.treasury.gov/resource-center/data-chart-center/interest-rates/daily-treasury-rates.csv/2026/all?type=daily_treasury_yield_curve,2026-07-24T15:03:36+00:00,decimal_annual_par_yield
2026-03-30,61,0.037100,2026-07-24T15:03:36+00:00,2026-04-03,https://home.treasury.gov/resource-center/data-chart-center/interest-rates/daily-treasury-rates.csv/2026/all?type=daily_treasury_yield_curve,2026-07-24T15:03:36+00:00,decimal_annual_par_yield
2026-03-30,91,0.037100,2026-07-24T15:03:36+00:00,2026-04-03,https://home.treasury.gov/resource-center/data-chart-center/interest-rates/daily-treasury-rates.csv/2026/all?type=daily_treasury_yield_curve,2026-07-24T15:03:36+00:00,decimal_annual_par_yield
2026-03-30,121,0.037100,2026-07-24T15:03:36+00:00,2026-04-03,https://home.treasury.gov/resource-center/data-chart-center/interest-rates/daily-treasury-rates.csv/2026/all?type=daily_treasury_yield_curve,2026-07-24T15:03:36+00:00,decimal_annual_par_yield
2026-03-30,182,0.037300,2026-07-24T15:03:36+00:00,2026-04-03,https://home.treasury.gov/resource-center/data-chart-center/interest-rates/daily-treasury-rates.csv/2026/all?type=daily_treasury_yield_curve,2026-07-24T15:03:36+00:00,decimal_annual_par_yield
2026-03-30,365,0.037100,2026-07-24T15:03:36+00:00,2026-04-03,https://home.treasury.gov/resource-center/data-chart-center/interest-rates/daily-treasury-rates.csv/2026/all?type=daily_treasury_yield_curve,2026-07-24T15:03:36+00:00,decimal_annual_par_yield
2026-03-30,730,0.038200,2026-07-24T15:03:36+00:00,2026-04-03,https://home.treasury.gov/resource-center/data-chart-center/interest-rates/daily-treasury-rates.csv/2026/all?type=daily_treasury_yield_curve,2026-07-24T15:03:36+00:00,decimal_annual_par_yield
2026-03-27,30,0.037400,2026-07-24T15:03:36+00:00,2026-03-31,https://home.treasury.gov/resource-center/data-chart-center/interest-rates/daily-treasury-rates.csv/2026/all?type=daily_treasury_yield_curve,2026-07-24T15:03:36+00:00,decimal_annual_par_yield
2026-03-27,45,0.037300,2026-07-24T15:03:36+00:00,2026-03-31,https://home.treasury.gov/resource-center/data-chart-center/interest-rates/daily-treasury-rates.csv/2026/all?type=daily_treasury_yield_curve,2026-07-24T15:03:36+00:00,decimal_annual_par_yield
2026-03-27,61,0.037200,2026-07-24T15:03:36+00:00,2026-03-31,https://home.treasury.gov/resource-center/data-chart-center/interest-rates/daily-treasury-rates.csv/2026/all?type=daily_treasury_yield_curve,2026-07-24T15:03:36+00:00,decimal_annual_par_yield
2026-03-27,91,0.037300,2026-07-24T15:03:36+00:00,2026-03-31,https://home.treasury.gov/resource-center/data-chart-center/interest-rates/daily-treasury-rates.csv/2026/all?type=daily_treasury_yield_curve,2026-07-24T15:03:36+00:00,decimal_annual_par_yield
2026-03-27,121,0.037200,2026-07-24T15:03:36+00:00,2026-03-31,https://home.treasury.gov/resource-center/data-chart-center/interest-rates/daily-treasury-rates.csv/2026/all?type=daily_treasury_yield_curve,2026-07-24T15:03:36+00:00,decimal_annual_par_yield
2026-03-27,182,0.037500,2026-07-24T15:03:36+00:00,2026-03-31,https://home.treasury.gov/resource-center/data-chart-center/interest-rates/daily-treasury-rates.csv/2026/all?type=daily_treasury_yield_curve,2026-07-24T15:03:36+00:00,decimal_annual_par_yield
2026-03-27,365,0.037700,2026-07-24T15:03:36+00:00,2026-03-31,https://home.treasury.gov/resource-center/data-chart-center/interest-rates/daily-treasury-rates.csv/2026/all?type=daily_treasury_yield_curve,2026-07-24T15:03:36+00:00,decimal_annual_par_yield
2026-03-27,730,0.038800,2026-07-24T15:03:36+00:00,2026-03-31,https://home.treasury.gov/resource-center/data-chart-center/interest-rates/daily-treasury-rates.csv/2026/all?type=daily_treasury_yield_curve,2026-07-24T15:03:36+00:00,decimal_annual_par_yield
2026-03-26,30,0.037400,2026-07-24T15:03:36+00:00,2026-03-30,https://home.treasury.gov/resource-center/data-chart-center/interest-rates/daily-treasury-rates.csv/2026/all?type=daily_treasury_yield_curve,2026-07-24T15:03:36+00:00,decimal_annual_par_yield
2026-03-26,45,0.037300,2026-07-24T15:03:36+00:00,2026-03-30,https://home.treasury.gov/resource-center/data-chart-center/interest-rates/daily-treasury-rates.csv/2026/all?type=daily_treasury_yield_curve,2026-07-24T15:03:36+00:00,decimal_annual_par_yield
2026-03-26,61,0.037300,2026-07-24T15:03:36+00:00,2026-03-30,https://home.treasury.gov/resource-center/data-chart-center/interest-rates/daily-treasury-rates.csv/2026/all?type=daily_treasury_yield_curve,2026-07-24T15:03:36+00:00,decimal_annual_par_yield
2026-03-26,91,0.037300,2026-07-24T15:03:36+00:00,2026-03-30,https://home.treasury.gov/resource-center/data-chart-center/interest-rates/daily-treasury-rates.csv/2026/all?type=daily_treasury_yield_curve,2026-07-24T15:03:36+00:00,decimal_annual_par_yield
2026-03-26,121,0.037300,2026-07-24T15:03:36+00:00,2026-03-30,https://home.treasury.gov/resource-center/data-chart-center/interest-rates/daily-treasury-rates.csv/2026/all?type=daily_treasury_yield_curve,2026-07-24T15:03:36+00:00,decimal_annual_par_yield
2026-03-26,182,0.037700,2026-07-24T15:03:36+00:00,2026-03-30,https://home.treasury.gov/resource-center/data-chart-center/interest-rates/daily-treasury-rates.csv/2026/all?type=daily_treasury_yield_curve,2026-07-24T15:03:36+00:00,decimal_annual_par_yield
2026-03-26,365,0.038300,2026-07-24T15:03:36+00:00,2026-03-30,https://home.treasury.gov/resource-center/data-chart-center/interest-rates/daily-treasury-rates.csv/2026/all?type=daily_treasury_yield_curve,2026-07-24T15:03:36+00:00,decimal_annual_par_yield
2026-03-26,730,0.039600,2026-07-24T15:03:36+00:00,2026-03-30,https://home.treasury.gov/resource-center/data-chart-center/interest-rates/daily-treasury-rates.csv/2026/all?type=daily_treasury_yield_curve,2026-07-24T15:03:36+00:00,decimal_annual_par_yield
2026-03-25,30,0.037300,2026-07-24T15:03:36+00:00,2026-03-29,https://home.treasury.gov/resource-center/data-chart-center/interest-rates/daily-treasury-rates.csv/2026/all?type=daily_treasury_yield_curve,2026-07-24T15:03:36+00:00,decimal_annual_par_yield
2026-03-25,45,0.037200,2026-07-24T15:03:36+00:00,2026-03-29,https://home.treasury.gov/resource-center/data-chart-center/interest-rates/daily-treasury-rates.csv/2026/all?type=daily_treasury_yield_curve,2026-07-24T15:03:36+00:00,decimal_annual_par_yield
2026-03-25,61,0.037200,2026-07-24T15:03:36+00:00,2026-03-29,https://home.treasury.gov/resource-center/data-chart-center/interest-rates/daily-treasury-rates.csv/2026/all?type=daily_treasury_yield_curve,2026-07-24T15:03:36+00:00,decimal_annual_par_yield
2026-03-25,91,0.037300,2026-07-24T15:03:36+00:00,2026-03-29,https://home.treasury.gov/resource-center/data-chart-center/interest-rates/daily-treasury-rates.csv/2026/all?type=daily_treasury_yield_curve,2026-07-24T15:03:36+00:00,decimal_annual_par_yield
2026-03-25,121,0.037200,2026-07-24T15:03:36+00:00,2026-03-29,https://home.treasury.gov/resource-center/data-chart-center/interest-rates/daily-treasury-rates.csv/2026/all?type=daily_treasury_yield_curve,2026-07-24T15:03:36+00:00,decimal_annual_par_yield
2026-03-25,182,0.037600,2026-07-24T15:03:36+00:00,2026-03-29,https://home.treasury.gov/resource-center/data-chart-center/interest-rates/daily-treasury-rates.csv/2026/all?type=daily_treasury_yield_curve,2026-07-24T15:03:36+00:00,decimal_annual_par_yield
2026-03-25,365,0.037700,2026-07-24T15:03:36+00:00,2026-03-29,https://home.treasury.gov/resource-center/data-chart-center/interest-rates/daily-treasury-rates.csv/2026/all?type=daily_treasury_yield_curve,2026-07-24T15:03:36+00:00,decimal_annual_par_yield
2026-03-25,730,0.038400,2026-07-24T15:03:36+00:00,2026-03-29,https://home.treasury.gov/resource-center/data-chart-center/interest-rates/daily-treasury-rates.csv/2026/all?type=daily_treasury_yield_curve,2026-07-24T15:03:36+00:00,decimal_annual_par_yield
2026-03-24,30,0.037400,2026-07-24T15:03:36+00:00,2026-03-28,https://home.treasury.gov/resource-center/data-chart-center/interest-rates/daily-treasury-rates.csv/2026/all?type=daily_treasury_yield_curve,2026-07-24T15:03:36+00:00,decimal_annual_par_yield
2026-03-24,45,0.037200,2026-07-24T15:03:36+00:00,2026-03-28,https://home.treasury.gov/resource-center/data-chart-center/interest-rates/daily-treasury-rates.csv/2026/all?type=daily_treasury_yield_curve,2026-07-24T15:03:36+00:00,decimal_annual_par_yield
2026-03-24,61,0.037200,2026-07-24T15:03:36+00:00,2026-03-28,https://home.treasury.gov/resource-center/data-chart-center/interest-rates/daily-treasury-rates.csv/2026/all?type=daily_treasury_yield_curve,2026-07-24T15:03:36+00:00,decimal_annual_par_yield
2026-03-24,91,0.037400,2026-07-24T15:03:36+00:00,2026-03-28,https://home.treasury.gov/resource-center/data-chart-center/interest-rates/daily-treasury-rates.csv/2026/all?type=daily_treasury_yield_curve,2026-07-24T15:03:36+00:00,decimal_annual_par_yield
2026-03-24,121,0.037300,2026-07-24T15:03:36+00:00,2026-03-28,https://home.treasury.gov/resource-center/data-chart-center/interest-rates/daily-treasury-rates.csv/2026/all?type=daily_treasury_yield_curve,2026-07-24T15:03:36+00:00,decimal_annual_par_yield
2026-03-24,182,0.037800,2026-07-24T15:03:36+00:00,2026-03-28,https://home.treasury.gov/resource-center/data-chart-center/interest-rates/daily-treasury-rates.csv/2026/all?type=daily_treasury_yield_curve,2026-07-24T15:03:36+00:00,decimal_annual_par_yield
2026-03-24,365,0.038100,2026-07-24T15:03:36+00:00,2026-03-28,https://home.treasury.gov/resource-center/data-chart-center/interest-rates/daily-treasury-rates.csv/2026/all?type=daily_treasury_yield_curve,2026-07-24T15:03:36+00:00,decimal_annual_par_yield
2026-03-24,730,0.039000,2026-07-24T15:03:36+00:00,2026-03-28,https://home.treasury.gov/resource-center/data-chart-center/interest-rates/daily-treasury-rates.csv/2026/all?type=daily_treasury_yield_curve,2026-07-24T15:03:36+00:00,decimal_annual_par_yield
2026-03-23,30,0.037300,2026-07-24T15:03:36+00:00,2026-03-27,https://home.treasury.gov/resource-center/data-chart-center/interest-rates/daily-treasury-rates.csv/2026/all?type=daily_treasury_yield_curve,2026-07-24T15:03:36+00:00,decimal_annual_par_yield
2026-03-23,45,0.037100,2026-07-24T15:03:36+00:00,2026-03-27,https://home.treasury.gov/resource-center/data-chart-center/interest-rates/daily-treasury-rates.csv/2026/all?type=daily_treasury_yield_curve,2026-07-24T15:03:36+00:00,decimal_annual_par_yield
2026-03-23,61,0.037200,2026-07-24T15:03:36+00:00,2026-03-27,https://home.treasury.gov/resource-center/data-chart-center/interest-rates/daily-treasury-rates.csv/2026/all?type=daily_treasury_yield_curve,2026-07-24T15:03:36+00:00,decimal_annual_par_yield
2026-03-23,91,0.037400,2026-07-24T15:03:36+00:00,2026-03-27,https://home.treasury.gov/resource-center/data-chart-center/interest-rates/daily-treasury-rates.csv/2026/all?type=daily_treasury_yield_curve,2026-07-24T15:03:36+00:00,decimal_annual_par_yield
2026-03-23,121,0.037200,2026-07-24T15:03:36+00:00,2026-03-27,https://home.treasury.gov/resource-center/data-chart-center/interest-rates/daily-treasury-rates.csv/2026/all?type=daily_treasury_yield_curve,2026-07-24T15:03:36+00:00,decimal_annual_par_yield
2026-03-23,182,0.037700,2026-07-24T15:03:36+00:00,2026-03-27,https://home.treasury.gov/resource-center/data-chart-center/interest-rates/daily-treasury-rates.csv/2026/all?type=daily_treasury_yield_curve,2026-07-24T15:03:36+00:00,decimal_annual_par_yield
2026-03-23,365,0.037600,2026-07-24T15:03:36+00:00,2026-03-27,https://home.treasury.gov/resource-center/data-chart-center/interest-rates/daily-treasury-rates.csv/2026/all?type=daily_treasury_yield_curve,2026-07-24T15:03:36+00:00,decimal_annual_par_yield
2026-03-23,730,0.038300,2026-07-24T15:03:36+00:00,2026-03-27,https://home.treasury.gov/resource-center/data-chart-center/interest-rates/daily-treasury-rates.csv/2026/all?type=daily_treasury_yield_curve,2026-07-24T15:03:36+00:00,decimal_annual_par_yield
2026-03-20,30,0.037300,2026-07-24T15:03:36+00:00,2026-03-24,https://home.treasury.gov/resource-center/data-chart-center/interest-rates/daily-treasury-rates.csv/2026/all?type=daily_treasury_yield_curve,2026-07-24T15:03:36+00:00,decimal_annual_par_yield
2026-03-20,45,0.037100,2026-07-24T15:03:36+00:00,2026-03-24,https://home.treasury.gov/resource-center/data-chart-center/interest-rates/daily-treasury-rates.csv/2026/all?type=daily_treasury_yield_curve,2026-07-24T15:03:36+00:00,decimal_annual_par_yield
2026-03-20,61,0.037200,2026-07-24T15:03:36+00:00,2026-03-24,https://home.treasury.gov/resource-center/data-chart-center/interest-rates/daily-treasury-rates.csv/2026/all?type=daily_treasury_yield_curve,2026-07-24T15:03:36+00:00,decimal_annual_par_yield
2026-03-20,91,0.037400,2026-07-24T15:03:36+00:00,2026-03-24,https://home.treasury.gov/resource-center/data-chart-center/interest-rates/daily-treasury-rates.csv/2026/all?type=daily_treasury_yield_curve,2026-07-24T15:03:36+00:00,decimal_annual_par_yield
2026-03-20,121,0.037300,2026-07-24T15:03:36+00:00,2026-03-24,https://home.treasury.gov/resource-center/data-chart-center/interest-rates/daily-treasury-rates.csv/2026/all?type=daily_treasury_yield_curve,2026-07-24T15:03:36+00:00,decimal_annual_par_yield
2026-03-20,182,0.037900,2026-07-24T15:03:36+00:00,2026-03-24,https://home.treasury.gov/resource-center/data-chart-center/interest-rates/daily-treasury-rates.csv/2026/all?type=daily_treasury_yield_curve,2026-07-24T15:03:36+00:00,decimal_annual_par_yield
2026-03-20,365,0.038000,2026-07-24T15:03:36+00:00,2026-03-24,https://home.treasury.gov/resource-center/data-chart-center/interest-rates/daily-treasury-rates.csv/2026/all?type=daily_treasury_yield_curve,2026-07-24T15:03:36+00:00,decimal_annual_par_yield
2026-03-20,730,0.038800,2026-07-24T15:03:36+00:00,2026-03-24,https://home.treasury.gov/resource-center/data-chart-center/interest-rates/daily-treasury-rates.csv/2026/all?type=daily_treasury_yield_curve,2026-07-24T15:03:36+00:00,decimal_annual_par_yield
2026-03-19,30,0.037300,2026-07-24T15:03:36+00:00,2026-03-23,https://home.treasury.gov/resource-center/data-chart-center/interest-rates/daily-treasury-rates.csv/2026/all?type=daily_treasury_yield_curve,2026-07-24T15:03:36+00:00,decimal_annual_par_yield
2026-03-19,45,0.037100,2026-07-24T15:03:36+00:00,2026-03-23,https://home.treasury.gov/resource-center/data-chart-center/interest-rates/daily-treasury-rates.csv/2026/all?type=daily_treasury_yield_curve,2026-07-24T15:03:36+00:00,decimal_annual_par_yield
2026-03-19,61,0.037200,2026-07-24T15:03:36+00:00,2026-03-23,https://home.treasury.gov/resource-center/data-chart-center/interest-rates/daily-treasury-rates.csv/2026/all?type=daily_treasury_yield_curve,2026-07-24T15:03:36+00:00,decimal_annual_par_yield
2026-03-19,91,0.037300,2026-07-24T15:03:36+00:00,2026-03-23,https://home.treasury.gov/resource-center/data-chart-center/interest-rates/daily-treasury-rates.csv/2026/all?type=daily_treasury_yield_curve,2026-07-24T15:03:36+00:00,decimal_annual_par_yield
2026-03-19,121,0.037100,2026-07-24T15:03:36+00:00,2026-03-23,https://home.treasury.gov/resource-center/data-chart-center/interest-rates/daily-treasury-rates.csv/2026/all?type=daily_treasury_yield_curve,2026-07-24T15:03:36+00:00,decimal_annual_par_yield
2026-03-19,182,0.037600,2026-07-24T15:03:36+00:00,2026-03-23,https://home.treasury.gov/resource-center/data-chart-center/interest-rates/daily-treasury-rates.csv/2026/all?type=daily_treasury_yield_curve,2026-07-24T15:03:36+00:00,decimal_annual_par_yield
2026-03-19,365,0.037300,2026-07-24T15:03:36+00:00,2026-03-23,https://home.treasury.gov/resource-center/data-chart-center/interest-rates/daily-treasury-rates.csv/2026/all?type=daily_treasury_yield_curve,2026-07-24T15:03:36+00:00,decimal_annual_par_yield
2026-03-19,730,0.037900,2026-07-24T15:03:36+00:00,2026-03-23,https://home.treasury.gov/resource-center/data-chart-center/interest-rates/daily-treasury-rates.csv/2026/all?type=daily_treasury_yield_curve,2026-07-24T15:03:36+00:00,decimal_annual_par_yield
2026-03-18,30,0.037300,2026-07-24T15:03:36+00:00,2026-03-22,https://home.treasury.gov/resource-center/data-chart-center/interest-rates/daily-treasury-rates.csv/2026/all?type=daily_treasury_yield_curve,2026-07-24T15:03:36+00:00,decimal_annual_par_yield
2026-03-18,45,0.037200,2026-07-24T15:03:36+00:00,2026-03-22,https://home.treasury.gov/resource-center/data-chart-center/interest-rates/daily-treasury-rates.csv/2026/all?type=daily_treasury_yield_curve,2026-07-24T15:03:36+00:00,decimal_annual_par_yield
2026-03-18,61,0.037200,2026-07-24T15:03:36+00:00,2026-03-22,https://home.treasury.gov/resource-center/data-chart-center/interest-rates/daily-treasury-rates.csv/2026/all?type=daily_treasury_yield_curve,2026-07-24T15:03:36+00:00,decimal_annual_par_yield
2026-03-18,91,0.037300,2026-07-24T15:03:36+00:00,2026-03-22,https://home.treasury.gov/resource-center/data-chart-center/interest-rates/daily-treasury-rates.csv/2026/all?type=daily_treasury_yield_curve,2026-07-24T15:03:36+00:00,decimal_annual_par_yield
2026-03-18,121,0.037100,2026-07-24T15:03:36+00:00,2026-03-22,https://home.treasury.gov/resource-center/data-chart-center/interest-rates/daily-treasury-rates.csv/2026/all?type=daily_treasury_yield_curve,2026-07-24T15:03:36+00:00,decimal_annual_par_yield
2026-03-18,182,0.037400,2026-07-24T15:03:36+00:00,2026-03-22,https://home.treasury.gov/resource-center/data-chart-center/interest-rates/daily-treasury-rates.csv/2026/all?type=daily_treasury_yield_curve,2026-07-24T15:03:36+00:00,decimal_annual_par_yield
2026-03-18,365,0.036800,2026-07-24T15:03:36+00:00,2026-03-22,https://home.treasury.gov/resource-center/data-chart-center/interest-rates/daily-treasury-rates.csv/2026/all?type=daily_treasury_yield_curve,2026-07-24T15:03:36+00:00,decimal_annual_par_yield
2026-03-18,730,0.037600,2026-07-24T15:03:36+00:00,2026-03-22,https://home.treasury.gov/resource-center/data-chart-center/interest-rates/daily-treasury-rates.csv/2026/all?type=daily_treasury_yield_curve,2026-07-24T15:03:36+00:00,decimal_annual_par_yield
2026-03-17,30,0.037400,2026-07-24T15:03:36+00:00,2026-03-21,https://home.treasury.gov/resource-center/data-chart-center/interest-rates/daily-treasury-rates.csv/2026/all?type=daily_treasury_yield_curve,2026-07-24T15:03:36+00:00,decimal_annual_par_yield
2026-03-17,45,0.037200,2026-07-24T15:03:36+00:00,2026-03-21,https://home.treasury.gov/resource-center/data-chart-center/interest-rates/daily-treasury-rates.csv/2026/all?type=daily_treasury_yield_curve,2026-07-24T15:03:36+00:00,decimal_annual_par_yield
2026-03-17,61,0.037200,2026-07-24T15:03:36+00:00,2026-03-21,https://home.treasury.gov/resource-center/data-chart-center/interest-rates/daily-treasury-rates.csv/2026/all?type=daily_treasury_yield_curve,2026-07-24T15:03:36+00:00,decimal_annual_par_yield
2026-03-17,91,0.037200,2026-07-24T15:03:36+00:00,2026-03-21,https://home.treasury.gov/resource-center/data-chart-center/interest-rates/daily-treasury-rates.csv/2026/all?type=daily_treasury_yield_curve,2026-07-24T15:03:36+00:00,decimal_annual_par_yield
2026-03-17,121,0.036900,2026-07-24T15:03:36+00:00,2026-03-21,https://home.treasury.gov/resource-center/data-chart-center/interest-rates/daily-treasury-rates.csv/2026/all?type=daily_treasury_yield_curve,2026-07-24T15:03:36+00:00,decimal_annual_par_yield
2026-03-17,182,0.037100,2026-07-24T15:03:36+00:00,2026-03-21,https://home.treasury.gov/resource-center/data-chart-center/interest-rates/daily-treasury-rates.csv/2026/all?type=daily_treasury_yield_curve,2026-07-24T15:03:36+00:00,decimal_annual_par_yield
2026-03-17,365,0.036300,2026-07-24T15:03:36+00:00,2026-03-21,https://home.treasury.gov/resource-center/data-chart-center/interest-rates/daily-treasury-rates.csv/2026/all?type=daily_treasury_yield_curve,2026-07-24T15:03:36+00:00,decimal_annual_par_yield
2026-03-17,730,0.036800,2026-07-24T15:03:36+00:00,2026-03-21,https://home.treasury.gov/resource-center/data-chart-center/interest-rates/daily-treasury-rates.csv/2026/all?type=daily_treasury_yield_curve,2026-07-24T15:03:36+00:00,decimal_annual_par_yield
2026-03-16,30,0.037500,2026-07-24T15:03:36+00:00,2026-03-20,https://home.treasury.gov/resource-center/data-chart-center/interest-rates/daily-treasury-rates.csv/2026/all?type=daily_treasury_yield_curve,2026-07-24T15:03:36+00:00,decimal_annual_par_yield
2026-03-16,45,0.037300,2026-07-24T15:03:36+00:00,2026-03-20,https://home.treasury.gov/resource-center/data-chart-center/interest-rates/daily-treasury-rates.csv/2026/all?type=daily_treasury_yield_curve,2026-07-24T15:03:36+00:00,decimal_annual_par_yield
2026-03-16,61,0.037200,2026-07-24T15:03:36+00:00,2026-03-20,https://home.treasury.gov/resource-center/data-chart-center/interest-rates/daily-treasury-rates.csv/2026/all?type=daily_treasury_yield_curve,2026-07-24T15:03:36+00:00,decimal_annual_par_yield
2026-03-16,91,0.037200,2026-07-24T15:03:36+00:00,2026-03-20,https://home.treasury.gov/resource-center/data-chart-center/interest-rates/daily-treasury-rates.csv/2026/all?type=daily_treasury_yield_curve,2026-07-24T15:03:36+00:00,decimal_annual_par_yield
2026-03-16,121,0.036900,2026-07-24T15:03:36+00:00,2026-03-20,https://home.treasury.gov/resource-center/data-chart-center/interest-rates/daily-treasury-rates.csv/2026/all?type=daily_treasury_yield_curve,2026-07-24T15:03:36+00:00,decimal_annual_par_yield
2026-03-16,182,0.037200,2026-07-24T15:03:36+00:00,2026-03-20,https://home.treasury.gov/resource-center/data-chart-center/interest-rates/daily-treasury-rates.csv/2026/all?type=daily_treasury_yield_curve,2026-07-24T15:03:36+00:00,decimal_annual_par_yield
2026-03-16,365,0.036400,2026-07-24T15:03:36+00:00,2026-03-20,https://home.treasury.gov/resource-center/data-chart-center/interest-rates/daily-treasury-rates.csv/2026/all?type=daily_treasury_yield_curve,2026-07-24T15:03:36+00:00,decimal_annual_par_yield
2026-03-16,730,0.036800,2026-07-24T15:03:36+00:00,2026-03-20,https://home.treasury.gov/resource-center/data-chart-center/interest-rates/daily-treasury-rates.csv/2026/all?type=daily_treasury_yield_curve,2026-07-24T15:03:36+00:00,decimal_annual_par_yield
2026-03-13,30,0.037500,2026-07-24T15:03:36+00:00,2026-03-17,https://home.treasury.gov/resource-center/data-chart-center/interest-rates/daily-treasury-rates.csv/2026/all?type=daily_treasury_yield_curve,2026-07-24T15:03:36+00:00,decimal_annual_par_yield
2026-03-13,45,0.037400,2026-07-24T15:03:36+00:00,2026-03-17,https://home.treasury.gov/resource-center/data-chart-center/interest-rates/daily-treasury-rates.csv/2026/all?type=daily_treasury_yield_curve,2026-07-24T15:03:36+00:00,decimal_annual_par_yield
2026-03-13,61,0.037100,2026-07-24T15:03:36+00:00,2026-03-17,https://home.treasury.gov/resource-center/data-chart-center/interest-rates/daily-treasury-rates.csv/2026/all?type=daily_treasury_yield_curve,2026-07-24T15:03:36+00:00,decimal_annual_par_yield
2026-03-13,91,0.037200,2026-07-24T15:03:36+00:00,2026-03-17,https://home.treasury.gov/resource-center/data-chart-center/interest-rates/daily-treasury-rates.csv/2026/all?type=daily_treasury_yield_curve,2026-07-24T15:03:36+00:00,decimal_annual_par_yield
2026-03-13,121,0.036900,2026-07-24T15:03:36+00:00,2026-03-17,https://home.treasury.gov/resource-center/data-chart-center/interest-rates/daily-treasury-rates.csv/2026/all?type=daily_treasury_yield_curve,2026-07-24T15:03:36+00:00,decimal_annual_par_yield
2026-03-13,182,0.037000,2026-07-24T15:03:36+00:00,2026-03-17,https://home.treasury.gov/resource-center/data-chart-center/interest-rates/daily-treasury-rates.csv/2026/all?type=daily_treasury_yield_curve,2026-07-24T15:03:36+00:00,decimal_annual_par_yield
2026-03-13,365,0.036600,2026-07-24T15:03:36+00:00,2026-03-17,https://home.treasury.gov/resource-center/data-chart-center/interest-rates/daily-treasury-rates.csv/2026/all?type=daily_treasury_yield_curve,2026-07-24T15:03:36+00:00,decimal_annual_par_yield
2026-03-13,730,0.037300,2026-07-24T15:03:36+00:00,2026-03-17,https://home.treasury.gov/resource-center/data-chart-center/interest-rates/daily-treasury-rates.csv/2026/all?type=daily_treasury_yield_curve,2026-07-24T15:03:36+00:00,decimal_annual_par_yield
2026-03-12,30,0.037600,2026-07-24T15:03:36+00:00,2026-03-16,https://home.treasury.gov/resource-center/data-chart-center/interest-rates/daily-treasury-rates.csv/2026/all?type=daily_treasury_yield_curve,2026-07-24T15:03:36+00:00,decimal_annual_par_yield
2026-03-12,45,0.037400,2026-07-24T15:03:36+00:00,2026-03-16,https://home.treasury.gov/resource-center/data-chart-center/interest-rates/daily-treasury-rates.csv/2026/all?type=daily_treasury_yield_curve,2026-07-24T15:03:36+00:00,decimal_annual_par_yield
2026-03-12,61,0.037200,2026-07-24T15:03:36+00:00,2026-03-16,https://home.treasury.gov/resource-center/data-chart-center/interest-rates/daily-treasury-rates.csv/2026/all?type=daily_treasury_yield_curve,2026-07-24T15:03:36+00:00,decimal_annual_par_yield
2026-03-12,91,0.037200,2026-07-24T15:03:36+00:00,2026-03-16,https://home.treasury.gov/resource-center/data-chart-center/interest-rates/daily-treasury-rates.csv/2026/all?type=daily_treasury_yield_curve,2026-07-24T15:03:36+00:00,decimal_annual_par_yield
2026-03-12,121,0.036900,2026-07-24T15:03:36+00:00,2026-03-16,https://home.treasury.gov/resource-center/data-chart-center/interest-rates/daily-treasury-rates.csv/2026/all?type=daily_treasury_yield_curve,2026-07-24T15:03:36+00:00,decimal_annual_par_yield
2026-03-12,182,0.037000,2026-07-24T15:03:36+00:00,2026-03-16,https://home.treasury.gov/resource-center/data-chart-center/interest-rates/daily-treasury-rates.csv/2026/all?type=daily_treasury_yield_curve,2026-07-24T15:03:36+00:00,decimal_annual_par_yield
2026-03-12,365,0.036600,2026-07-24T15:03:36+00:00,2026-03-16,https://home.treasury.gov/resource-center/data-chart-center/interest-rates/daily-treasury-rates.csv/2026/all?type=daily_treasury_yield_curve,2026-07-24T15:03:36+00:00,decimal_annual_par_yield
2026-03-12,730,0.037600,2026-07-24T15:03:36+00:00,2026-03-16,https://home.treasury.gov/resource-center/data-chart-center/interest-rates/daily-treasury-rates.csv/2026/all?type=daily_treasury_yield_curve,2026-07-24T15:03:36+00:00,decimal_annual_par_yield
2026-03-11,30,0.037500,2026-07-24T15:03:36+00:00,2026-03-15,https://home.treasury.gov/resource-center/data-chart-center/interest-rates/daily-treasury-rates.csv/2026/all?type=daily_treasury_yield_curve,2026-07-24T15:03:36+00:00,decimal_annual_par_yield
2026-03-11,45,0.037300,2026-07-24T15:03:36+00:00,2026-03-15,https://home.treasury.gov/resource-center/data-chart-center/interest-rates/daily-treasury-rates.csv/2026/all?type=daily_treasury_yield_curve,2026-07-24T15:03:36+00:00,decimal_annual_par_yield
2026-03-11,61,0.037000,2026-07-24T15:03:36+00:00,2026-03-15,https://home.treasury.gov/resource-center/data-chart-center/interest-rates/daily-treasury-rates.csv/2026/all?type=daily_treasury_yield_curve,2026-07-24T15:03:36+00:00,decimal_annual_par_yield
2026-03-11,91,0.037100,2026-07-24T15:03:36+00:00,2026-03-15,https://home.treasury.gov/resource-center/data-chart-center/interest-rates/daily-treasury-rates.csv/2026/all?type=daily_treasury_yield_curve,2026-07-24T15:03:36+00:00,decimal_annual_par_yield
2026-03-11,121,0.036900,2026-07-24T15:03:36+00:00,2026-03-15,https://home.treasury.gov/resource-center/data-chart-center/interest-rates/daily-treasury-rates.csv/2026/all?type=daily_treasury_yield_curve,2026-07-24T15:03:36+00:00,decimal_annual_par_yield
2026-03-11,182,0.036800,2026-07-24T15:03:36+00:00,2026-03-15,https://home.treasury.gov/resource-center/data-chart-center/interest-rates/daily-treasury-rates.csv/2026/all?type=daily_treasury_yield_curve,2026-07-24T15:03:36+00:00,decimal_annual_par_yield
2026-03-11,365,0.036000,2026-07-24T15:03:36+00:00,2026-03-15,https://home.treasury.gov/resource-center/data-chart-center/interest-rates/daily-treasury-rates.csv/2026/all?type=daily_treasury_yield_curve,2026-07-24T15:03:36+00:00,decimal_annual_par_yield
2026-03-11,730,0.036400,2026-07-24T15:03:36+00:00,2026-03-15,https://home.treasury.gov/resource-center/data-chart-center/interest-rates/daily-treasury-rates.csv/2026/all?type=daily_treasury_yield_curve,2026-07-24T15:03:36+00:00,decimal_annual_par_yield
2026-03-10,30,0.037500,2026-07-24T15:03:36+00:00,2026-03-14,https://home.treasury.gov/resource-center/data-chart-center/interest-rates/daily-treasury-rates.csv/2026/all?type=daily_treasury_yield_curve,2026-07-24T15:03:36+00:00,decimal_annual_par_yield
2026-03-10,45,0.037400,2026-07-24T15:03:36+00:00,2026-03-14,https://home.treasury.gov/resource-center/data-chart-center/interest-rates/daily-treasury-rates.csv/2026/all?type=daily_treasury_yield_curve,2026-07-24T15:03:36+00:00,decimal_annual_par_yield
2026-03-10,61,0.037100,2026-07-24T15:03:36+00:00,2026-03-14,https://home.treasury.gov/resource-center/data-chart-center/interest-rates/daily-treasury-rates.csv/2026/all?type=daily_treasury_yield_curve,2026-07-24T15:03:36+00:00,decimal_annual_par_yield
2026-03-10,91,0.037100,2026-07-24T15:03:36+00:00,2026-03-14,https://home.treasury.gov/resource-center/data-chart-center/interest-rates/daily-treasury-rates.csv/2026/all?type=daily_treasury_yield_curve,2026-07-24T15:03:36+00:00,decimal_annual_par_yield
2026-03-10,121,0.036900,2026-07-24T15:03:36+00:00,2026-03-14,https://home.treasury.gov/resource-center/data-chart-center/interest-rates/daily-treasury-rates.csv/2026/all?type=daily_treasury_yield_curve,2026-07-24T15:03:36+00:00,decimal_annual_par_yield
2026-03-10,182,0.036800,2026-07-24T15:03:36+00:00,2026-03-14,https://home.treasury.gov/resource-center/data-chart-center/interest-rates/daily-treasury-rates.csv/2026/all?type=daily_treasury_yield_curve,2026-07-24T15:03:36+00:00,decimal_annual_par_yield
2026-03-10,365,0.035600,2026-07-24T15:03:36+00:00,2026-03-14,https://home.treasury.gov/resource-center/data-chart-center/interest-rates/daily-treasury-rates.csv/2026/all?type=daily_treasury_yield_curve,2026-07-24T15:03:36+00:00,decimal_annual_par_yield
2026-03-10,730,0.035700,2026-07-24T15:03:36+00:00,2026-03-14,https://home.treasury.gov/resource-center/data-chart-center/interest-rates/daily-treasury-rates.csv/2026/all?type=daily_treasury_yield_curve,2026-07-24T15:03:36+00:00,decimal_annual_par_yield
2026-03-09,30,0.037500,2026-07-24T15:03:36+00:00,2026-03-13,https://home.treasury.gov/resource-center/data-chart-center/interest-rates/daily-treasury-rates.csv/2026/all?type=daily_treasury_yield_curve,2026-07-24T15:03:36+00:00,decimal_annual_par_yield
2026-03-09,45,0.037300,2026-07-24T15:03:36+00:00,2026-03-13,https://home.treasury.gov/resource-center/data-chart-center/interest-rates/daily-treasury-rates.csv/2026/all?type=daily_treasury_yield_curve,2026-07-24T15:03:36+00:00,decimal_annual_par_yield
2026-03-09,61,0.037200,2026-07-24T15:03:36+00:00,2026-03-13,https://home.treasury.gov/resource-center/data-chart-center/interest-rates/daily-treasury-rates.csv/2026/all?type=daily_treasury_yield_curve,2026-07-24T15:03:36+00:00,decimal_annual_par_yield
2026-03-09,91,0.037100,2026-07-24T15:03:36+00:00,2026-03-13,https://home.treasury.gov/resource-center/data-chart-center/interest-rates/daily-treasury-rates.csv/2026/all?type=daily_treasury_yield_curve,2026-07-24T15:03:36+00:00,decimal_annual_par_yield
2026-03-09,121,0.036800,2026-07-24T15:03:36+00:00,2026-03-13,https://home.treasury.gov/resource-center/data-chart-center/interest-rates/daily-treasury-rates.csv/2026/all?type=daily_treasury_yield_curve,2026-07-24T15:03:36+00:00,decimal_annual_par_yield
2026-03-09,182,0.036800,2026-07-24T15:03:36+00:00,2026-03-13,https://home.treasury.gov/resource-center/data-chart-center/interest-rates/daily-treasury-rates.csv/2026/all?type=daily_treasury_yield_curve,2026-07-24T15:03:36+00:00,decimal_annual_par_yield
2026-03-09,365,0.035600,2026-07-24T15:03:36+00:00,2026-03-13,https://home.treasury.gov/resource-center/data-chart-center/interest-rates/daily-treasury-rates.csv/2026/all?type=daily_treasury_yield_curve,2026-07-24T15:03:36+00:00,decimal_annual_par_yield
2026-03-09,730,0.035600,2026-07-24T15:03:36+00:00,2026-03-13,https://home.treasury.gov/resource-center/data-chart-center/interest-rates/daily-treasury-rates.csv/2026/all?type=daily_treasury_yield_curve,2026-07-24T15:03:36+00:00,decimal_annual_par_yield
2026-03-06,30,0.037500,2026-07-24T15:03:36+00:00,2026-03-10,https://home.treasury.gov/resource-center/data-chart-center/interest-rates/daily-treasury-rates.csv/2026/all?type=daily_treasury_yield_curve,2026-07-24T15:03:36+00:00,decimal_annual_par_yield
2026-03-06,45,0.037400,2026-07-24T15:03:36+00:00,2026-03-10,https://home.treasury.gov/resource-center/data-chart-center/interest-rates/daily-treasury-rates.csv/2026/all?type=daily_treasury_yield_curve,2026-07-24T15:03:36+00:00,decimal_annual_par_yield
2026-03-06,61,0.037200,2026-07-24T15:03:36+00:00,2026-03-10,https://home.treasury.gov/resource-center/data-chart-center/interest-rates/daily-treasury-rates.csv/2026/all?type=daily_treasury_yield_curve,2026-07-24T15:03:36+00:00,decimal_annual_par_yield
2026-03-06,91,0.036900,2026-07-24T15:03:36+00:00,2026-03-10,https://home.treasury.gov/resource-center/data-chart-center/interest-rates/daily-treasury-rates.csv/2026/all?type=daily_treasury_yield_curve,2026-07-24T15:03:36+00:00,decimal_annual_par_yield
2026-03-06,121,0.036700,2026-07-24T15:03:36+00:00,2026-03-10,https://home.treasury.gov/resource-center/data-chart-center/interest-rates/daily-treasury-rates.csv/2026/all?type=daily_treasury_yield_curve,2026-07-24T15:03:36+00:00,decimal_annual_par_yield
2026-03-06,182,0.036600,2026-07-24T15:03:36+00:00,2026-03-10,https://home.treasury.gov/resource-center/data-chart-center/interest-rates/daily-treasury-rates.csv/2026/all?type=daily_treasury_yield_curve,2026-07-24T15:03:36+00:00,decimal_annual_par_yield
2026-03-06,365,0.035500,2026-07-24T15:03:36+00:00,2026-03-10,https://home.treasury.gov/resource-center/data-chart-center/interest-rates/daily-treasury-rates.csv/2026/all?type=daily_treasury_yield_curve,2026-07-24T15:03:36+00:00,decimal_annual_par_yield
2026-03-06,730,0.035600,2026-07-24T15:03:36+00:00,2026-03-10,https://home.treasury.gov/resource-center/data-chart-center/interest-rates/daily-treasury-rates.csv/2026/all?type=daily_treasury_yield_curve,2026-07-24T15:03:36+00:00,decimal_annual_par_yield
2026-03-05,30,0.037500,2026-07-24T15:03:36+00:00,2026-03-09,https://home.treasury.gov/resource-center/data-chart-center/interest-rates/daily-treasury-rates.csv/2026/all?type=daily_treasury_yield_curve,2026-07-24T15:03:36+00:00,decimal_annual_par_yield
2026-03-05,45,0.037400,2026-07-24T15:03:36+00:00,2026-03-09,https://home.treasury.gov/resource-center/data-chart-center/interest-rates/daily-treasury-rates.csv/2026/all?type=daily_treasury_yield_curve,2026-07-24T15:03:36+00:00,decimal_annual_par_yield
2026-03-05,61,0.037200,2026-07-24T15:03:36+00:00,2026-03-09,https://home.treasury.gov/resource-center/data-chart-center/interest-rates/daily-treasury-rates.csv/2026/all?type=daily_treasury_yield_curve,2026-07-24T15:03:36+00:00,decimal_annual_par_yield
2026-03-05,91,0.037000,2026-07-24T15:03:36+00:00,2026-03-09,https://home.treasury.gov/resource-center/data-chart-center/interest-rates/daily-treasury-rates.csv/2026/all?type=daily_treasury_yield_curve,2026-07-24T15:03:36+00:00,decimal_annual_par_yield
2026-03-05,121,0.036800,2026-07-24T15:03:36+00:00,2026-03-09,https://home.treasury.gov/resource-center/data-chart-center/interest-rates/daily-treasury-rates.csv/2026/all?type=daily_treasury_yield_curve,2026-07-24T15:03:36+00:00,decimal_annual_par_yield
2026-03-05,182,0.036800,2026-07-24T15:03:36+00:00,2026-03-09,https://home.treasury.gov/resource-center/data-chart-center/interest-rates/daily-treasury-rates.csv/2026/all?type=daily_treasury_yield_curve,2026-07-24T15:03:36+00:00,decimal_annual_par_yield
2026-03-05,365,0.035900,2026-07-24T15:03:36+00:00,2026-03-09,https://home.treasury.gov/resource-center/data-chart-center/interest-rates/daily-treasury-rates.csv/2026/all?type=daily_treasury_yield_curve,2026-07-24T15:03:36+00:00,decimal_annual_par_yield
2026-03-05,730,0.035700,2026-07-24T15:03:36+00:00,2026-03-09,https://home.treasury.gov/resource-center/data-chart-center/interest-rates/daily-treasury-rates.csv/2026/all?type=daily_treasury_yield_curve,2026-07-24T15:03:36+00:00,decimal_annual_par_yield
2026-03-04,30,0.037500,2026-07-24T15:03:36+00:00,2026-03-08,https://home.treasury.gov/resource-center/data-chart-center/interest-rates/daily-treasury-rates.csv/2026/all?type=daily_treasury_yield_curve,2026-07-24T15:03:36+00:00,decimal_annual_par_yield
2026-03-04,45,0.037500,2026-07-24T15:03:36+00:00,2026-03-08,https://home.treasury.gov/resource-center/data-chart-center/interest-rates/daily-treasury-rates.csv/2026/all?type=daily_treasury_yield_curve,2026-07-24T15:03:36+00:00,decimal_annual_par_yield
2026-03-04,61,0.037500,2026-07-24T15:03:36+00:00,2026-03-08,https://home.treasury.gov/resource-center/data-chart-center/interest-rates/daily-treasury-rates.csv/2026/all?type=daily_treasury_yield_curve,2026-07-24T15:03:36+00:00,decimal_annual_par_yield
2026-03-04,91,0.037100,2026-07-24T15:03:36+00:00,2026-03-08,https://home.treasury.gov/resource-center/data-chart-center/interest-rates/daily-treasury-rates.csv/2026/all?type=daily_treasury_yield_curve,2026-07-24T15:03:36+00:00,decimal_annual_par_yield
2026-03-04,121,0.036800,2026-07-24T15:03:36+00:00,2026-03-08,https://home.treasury.gov/resource-center/data-chart-center/interest-rates/daily-treasury-rates.csv/2026/all?type=daily_treasury_yield_curve,2026-07-24T15:03:36+00:00,decimal_annual_par_yield
2026-03-04,182,0.036800,2026-07-24T15:03:36+00:00,2026-03-08,https://home.treasury.gov/resource-center/data-chart-center/interest-rates/daily-treasury-rates.csv/2026/all?type=daily_treasury_yield_curve,2026-07-24T15:03:36+00:00,decimal_annual_par_yield
2026-03-04,365,0.035800,2026-07-24T15:03:36+00:00,2026-03-08,https://home.treasury.gov/resource-center/data-chart-center/interest-rates/daily-treasury-rates.csv/2026/all?type=daily_treasury_yield_curve,2026-07-24T15:03:36+00:00,decimal_annual_par_yield
2026-03-04,730,0.035400,2026-07-24T15:03:36+00:00,2026-03-08,https://home.treasury.gov/resource-center/data-chart-center/interest-rates/daily-treasury-rates.csv/2026/all?type=daily_treasury_yield_curve,2026-07-24T15:03:36+00:00,decimal_annual_par_yield
2026-03-03,30,0.037500,2026-07-24T15:03:36+00:00,2026-03-07,https://home.treasury.gov/resource-center/data-chart-center/interest-rates/daily-treasury-rates.csv/2026/all?type=daily_treasury_yield_curve,2026-07-24T15:03:36+00:00,decimal_annual_par_yield
2026-03-03,45,0.037500,2026-07-24T15:03:36+00:00,2026-03-07,https://home.treasury.gov/resource-center/data-chart-center/interest-rates/daily-treasury-rates.csv/2026/all?type=daily_treasury_yield_curve,2026-07-24T15:03:36+00:00,decimal_annual_par_yield
2026-03-03,61,0.037400,2026-07-24T15:03:36+00:00,2026-03-07,https://home.treasury.gov/resource-center/data-chart-center/interest-rates/daily-treasury-rates.csv/2026/all?type=daily_treasury_yield_curve,2026-07-24T15:03:36+00:00,decimal_annual_par_yield
2026-03-03,91,0.037100,2026-07-24T15:03:36+00:00,2026-03-07,https://home.treasury.gov/resource-center/data-chart-center/interest-rates/daily-treasury-rates.csv/2026/all?type=daily_treasury_yield_curve,2026-07-24T15:03:36+00:00,decimal_annual_par_yield
2026-03-03,121,0.036700,2026-07-24T15:03:36+00:00,2026-03-07,https://home.treasury.gov/resource-center/data-chart-center/interest-rates/daily-treasury-rates.csv/2026/all?type=daily_treasury_yield_curve,2026-07-24T15:03:36+00:00,decimal_annual_par_yield
2026-03-03,182,0.036800,2026-07-24T15:03:36+00:00,2026-03-07,https://home.treasury.gov/resource-center/data-chart-center/interest-rates/daily-treasury-rates.csv/2026/all?type=daily_treasury_yield_curve,2026-07-24T15:03:36+00:00,decimal_annual_par_yield
2026-03-03,365,0.035500,2026-07-24T15:03:36+00:00,2026-03-07,https://home.treasury.gov/resource-center/data-chart-center/interest-rates/daily-treasury-rates.csv/2026/all?type=daily_treasury_yield_curve,2026-07-24T15:03:36+00:00,decimal_annual_par_yield
2026-03-03,730,0.035100,2026-07-24T15:03:36+00:00,2026-03-07,https://home.treasury.gov/resource-center/data-chart-center/interest-rates/daily-treasury-rates.csv/2026/all?type=daily_treasury_yield_curve,2026-07-24T15:03:36+00:00,decimal_annual_par_yield
2026-03-02,30,0.037400,2026-07-24T15:03:36+00:00,2026-03-06,https://home.treasury.gov/resource-center/data-chart-center/interest-rates/daily-treasury-rates.csv/2026/all?type=daily_treasury_yield_curve,2026-07-24T15:03:36+00:00,decimal_annual_par_yield
2026-03-02,45,0.037400,2026-07-24T15:03:36+00:00,2026-03-06,https://home.treasury.gov/resource-center/data-chart-center/interest-rates/daily-treasury-rates.csv/2026/all?type=daily_treasury_yield_curve,2026-07-24T15:03:36+00:00,decimal_annual_par_yield
2026-03-02,61,0.037400,2026-07-24T15:03:36+00:00,2026-03-06,https://home.treasury.gov/resource-center/data-chart-center/interest-rates/daily-treasury-rates.csv/2026/all?type=daily_treasury_yield_curve,2026-07-24T15:03:36+00:00,decimal_annual_par_yield
2026-03-02,91,0.037200,2026-07-24T15:03:36+00:00,2026-03-06,https://home.treasury.gov/resource-center/data-chart-center/interest-rates/daily-treasury-rates.csv/2026/all?type=daily_treasury_yield_curve,2026-07-24T15:03:36+00:00,decimal_annual_par_yield
2026-03-02,121,0.036800,2026-07-24T15:03:36+00:00,2026-03-06,https://home.treasury.gov/resource-center/data-chart-center/interest-rates/daily-treasury-rates.csv/2026/all?type=daily_treasury_yield_curve,2026-07-24T15:03:36+00:00,decimal_annual_par_yield
2026-03-02,182,0.036800,2026-07-24T15:03:36+00:00,2026-03-06,https://home.treasury.gov/resource-center/data-chart-center/interest-rates/daily-treasury-rates.csv/2026/all?type=daily_treasury_yield_curve,2026-07-24T15:03:36+00:00,decimal_annual_par_yield
2026-03-02,365,0.035400,2026-07-24T15:03:36+00:00,2026-03-06,https://home.treasury.gov/resource-center/data-chart-center/interest-rates/daily-treasury-rates.csv/2026/all?type=daily_treasury_yield_curve,2026-07-24T15:03:36+00:00,decimal_annual_par_yield
2026-03-02,730,0.034700,2026-07-24T15:03:36+00:00,2026-03-06,https://home.treasury.gov/resource-center/data-chart-center/interest-rates/daily-treasury-rates.csv/2026/all?type=daily_treasury_yield_curve,2026-07-24T15:03:36+00:00,decimal_annual_par_yield
2026-02-27,30,0.037400,2026-07-24T15:03:36+00:00,2026-03-03,https://home.treasury.gov/resource-center/data-chart-center/interest-rates/daily-treasury-rates.csv/2026/all?type=daily_treasury_yield_curve,2026-07-24T15:03:36+00:00,decimal_annual_par_yield
2026-02-27,45,0.037300,2026-07-24T15:03:36+00:00,2026-03-03,https://home.treasury.gov/resource-center/data-chart-center/interest-rates/daily-treasury-rates.csv/2026/all?type=daily_treasury_yield_curve,2026-07-24T15:03:36+00:00,decimal_annual_par_yield
2026-02-27,61,0.037300,2026-07-24T15:03:36+00:00,2026-03-03,https://home.treasury.gov/resource-center/data-chart-center/interest-rates/daily-treasury-rates.csv/2026/all?type=daily_treasury_yield_curve,2026-07-24T15:03:36+00:00,decimal_annual_par_yield
2026-02-27,91,0.036700,2026-07-24T15:03:36+00:00,2026-03-03,https://home.treasury.gov/resource-center/data-chart-center/interest-rates/daily-treasury-rates.csv/2026/all?type=daily_treasury_yield_curve,2026-07-24T15:03:36+00:00,decimal_annual_par_yield
2026-02-27,121,0.036700,2026-07-24T15:03:36+00:00,2026-03-03,https://home.treasury.gov/resource-center/data-chart-center/interest-rates/daily-treasury-rates.csv/2026/all?type=daily_treasury_yield_curve,2026-07-24T15:03:36+00:00,decimal_annual_par_yield
2026-02-27,182,0.036000,2026-07-24T15:03:36+00:00,2026-03-03,https://home.treasury.gov/resource-center/data-chart-center/interest-rates/daily-treasury-rates.csv/2026/all?type=daily_treasury_yield_curve,2026-07-24T15:03:36+00:00,decimal_annual_par_yield
2026-02-27,365,0.034800,2026-07-24T15:03:36+00:00,2026-03-03,https://home.treasury.gov/resource-center/data-chart-center/interest-rates/daily-treasury-rates.csv/2026/all?type=daily_treasury_yield_curve,2026-07-24T15:03:36+00:00,decimal_annual_par_yield
2026-02-27,730,0.033800,2026-07-24T15:03:36+00:00,2026-03-03,https://home.treasury.gov/resource-center/data-chart-center/interest-rates/daily-treasury-rates.csv/2026/all?type=daily_treasury_yield_curve,2026-07-24T15:03:36+00:00,decimal_annual_par_yield
2026-02-26,30,0.037400,2026-07-24T15:03:36+00:00,2026-03-02,https://home.treasury.gov/resource-center/data-chart-center/interest-rates/daily-treasury-rates.csv/2026/all?type=daily_treasury_yield_curve,2026-07-24T15:03:36+00:00,decimal_annual_par_yield
2026-02-26,45,0.037400,2026-07-24T15:03:36+00:00,2026-03-02,https://home.treasury.gov/resource-center/data-chart-center/interest-rates/daily-treasury-rates.csv/2026/all?type=daily_treasury_yield_curve,2026-07-24T15:03:36+00:00,decimal_annual_par_yield
2026-02-26,61,0.037500,2026-07-24T15:03:36+00:00,2026-03-02,https://home.treasury.gov/resource-center/data-chart-center/interest-rates/daily-treasury-rates.csv/2026/all?type=daily_treasury_yield_curve,2026-07-24T15:03:36+00:00,decimal_annual_par_yield
2026-02-26,91,0.036800,2026-07-24T15:03:36+00:00,2026-03-02,https://home.treasury.gov/resource-center/data-chart-center/interest-rates/daily-treasury-rates.csv/2026/all?type=daily_treasury_yield_curve,2026-07-24T15:03:36+00:00,decimal_annual_par_yield
2026-02-26,121,0.036800,2026-07-24T15:03:36+00:00,2026-03-02,https://home.treasury.gov/resource-center/data-chart-center/interest-rates/daily-treasury-rates.csv/2026/all?type=daily_treasury_yield_curve,2026-07-24T15:03:36+00:00,decimal_annual_par_yield
2026-02-26,182,0.036100,2026-07-24T15:03:36+00:00,2026-03-02,https://home.treasury.gov/resource-center/data-chart-center/interest-rates/daily-treasury-rates.csv/2026/all?type=daily_treasury_yield_curve,2026-07-24T15:03:36+00:00,decimal_annual_par_yield
2026-02-26,365,0.035200,2026-07-24T15:03:36+00:00,2026-03-02,https://home.treasury.gov/resource-center/data-chart-center/interest-rates/daily-treasury-rates.csv/2026/all?type=daily_treasury_yield_curve,2026-07-24T15:03:36+00:00,decimal_annual_par_yield
2026-02-26,730,0.034200,2026-07-24T15:03:36+00:00,2026-03-02,https://home.treasury.gov/resource-center/data-chart-center/interest-rates/daily-treasury-rates.csv/2026/all?type=daily_treasury_yield_curve,2026-07-24T15:03:36+00:00,decimal_annual_par_yield
2026-02-25,30,0.037100,2026-07-24T15:03:36+00:00,2026-03-01,https://home.treasury.gov/resource-center/data-chart-center/interest-rates/daily-treasury-rates.csv/2026/all?type=daily_treasury_yield_curve,2026-07-24T15:03:36+00:00,decimal_annual_par_yield
2026-02-25,45,0.037400,2026-07-24T15:03:36+00:00,2026-03-01,https://home.treasury.gov/resource-center/data-chart-center/interest-rates/daily-treasury-rates.csv/2026/all?type=daily_treasury_yield_curve,2026-07-24T15:03:36+00:00,decimal_annual_par_yield
2026-02-25,61,0.037300,2026-07-24T15:03:36+00:00,2026-03-01,https://home.treasury.gov/resource-center/data-chart-center/interest-rates/daily-treasury-rates.csv/2026/all?type=daily_treasury_yield_curve,2026-07-24T15:03:36+00:00,decimal_annual_par_yield
2026-02-25,91,0.036900,2026-07-24T15:03:36+00:00,2026-03-01,https://home.treasury.gov/resource-center/data-chart-center/interest-rates/daily-treasury-rates.csv/2026/all?type=daily_treasury_yield_curve,2026-07-24T15:03:36+00:00,decimal_annual_par_yield
2026-02-25,121,0.036800,2026-07-24T15:03:36+00:00,2026-03-01,https://home.treasury.gov/resource-center/data-chart-center/interest-rates/daily-treasury-rates.csv/2026/all?type=daily_treasury_yield_curve,2026-07-24T15:03:36+00:00,decimal_annual_par_yield
2026-02-25,182,0.036200,2026-07-24T15:03:36+00:00,2026-03-01,https://home.treasury.gov/resource-center/data-chart-center/interest-rates/daily-treasury-rates.csv/2026/all?type=daily_treasury_yield_curve,2026-07-24T15:03:36+00:00,decimal_annual_par_yield
2026-02-25,365,0.035300,2026-07-24T15:03:36+00:00,2026-03-01,https://home.treasury.gov/resource-center/data-chart-center/interest-rates/daily-treasury-rates.csv/2026/all?type=daily_treasury_yield_curve,2026-07-24T15:03:36+00:00,decimal_annual_par_yield
2026-02-25,730,0.034500,2026-07-24T15:03:36+00:00,2026-03-01,https://home.treasury.gov/resource-center/data-chart-center/interest-rates/daily-treasury-rates.csv/2026/all?type=daily_treasury_yield_curve,2026-07-24T15:03:36+00:00,decimal_annual_par_yield
2026-02-24,30,0.037200,2026-07-24T15:03:36+00:00,2026-02-28,https://home.treasury.gov/resource-center/data-chart-center/interest-rates/daily-treasury-rates.csv/2026/all?type=daily_treasury_yield_curve,2026-07-24T15:03:36+00:00,decimal_annual_par_yield
2026-02-24,45,0.037500,2026-07-24T15:03:36+00:00,2026-02-28,https://home.treasury.gov/resource-center/data-chart-center/interest-rates/daily-treasury-rates.csv/2026/all?type=daily_treasury_yield_curve,2026-07-24T15:03:36+00:00,decimal_annual_par_yield
2026-02-24,61,0.037300,2026-07-24T15:03:36+00:00,2026-02-28,https://home.treasury.gov/resource-center/data-chart-center/interest-rates/daily-treasury-rates.csv/2026/all?type=daily_treasury_yield_curve,2026-07-24T15:03:36+00:00,decimal_annual_par_yield
2026-02-24,91,0.036900,2026-07-24T15:03:36+00:00,2026-02-28,https://home.treasury.gov/resource-center/data-chart-center/interest-rates/daily-treasury-rates.csv/2026/all?type=daily_treasury_yield_curve,2026-07-24T15:03:36+00:00,decimal_annual_par_yield
2026-02-24,121,0.037000,2026-07-24T15:03:36+00:00,2026-02-28,https://home.treasury.gov/resource-center/data-chart-center/interest-rates/daily-treasury-rates.csv/2026/all?type=daily_treasury_yield_curve,2026-07-24T15:03:36+00:00,decimal_annual_par_yield
2026-02-24,182,0.036200,2026-07-24T15:03:36+00:00,2026-02-28,https://home.treasury.gov/resource-center/data-chart-center/interest-rates/daily-treasury-rates.csv/2026/all?type=daily_treasury_yield_curve,2026-07-24T15:03:36+00:00,decimal_annual_par_yield
2026-02-24,365,0.035200,2026-07-24T15:03:36+00:00,2026-02-28,https://home.treasury.gov/resource-center/data-chart-center/interest-rates/daily-treasury-rates.csv/2026/all?type=daily_treasury_yield_curve,2026-07-24T15:03:36+00:00,decimal_annual_par_yield
2026-02-24,730,0.034300,2026-07-24T15:03:36+00:00,2026-02-28,https://home.treasury.gov/resource-center/data-chart-center/interest-rates/daily-treasury-rates.csv/2026/all?type=daily_treasury_yield_curve,2026-07-24T15:03:36+00:00,decimal_annual_par_yield
2026-02-23,30,0.037200,2026-07-24T15:03:36+00:00,2026-02-27,https://home.treasury.gov/resource-center/data-chart-center/interest-rates/daily-treasury-rates.csv/2026/all?type=daily_treasury_yield_curve,2026-07-24T15:03:36+00:00,decimal_annual_par_yield
2026-02-23,45,0.037400,2026-07-24T15:03:36+00:00,2026-02-27,https://home.treasury.gov/resource-center/data-chart-center/interest-rates/daily-treasury-rates.csv/2026/all?type=daily_treasury_yield_curve,2026-07-24T15:03:36+00:00,decimal_annual_par_yield
2026-02-23,61,0.037400,2026-07-24T15:03:36+00:00,2026-02-27,https://home.treasury.gov/resource-center/data-chart-center/interest-rates/daily-treasury-rates.csv/2026/all?type=daily_treasury_yield_curve,2026-07-24T15:03:36+00:00,decimal_annual_par_yield
2026-02-23,91,0.036900,2026-07-24T15:03:36+00:00,2026-02-27,https://home.treasury.gov/resource-center/data-chart-center/interest-rates/daily-treasury-rates.csv/2026/all?type=daily_treasury_yield_curve,2026-07-24T15:03:36+00:00,decimal_annual_par_yield
2026-02-23,121,0.037000,2026-07-24T15:03:36+00:00,2026-02-27,https://home.treasury.gov/resource-center/data-chart-center/interest-rates/daily-treasury-rates.csv/2026/all?type=daily_treasury_yield_curve,2026-07-24T15:03:36+00:00,decimal_annual_par_yield
2026-02-23,182,0.036200,2026-07-24T15:03:36+00:00,2026-02-27,https://home.treasury.gov/resource-center/data-chart-center/interest-rates/daily-treasury-rates.csv/2026/all?type=daily_treasury_yield_curve,2026-07-24T15:03:36+00:00,decimal_annual_par_yield
2026-02-23,365,0.035000,2026-07-24T15:03:36+00:00,2026-02-27,https://home.treasury.gov/resource-center/data-chart-center/interest-rates/daily-treasury-rates.csv/2026/all?type=daily_treasury_yield_curve,2026-07-24T15:03:36+00:00,decimal_annual_par_yield
2026-02-23,730,0.034300,2026-07-24T15:03:36+00:00,2026-02-27,https://home.treasury.gov/resource-center/data-chart-center/interest-rates/daily-treasury-rates.csv/2026/all?type=daily_treasury_yield_curve,2026-07-24T15:03:36+00:00,decimal_annual_par_yield
2026-02-20,30,0.037200,2026-07-24T15:03:36+00:00,2026-02-24,https://home.treasury.gov/resource-center/data-chart-center/interest-rates/daily-treasury-rates.csv/2026/all?type=daily_treasury_yield_curve,2026-07-24T15:03:36+00:00,decimal_annual_par_yield
2026-02-20,45,0.037300,2026-07-24T15:03:36+00:00,2026-02-24,https://home.treasury.gov/resource-center/data-chart-center/interest-rates/daily-treasury-rates.csv/2026/all?type=daily_treasury_yield_curve,2026-07-24T15:03:36+00:00,decimal_annual_par_yield
2026-02-20,61,0.037400,2026-07-24T15:03:36+00:00,2026-02-24,https://home.treasury.gov/resource-center/data-chart-center/interest-rates/daily-treasury-rates.csv/2026/all?type=daily_treasury_yield_curve,2026-07-24T15:03:36+00:00,decimal_annual_par_yield
2026-02-20,91,0.036900,2026-07-24T15:03:36+00:00,2026-02-24,https://home.treasury.gov/resource-center/data-chart-center/interest-rates/daily-treasury-rates.csv/2026/all?type=daily_treasury_yield_curve,2026-07-24T15:03:36+00:00,decimal_annual_par_yield
2026-02-20,121,0.037100,2026-07-24T15:03:36+00:00,2026-02-24,https://home.treasury.gov/resource-center/data-chart-center/interest-rates/daily-treasury-rates.csv/2026/all?type=daily_treasury_yield_curve,2026-07-24T15:03:36+00:00,decimal_annual_par_yield
2026-02-20,182,0.036100,2026-07-24T15:03:36+00:00,2026-02-24,https://home.treasury.gov/resource-center/data-chart-center/interest-rates/daily-treasury-rates.csv/2026/all?type=daily_treasury_yield_curve,2026-07-24T15:03:36+00:00,decimal_annual_par_yield
2026-02-20,365,0.035100,2026-07-24T15:03:36+00:00,2026-02-24,https://home.treasury.gov/resource-center/data-chart-center/interest-rates/daily-treasury-rates.csv/2026/all?type=daily_treasury_yield_curve,2026-07-24T15:03:36+00:00,decimal_annual_par_yield
2026-02-20,730,0.034800,2026-07-24T15:03:36+00:00,2026-02-24,https://home.treasury.gov/resource-center/data-chart-center/interest-rates/daily-treasury-rates.csv/2026/all?type=daily_treasury_yield_curve,2026-07-24T15:03:36+00:00,decimal_annual_par_yield
2026-02-19,30,0.037200,2026-07-24T15:03:36+00:00,2026-02-23,https://home.treasury.gov/resource-center/data-chart-center/interest-rates/daily-treasury-rates.csv/2026/all?type=daily_treasury_yield_curve,2026-07-24T15:03:36+00:00,decimal_annual_par_yield
2026-02-19,45,0.037400,2026-07-24T15:03:36+00:00,2026-02-23,https://home.treasury.gov/resource-center/data-chart-center/interest-rates/daily-treasury-rates.csv/2026/all?type=daily_treasury_yield_curve,2026-07-24T15:03:36+00:00,decimal_annual_par_yield
2026-02-19,61,0.037500,2026-07-24T15:03:36+00:00,2026-02-23,https://home.treasury.gov/resource-center/data-chart-center/interest-rates/daily-treasury-rates.csv/2026/all?type=daily_treasury_yield_curve,2026-07-24T15:03:36+00:00,decimal_annual_par_yield
2026-02-19,91,0.036900,2026-07-24T15:03:36+00:00,2026-02-23,https://home.treasury.gov/resource-center/data-chart-center/interest-rates/daily-treasury-rates.csv/2026/all?type=daily_treasury_yield_curve,2026-07-24T15:03:36+00:00,decimal_annual_par_yield
2026-02-19,121,0.037000,2026-07-24T15:03:36+00:00,2026-02-23,https://home.treasury.gov/resource-center/data-chart-center/interest-rates/daily-treasury-rates.csv/2026/all?type=daily_treasury_yield_curve,2026-07-24T15:03:36+00:00,decimal_annual_par_yield
2026-02-19,182,0.036000,2026-07-24T15:03:36+00:00,2026-02-23,https://home.treasury.gov/resource-center/data-chart-center/interest-rates/daily-treasury-rates.csv/2026/all?type=daily_treasury_yield_curve,2026-07-24T15:03:36+00:00,decimal_annual_par_yield
2026-02-19,365,0.035000,2026-07-24T15:03:36+00:00,2026-02-23,https://home.treasury.gov/resource-center/data-chart-center/interest-rates/daily-treasury-rates.csv/2026/all?type=daily_treasury_yield_curve,2026-07-24T15:03:36+00:00,decimal_annual_par_yield
2026-02-19,730,0.034700,2026-07-24T15:03:36+00:00,2026-02-23,https://home.treasury.gov/resource-center/data-chart-center/interest-rates/daily-treasury-rates.csv/2026/all?type=daily_treasury_yield_curve,2026-07-24T15:03:36+00:00,decimal_annual_par_yield
2026-02-18,30,0.037100,2026-07-24T15:03:36+00:00,2026-02-22,https://home.treasury.gov/resource-center/data-chart-center/interest-rates/daily-treasury-rates.csv/2026/all?type=daily_treasury_yield_curve,2026-07-24T15:03:36+00:00,decimal_annual_par_yield
2026-02-18,45,0.037400,2026-07-24T15:03:36+00:00,2026-02-22,https://home.treasury.gov/resource-center/data-chart-center/interest-rates/daily-treasury-rates.csv/2026/all?type=daily_treasury_yield_curve,2026-07-24T15:03:36+00:00,decimal_annual_par_yield
2026-02-18,61,0.037300,2026-07-24T15:03:36+00:00,2026-02-22,https://home.treasury.gov/resource-center/data-chart-center/interest-rates/daily-treasury-rates.csv/2026/all?type=daily_treasury_yield_curve,2026-07-24T15:03:36+00:00,decimal_annual_par_yield
2026-02-18,91,0.037000,2026-07-24T15:03:36+00:00,2026-02-22,https://home.treasury.gov/resource-center/data-chart-center/interest-rates/daily-treasury-rates.csv/2026/all?type=daily_treasury_yield_curve,2026-07-24T15:03:36+00:00,decimal_annual_par_yield
2026-02-18,121,0.037000,2026-07-24T15:03:36+00:00,2026-02-22,https://home.treasury.gov/resource-center/data-chart-center/interest-rates/daily-treasury-rates.csv/2026/all?type=daily_treasury_yield_curve,2026-07-24T15:03:36+00:00,decimal_annual_par_yield
2026-02-18,182,0.036000,2026-07-24T15:03:36+00:00,2026-02-22,https://home.treasury.gov/resource-center/data-chart-center/interest-rates/daily-treasury-rates.csv/2026/all?type=daily_treasury_yield_curve,2026-07-24T15:03:36+00:00,decimal_annual_par_yield
2026-02-18,365,0.034900,2026-07-24T15:03:36+00:00,2026-02-22,https://home.treasury.gov/resource-center/data-chart-center/interest-rates/daily-treasury-rates.csv/2026/all?type=daily_treasury_yield_curve,2026-07-24T15:03:36+00:00,decimal_annual_par_yield
2026-02-18,730,0.034700,2026-07-24T15:03:36+00:00,2026-02-22,https://home.treasury.gov/resource-center/data-chart-center/interest-rates/daily-treasury-rates.csv/2026/all?type=daily_treasury_yield_curve,2026-07-24T15:03:36+00:00,decimal_annual_par_yield
2026-02-17,30,0.037200,2026-07-24T15:03:36+00:00,2026-02-21,https://home.treasury.gov/resource-center/data-chart-center/interest-rates/daily-treasury-rates.csv/2026/all?type=daily_treasury_yield_curve,2026-07-24T15:03:36+00:00,decimal_annual_par_yield
2026-02-17,45,0.037500,2026-07-24T15:03:36+00:00,2026-02-21,https://home.treasury.gov/resource-center/data-chart-center/interest-rates/daily-treasury-rates.csv/2026/all?type=daily_treasury_yield_curve,2026-07-24T15:03:36+00:00,decimal_annual_par_yield
2026-02-17,61,0.037300,2026-07-24T15:03:36+00:00,2026-02-21,https://home.treasury.gov/resource-center/data-chart-center/interest-rates/daily-treasury-rates.csv/2026/all?type=daily_treasury_yield_curve,2026-07-24T15:03:36+00:00,decimal_annual_par_yield
2026-02-17,91,0.036900,2026-07-24T15:03:36+00:00,2026-02-21,https://home.treasury.gov/resource-center/data-chart-center/interest-rates/daily-treasury-rates.csv/2026/all?type=daily_treasury_yield_curve,2026-07-24T15:03:36+00:00,decimal_annual_par_yield
2026-02-17,121,0.037000,2026-07-24T15:03:36+00:00,2026-02-21,https://home.treasury.gov/resource-center/data-chart-center/interest-rates/daily-treasury-rates.csv/2026/all?type=daily_treasury_yield_curve,2026-07-24T15:03:36+00:00,decimal_annual_par_yield
2026-02-17,182,0.035900,2026-07-24T15:03:36+00:00,2026-02-21,https://home.treasury.gov/resource-center/data-chart-center/interest-rates/daily-treasury-rates.csv/2026/all?type=daily_treasury_yield_curve,2026-07-24T15:03:36+00:00,decimal_annual_par_yield
2026-02-17,365,0.034800,2026-07-24T15:03:36+00:00,2026-02-21,https://home.treasury.gov/resource-center/data-chart-center/interest-rates/daily-treasury-rates.csv/2026/all?type=daily_treasury_yield_curve,2026-07-24T15:03:36+00:00,decimal_annual_par_yield
2026-02-17,730,0.034300,2026-07-24T15:03:36+00:00,2026-02-21,https://home.treasury.gov/resource-center/data-chart-center/interest-rates/daily-treasury-rates.csv/2026/all?type=daily_treasury_yield_curve,2026-07-24T15:03:36+00:00,decimal_annual_par_yield
2026-02-13,30,0.037200,2026-07-24T15:03:36+00:00,2026-02-17,https://home.treasury.gov/resource-center/data-chart-center/interest-rates/daily-treasury-rates.csv/2026/all?type=daily_treasury_yield_curve,2026-07-24T15:03:36+00:00,decimal_annual_par_yield
2026-02-13,45,0.037100,2026-07-24T15:03:36+00:00,2026-02-17,https://home.treasury.gov/resource-center/data-chart-center/interest-rates/daily-treasury-rates.csv/2026/all?type=daily_treasury_yield_curve,2026-07-24T15:03:36+00:00,decimal_annual_par_yield
2026-02-13,61,0.037300,2026-07-24T15:03:36+00:00,2026-02-17,https://home.treasury.gov/resource-center/data-chart-center/interest-rates/daily-treasury-rates.csv/2026/all?type=daily_treasury_yield_curve,2026-07-24T15:03:36+00:00,decimal_annual_par_yield
2026-02-13,91,0.036800,2026-07-24T15:03:36+00:00,2026-02-17,https://home.treasury.gov/resource-center/data-chart-center/interest-rates/daily-treasury-rates.csv/2026/all?type=daily_treasury_yield_curve,2026-07-24T15:03:36+00:00,decimal_annual_par_yield
2026-02-13,121,0.037000,2026-07-24T15:03:36+00:00,2026-02-17,https://home.treasury.gov/resource-center/data-chart-center/interest-rates/daily-treasury-rates.csv/2026/all?type=daily_treasury_yield_curve,2026-07-24T15:03:36+00:00,decimal_annual_par_yield
2026-02-13,182,0.035900,2026-07-24T15:03:36+00:00,2026-02-17,https://home.treasury.gov/resource-center/data-chart-center/interest-rates/daily-treasury-rates.csv/2026/all?type=daily_treasury_yield_curve,2026-07-24T15:03:36+00:00,decimal_annual_par_yield
2026-02-13,365,0.034200,2026-07-24T15:03:36+00:00,2026-02-17,https://home.treasury.gov/resource-center/data-chart-center/interest-rates/daily-treasury-rates.csv/2026/all?type=daily_treasury_yield_curve,2026-07-24T15:03:36+00:00,decimal_annual_par_yield
2026-02-13,730,0.034000,2026-07-24T15:03:36+00:00,2026-02-17,https://home.treasury.gov/resource-center/data-chart-center/interest-rates/daily-treasury-rates.csv/2026/all?type=daily_treasury_yield_curve,2026-07-24T15:03:36+00:00,decimal_annual_par_yield
2026-02-12,30,0.037200,2026-07-24T15:03:36+00:00,2026-02-16,https://home.treasury.gov/resource-center/data-chart-center/interest-rates/daily-treasury-rates.csv/2026/all?type=daily_treasury_yield_curve,2026-07-24T15:03:36+00:00,decimal_annual_par_yield
2026-02-12,45,0.037100,2026-07-24T15:03:36+00:00,2026-02-16,https://home.treasury.gov/resource-center/data-chart-center/interest-rates/daily-treasury-rates.csv/2026/all?type=daily_treasury_yield_curve,2026-07-24T15:03:36+00:00,decimal_annual_par_yield
2026-02-12,61,0.037400,2026-07-24T15:03:36+00:00,2026-02-16,https://home.treasury.gov/resource-center/data-chart-center/interest-rates/daily-treasury-rates.csv/2026/all?type=daily_treasury_yield_curve,2026-07-24T15:03:36+00:00,decimal_annual_par_yield
2026-02-12,91,0.037000,2026-07-24T15:03:36+00:00,2026-02-16,https://home.treasury.gov/resource-center/data-chart-center/interest-rates/daily-treasury-rates.csv/2026/all?type=daily_treasury_yield_curve,2026-07-24T15:03:36+00:00,decimal_annual_par_yield
2026-02-12,121,0.037000,2026-07-24T15:03:36+00:00,2026-02-16,https://home.treasury.gov/resource-center/data-chart-center/interest-rates/daily-treasury-rates.csv/2026/all?type=daily_treasury_yield_curve,2026-07-24T15:03:36+00:00,decimal_annual_par_yield
2026-02-12,182,0.035800,2026-07-24T15:03:36+00:00,2026-02-16,https://home.treasury.gov/resource-center/data-chart-center/interest-rates/daily-treasury-rates.csv/2026/all?type=daily_treasury_yield_curve,2026-07-24T15:03:36+00:00,decimal_annual_par_yield
2026-02-12,365,0.034500,2026-07-24T15:03:36+00:00,2026-02-16,https://home.treasury.gov/resource-center/data-chart-center/interest-rates/daily-treasury-rates.csv/2026/all?type=daily_treasury_yield_curve,2026-07-24T15:03:36+00:00,decimal_annual_par_yield
2026-02-12,730,0.034700,2026-07-24T15:03:36+00:00,2026-02-16,https://home.treasury.gov/resource-center/data-chart-center/interest-rates/daily-treasury-rates.csv/2026/all?type=daily_treasury_yield_curve,2026-07-24T15:03:36+00:00,decimal_annual_par_yield
2026-02-11,30,0.037100,2026-07-24T15:03:36+00:00,2026-02-15,https://home.treasury.gov/resource-center/data-chart-center/interest-rates/daily-treasury-rates.csv/2026/all?type=daily_treasury_yield_curve,2026-07-24T15:03:36+00:00,decimal_annual_par_yield
2026-02-11,45,0.037100,2026-07-24T15:03:36+00:00,2026-02-15,https://home.treasury.gov/resource-center/data-chart-center/interest-rates/daily-treasury-rates.csv/2026/all?type=daily_treasury_yield_curve,2026-07-24T15:03:36+00:00,decimal_annual_par_yield
2026-02-11,61,0.037300,2026-07-24T15:03:36+00:00,2026-02-15,https://home.treasury.gov/resource-center/data-chart-center/interest-rates/daily-treasury-rates.csv/2026/all?type=daily_treasury_yield_curve,2026-07-24T15:03:36+00:00,decimal_annual_par_yield
2026-02-11,91,0.037000,2026-07-24T15:03:36+00:00,2026-02-15,https://home.treasury.gov/resource-center/data-chart-center/interest-rates/daily-treasury-rates.csv/2026/all?type=daily_treasury_yield_curve,2026-07-24T15:03:36+00:00,decimal_annual_par_yield
2026-02-11,121,0.037000,2026-07-24T15:03:36+00:00,2026-02-15,https://home.treasury.gov/resource-center/data-chart-center/interest-rates/daily-treasury-rates.csv/2026/all?type=daily_treasury_yield_curve,2026-07-24T15:03:36+00:00,decimal_annual_par_yield
2026-02-11,182,0.036000,2026-07-24T15:03:36+00:00,2026-02-15,https://home.treasury.gov/resource-center/data-chart-center/interest-rates/daily-treasury-rates.csv/2026/all?type=daily_treasury_yield_curve,2026-07-24T15:03:36+00:00,decimal_annual_par_yield
2026-02-11,365,0.034700,2026-07-24T15:03:36+00:00,2026-02-15,https://home.treasury.gov/resource-center/data-chart-center/interest-rates/daily-treasury-rates.csv/2026/all?type=daily_treasury_yield_curve,2026-07-24T15:03:36+00:00,decimal_annual_par_yield
2026-02-11,730,0.035200,2026-07-24T15:03:36+00:00,2026-02-15,https://home.treasury.gov/resource-center/data-chart-center/interest-rates/daily-treasury-rates.csv/2026/all?type=daily_treasury_yield_curve,2026-07-24T15:03:36+00:00,decimal_annual_par_yield
2026-02-10,30,0.037200,2026-07-24T15:03:36+00:00,2026-02-14,https://home.treasury.gov/resource-center/data-chart-center/interest-rates/daily-treasury-rates.csv/2026/all?type=daily_treasury_yield_curve,2026-07-24T15:03:36+00:00,decimal_annual_par_yield
2026-02-10,45,0.037200,2026-07-24T15:03:36+00:00,2026-02-14,https://home.treasury.gov/resource-center/data-chart-center/interest-rates/daily-treasury-rates.csv/2026/all?type=daily_treasury_yield_curve,2026-07-24T15:03:36+00:00,decimal_annual_par_yield
2026-02-10,61,0.037400,2026-07-24T15:03:36+00:00,2026-02-14,https://home.treasury.gov/resource-center/data-chart-center/interest-rates/daily-treasury-rates.csv/2026/all?type=daily_treasury_yield_curve,2026-07-24T15:03:36+00:00,decimal_annual_par_yield
2026-02-10,91,0.036900,2026-07-24T15:03:36+00:00,2026-02-14,https://home.treasury.gov/resource-center/data-chart-center/interest-rates/daily-treasury-rates.csv/2026/all?type=daily_treasury_yield_curve,2026-07-24T15:03:36+00:00,decimal_annual_par_yield
2026-02-10,121,0.036900,2026-07-24T15:03:36+00:00,2026-02-14,https://home.treasury.gov/resource-center/data-chart-center/interest-rates/daily-treasury-rates.csv/2026/all?type=daily_treasury_yield_curve,2026-07-24T15:03:36+00:00,decimal_annual_par_yield
2026-02-10,182,0.035800,2026-07-24T15:03:36+00:00,2026-02-14,https://home.treasury.gov/resource-center/data-chart-center/interest-rates/daily-treasury-rates.csv/2026/all?type=daily_treasury_yield_curve,2026-07-24T15:03:36+00:00,decimal_annual_par_yield
2026-02-10,365,0.034000,2026-07-24T15:03:36+00:00,2026-02-14,https://home.treasury.gov/resource-center/data-chart-center/interest-rates/daily-treasury-rates.csv/2026/all?type=daily_treasury_yield_curve,2026-07-24T15:03:36+00:00,decimal_annual_par_yield
2026-02-10,730,0.034500,2026-07-24T15:03:36+00:00,2026-02-14,https://home.treasury.gov/resource-center/data-chart-center/interest-rates/daily-treasury-rates.csv/2026/all?type=daily_treasury_yield_curve,2026-07-24T15:03:36+00:00,decimal_annual_par_yield
2026-02-09,30,0.037200,2026-07-24T15:03:36+00:00,2026-02-13,https://home.treasury.gov/resource-center/data-chart-center/interest-rates/daily-treasury-rates.csv/2026/all?type=daily_treasury_yield_curve,2026-07-24T15:03:36+00:00,decimal_annual_par_yield
2026-02-09,45,0.037200,2026-07-24T15:03:36+00:00,2026-02-13,https://home.treasury.gov/resource-center/data-chart-center/interest-rates/daily-treasury-rates.csv/2026/all?type=daily_treasury_yield_curve,2026-07-24T15:03:36+00:00,decimal_annual_par_yield
2026-02-09,61,0.037300,2026-07-24T15:03:36+00:00,2026-02-13,https://home.treasury.gov/resource-center/data-chart-center/interest-rates/daily-treasury-rates.csv/2026/all?type=daily_treasury_yield_curve,2026-07-24T15:03:36+00:00,decimal_annual_par_yield
2026-02-09,91,0.036900,2026-07-24T15:03:36+00:00,2026-02-13,https://home.treasury.gov/resource-center/data-chart-center/interest-rates/daily-treasury-rates.csv/2026/all?type=daily_treasury_yield_curve,2026-07-24T15:03:36+00:00,decimal_annual_par_yield
2026-02-09,121,0.037000,2026-07-24T15:03:36+00:00,2026-02-13,https://home.treasury.gov/resource-center/data-chart-center/interest-rates/daily-treasury-rates.csv/2026/all?type=daily_treasury_yield_curve,2026-07-24T15:03:36+00:00,decimal_annual_par_yield
2026-02-09,182,0.035900,2026-07-24T15:03:36+00:00,2026-02-13,https://home.treasury.gov/resource-center/data-chart-center/interest-rates/daily-treasury-rates.csv/2026/all?type=daily_treasury_yield_curve,2026-07-24T15:03:36+00:00,decimal_annual_par_yield
2026-02-09,365,0.034300,2026-07-24T15:03:36+00:00,2026-02-13,https://home.treasury.gov/resource-center/data-chart-center/interest-rates/daily-treasury-rates.csv/2026/all?type=daily_treasury_yield_curve,2026-07-24T15:03:36+00:00,decimal_annual_par_yield
2026-02-09,730,0.034800,2026-07-24T15:03:36+00:00,2026-02-13,https://home.treasury.gov/resource-center/data-chart-center/interest-rates/daily-treasury-rates.csv/2026/all?type=daily_treasury_yield_curve,2026-07-24T15:03:36+00:00,decimal_annual_par_yield
2026-02-06,30,0.037200,2026-07-24T15:03:36+00:00,2026-02-10,https://home.treasury.gov/resource-center/data-chart-center/interest-rates/daily-treasury-rates.csv/2026/all?type=daily_treasury_yield_curve,2026-07-24T15:03:36+00:00,decimal_annual_par_yield
2026-02-06,45,0.037200,2026-07-24T15:03:36+00:00,2026-02-10,https://home.treasury.gov/resource-center/data-chart-center/interest-rates/daily-treasury-rates.csv/2026/all?type=daily_treasury_yield_curve,2026-07-24T15:03:36+00:00,decimal_annual_par_yield
2026-02-06,61,0.037400,2026-07-24T15:03:36+00:00,2026-02-10,https://home.treasury.gov/resource-center/data-chart-center/interest-rates/daily-treasury-rates.csv/2026/all?type=daily_treasury_yield_curve,2026-07-24T15:03:36+00:00,decimal_annual_par_yield
2026-02-06,91,0.036800,2026-07-24T15:03:36+00:00,2026-02-10,https://home.treasury.gov/resource-center/data-chart-center/interest-rates/daily-treasury-rates.csv/2026/all?type=daily_treasury_yield_curve,2026-07-24T15:03:36+00:00,decimal_annual_par_yield
2026-02-06,121,0.037000,2026-07-24T15:03:36+00:00,2026-02-10,https://home.treasury.gov/resource-center/data-chart-center/interest-rates/daily-treasury-rates.csv/2026/all?type=daily_treasury_yield_curve,2026-07-24T15:03:36+00:00,decimal_annual_par_yield
2026-02-06,182,0.035900,2026-07-24T15:03:36+00:00,2026-02-10,https://home.treasury.gov/resource-center/data-chart-center/interest-rates/daily-treasury-rates.csv/2026/all?type=daily_treasury_yield_curve,2026-07-24T15:03:36+00:00,decimal_annual_par_yield
2026-02-06,365,0.034500,2026-07-24T15:03:36+00:00,2026-02-10,https://home.treasury.gov/resource-center/data-chart-center/interest-rates/daily-treasury-rates.csv/2026/all?type=daily_treasury_yield_curve,2026-07-24T15:03:36+00:00,decimal_annual_par_yield
2026-02-06,730,0.035000,2026-07-24T15:03:36+00:00,2026-02-10,https://home.treasury.gov/resource-center/data-chart-center/interest-rates/daily-treasury-rates.csv/2026/all?type=daily_treasury_yield_curve,2026-07-24T15:03:36+00:00,decimal_annual_par_yield
2026-02-05,30,0.037200,2026-07-24T15:03:36+00:00,2026-02-09,https://home.treasury.gov/resource-center/data-chart-center/interest-rates/daily-treasury-rates.csv/2026/all?type=daily_treasury_yield_curve,2026-07-24T15:03:36+00:00,decimal_annual_par_yield
2026-02-05,45,0.037100,2026-07-24T15:03:36+00:00,2026-02-09,https://home.treasury.gov/resource-center/data-chart-center/interest-rates/daily-treasury-rates.csv/2026/all?type=daily_treasury_yield_curve,2026-07-24T15:03:36+00:00,decimal_annual_par_yield
2026-02-05,61,0.037400,2026-07-24T15:03:36+00:00,2026-02-09,https://home.treasury.gov/resource-center/data-chart-center/interest-rates/daily-treasury-rates.csv/2026/all?type=daily_treasury_yield_curve,2026-07-24T15:03:36+00:00,decimal_annual_par_yield
2026-02-05,91,0.036700,2026-07-24T15:03:36+00:00,2026-02-09,https://home.treasury.gov/resource-center/data-chart-center/interest-rates/daily-treasury-rates.csv/2026/all?type=daily_treasury_yield_curve,2026-07-24T15:03:36+00:00,decimal_annual_par_yield
2026-02-05,121,0.036800,2026-07-24T15:03:36+00:00,2026-02-09,https://home.treasury.gov/resource-center/data-chart-center/interest-rates/daily-treasury-rates.csv/2026/all?type=daily_treasury_yield_curve,2026-07-24T15:03:36+00:00,decimal_annual_par_yield
2026-02-05,182,0.035800,2026-07-24T15:03:36+00:00,2026-02-09,https://home.treasury.gov/resource-center/data-chart-center/interest-rates/daily-treasury-rates.csv/2026/all?type=daily_treasury_yield_curve,2026-07-24T15:03:36+00:00,decimal_annual_par_yield
2026-02-05,365,0.034400,2026-07-24T15:03:36+00:00,2026-02-09,https://home.treasury.gov/resource-center/data-chart-center/interest-rates/daily-treasury-rates.csv/2026/all?type=daily_treasury_yield_curve,2026-07-24T15:03:36+00:00,decimal_annual_par_yield
2026-02-05,730,0.034700,2026-07-24T15:03:36+00:00,2026-02-09,https://home.treasury.gov/resource-center/data-chart-center/interest-rates/daily-treasury-rates.csv/2026/all?type=daily_treasury_yield_curve,2026-07-24T15:03:36+00:00,decimal_annual_par_yield
2026-02-04,30,0.037200,2026-07-24T15:03:36+00:00,2026-02-08,https://home.treasury.gov/resource-center/data-chart-center/interest-rates/daily-treasury-rates.csv/2026/all?type=daily_treasury_yield_curve,2026-07-24T15:03:36+00:00,decimal_annual_par_yield
2026-02-04,45,0.037200,2026-07-24T15:03:36+00:00,2026-02-08,https://home.treasury.gov/resource-center/data-chart-center/interest-rates/daily-treasury-rates.csv/2026/all?type=daily_treasury_yield_curve,2026-07-24T15:03:36+00:00,decimal_annual_par_yield
2026-02-04,61,0.037400,2026-07-24T15:03:36+00:00,2026-02-08,https://home.treasury.gov/resource-center/data-chart-center/interest-rates/daily-treasury-rates.csv/2026/all?type=daily_treasury_yield_curve,2026-07-24T15:03:36+00:00,decimal_annual_par_yield
2026-02-04,91,0.036900,2026-07-24T15:03:36+00:00,2026-02-08,https://home.treasury.gov/resource-center/data-chart-center/interest-rates/daily-treasury-rates.csv/2026/all?type=daily_treasury_yield_curve,2026-07-24T15:03:36+00:00,decimal_annual_par_yield
2026-02-04,121,0.037000,2026-07-24T15:03:36+00:00,2026-02-08,https://home.treasury.gov/resource-center/data-chart-center/interest-rates/daily-treasury-rates.csv/2026/all?type=daily_treasury_yield_curve,2026-07-24T15:03:36+00:00,decimal_annual_par_yield
2026-02-04,182,0.036200,2026-07-24T15:03:36+00:00,2026-02-08,https://home.treasury.gov/resource-center/data-chart-center/interest-rates/daily-treasury-rates.csv/2026/all?type=daily_treasury_yield_curve,2026-07-24T15:03:36+00:00,decimal_annual_par_yield
2026-02-04,365,0.034900,2026-07-24T15:03:36+00:00,2026-02-08,https://home.treasury.gov/resource-center/data-chart-center/interest-rates/daily-treasury-rates.csv/2026/all?type=daily_treasury_yield_curve,2026-07-24T15:03:36+00:00,decimal_annual_par_yield
2026-02-04,730,0.035700,2026-07-24T15:03:36+00:00,2026-02-08,https://home.treasury.gov/resource-center/data-chart-center/interest-rates/daily-treasury-rates.csv/2026/all?type=daily_treasury_yield_curve,2026-07-24T15:03:36+00:00,decimal_annual_par_yield
2026-02-03,30,0.037200,2026-07-24T15:03:36+00:00,2026-02-07,https://home.treasury.gov/resource-center/data-chart-center/interest-rates/daily-treasury-rates.csv/2026/all?type=daily_treasury_yield_curve,2026-07-24T15:03:36+00:00,decimal_annual_par_yield
2026-02-03,45,0.037200,2026-07-24T15:03:36+00:00,2026-02-07,https://home.treasury.gov/resource-center/data-chart-center/interest-rates/daily-treasury-rates.csv/2026/all?type=daily_treasury_yield_curve,2026-07-24T15:03:36+00:00,decimal_annual_par_yield
2026-02-03,61,0.037400,2026-07-24T15:03:36+00:00,2026-02-07,https://home.treasury.gov/resource-center/data-chart-center/interest-rates/daily-treasury-rates.csv/2026/all?type=daily_treasury_yield_curve,2026-07-24T15:03:36+00:00,decimal_annual_par_yield
2026-02-03,91,0.036900,2026-07-24T15:03:36+00:00,2026-02-07,https://home.treasury.gov/resource-center/data-chart-center/interest-rates/daily-treasury-rates.csv/2026/all?type=daily_treasury_yield_curve,2026-07-24T15:03:36+00:00,decimal_annual_par_yield
2026-02-03,121,0.037000,2026-07-24T15:03:36+00:00,2026-02-07,https://home.treasury.gov/resource-center/data-chart-center/interest-rates/daily-treasury-rates.csv/2026/all?type=daily_treasury_yield_curve,2026-07-24T15:03:36+00:00,decimal_annual_par_yield
2026-02-03,182,0.036200,2026-07-24T15:03:36+00:00,2026-02-07,https://home.treasury.gov/resource-center/data-chart-center/interest-rates/daily-treasury-rates.csv/2026/all?type=daily_treasury_yield_curve,2026-07-24T15:03:36+00:00,decimal_annual_par_yield
2026-02-03,365,0.034900,2026-07-24T15:03:36+00:00,2026-02-07,https://home.treasury.gov/resource-center/data-chart-center/interest-rates/daily-treasury-rates.csv/2026/all?type=daily_treasury_yield_curve,2026-07-24T15:03:36+00:00,decimal_annual_par_yield
2026-02-03,730,0.035700,2026-07-24T15:03:36+00:00,2026-02-07,https://home.treasury.gov/resource-center/data-chart-center/interest-rates/daily-treasury-rates.csv/2026/all?type=daily_treasury_yield_curve,2026-07-24T15:03:36+00:00,decimal_annual_par_yield
2026-02-02,30,0.037200,2026-07-24T15:03:36+00:00,2026-02-06,https://home.treasury.gov/resource-center/data-chart-center/interest-rates/daily-treasury-rates.csv/2026/all?type=daily_treasury_yield_curve,2026-07-24T15:03:36+00:00,decimal_annual_par_yield
2026-02-02,45,0.037200,2026-07-24T15:03:36+00:00,2026-02-06,https://home.treasury.gov/resource-center/data-chart-center/interest-rates/daily-treasury-rates.csv/2026/all?type=daily_treasury_yield_curve,2026-07-24T15:03:36+00:00,decimal_annual_par_yield
2026-02-02,61,0.037400,2026-07-24T15:03:36+00:00,2026-02-06,https://home.treasury.gov/resource-center/data-chart-center/interest-rates/daily-treasury-rates.csv/2026/all?type=daily_treasury_yield_curve,2026-07-24T15:03:36+00:00,decimal_annual_par_yield
2026-02-02,91,0.036900,2026-07-24T15:03:36+00:00,2026-02-06,https://home.treasury.gov/resource-center/data-chart-center/interest-rates/daily-treasury-rates.csv/2026/all?type=daily_treasury_yield_curve,2026-07-24T15:03:36+00:00,decimal_annual_par_yield
2026-02-02,121,0.037000,2026-07-24T15:03:36+00:00,2026-02-06,https://home.treasury.gov/resource-center/data-chart-center/interest-rates/daily-treasury-rates.csv/2026/all?type=daily_treasury_yield_curve,2026-07-24T15:03:36+00:00,decimal_annual_par_yield
2026-02-02,182,0.036200,2026-07-24T15:03:36+00:00,2026-02-06,https://home.treasury.gov/resource-center/data-chart-center/interest-rates/daily-treasury-rates.csv/2026/all?type=daily_treasury_yield_curve,2026-07-24T15:03:36+00:00,decimal_annual_par_yield
2026-02-02,365,0.034900,2026-07-24T15:03:36+00:00,2026-02-06,https://home.treasury.gov/resource-center/data-chart-center/interest-rates/daily-treasury-rates.csv/2026/all?type=daily_treasury_yield_curve,2026-07-24T15:03:36+00:00,decimal_annual_par_yield
2026-02-02,730,0.035700,2026-07-24T15:03:36+00:00,2026-02-06,https://home.treasury.gov/resource-center/data-chart-center/interest-rates/daily-treasury-rates.csv/2026/all?type=daily_treasury_yield_curve,2026-07-24T15:03:36+00:00,decimal_annual_par_yield
2026-01-30,30,0.037200,2026-07-24T15:03:36+00:00,2026-02-03,https://home.treasury.gov/resource-center/data-chart-center/interest-rates/daily-treasury-rates.csv/2026/all?type=daily_treasury_yield_curve,2026-07-24T15:03:36+00:00,decimal_annual_par_yield
2026-01-30,45,0.037300,2026-07-24T15:03:36+00:00,2026-02-03,https://home.treasury.gov/resource-center/data-chart-center/interest-rates/daily-treasury-rates.csv/2026/all?type=daily_treasury_yield_curve,2026-07-24T15:03:36+00:00,decimal_annual_par_yield
2026-01-30,61,0.037500,2026-07-24T15:03:36+00:00,2026-02-03,https://home.treasury.gov/resource-center/data-chart-center/interest-rates/daily-treasury-rates.csv/2026/all?type=daily_treasury_yield_curve,2026-07-24T15:03:36+00:00,decimal_annual_par_yield
2026-01-30,91,0.036700,2026-07-24T15:03:36+00:00,2026-02-03,https://home.treasury.gov/resource-center/data-chart-center/interest-rates/daily-treasury-rates.csv/2026/all?type=daily_treasury_yield_curve,2026-07-24T15:03:36+00:00,decimal_annual_par_yield
2026-01-30,121,0.036900,2026-07-24T15:03:36+00:00,2026-02-03,https://home.treasury.gov/resource-center/data-chart-center/interest-rates/daily-treasury-rates.csv/2026/all?type=daily_treasury_yield_curve,2026-07-24T15:03:36+00:00,decimal_annual_par_yield
2026-01-30,182,0.036100,2026-07-24T15:03:36+00:00,2026-02-03,https://home.treasury.gov/resource-center/data-chart-center/interest-rates/daily-treasury-rates.csv/2026/all?type=daily_treasury_yield_curve,2026-07-24T15:03:36+00:00,decimal_annual_par_yield
2026-01-30,365,0.034800,2026-07-24T15:03:36+00:00,2026-02-03,https://home.treasury.gov/resource-center/data-chart-center/interest-rates/daily-treasury-rates.csv/2026/all?type=daily_treasury_yield_curve,2026-07-24T15:03:36+00:00,decimal_annual_par_yield
2026-01-30,730,0.035200,2026-07-24T15:03:36+00:00,2026-02-03,https://home.treasury.gov/resource-center/data-chart-center/interest-rates/daily-treasury-rates.csv/2026/all?type=daily_treasury_yield_curve,2026-07-24T15:03:36+00:00,decimal_annual_par_yield
2026-01-29,30,0.037200,2026-07-24T15:03:36+00:00,2026-02-02,https://home.treasury.gov/resource-center/data-chart-center/interest-rates/daily-treasury-rates.csv/2026/all?type=daily_treasury_yield_curve,2026-07-24T15:03:36+00:00,decimal_annual_par_yield
2026-01-29,45,0.037300,2026-07-24T15:03:36+00:00,2026-02-02,https://home.treasury.gov/resource-center/data-chart-center/interest-rates/daily-treasury-rates.csv/2026/all?type=daily_treasury_yield_curve,2026-07-24T15:03:36+00:00,decimal_annual_par_yield
2026-01-29,61,0.037500,2026-07-24T15:03:36+00:00,2026-02-02,https://home.treasury.gov/resource-center/data-chart-center/interest-rates/daily-treasury-rates.csv/2026/all?type=daily_treasury_yield_curve,2026-07-24T15:03:36+00:00,decimal_annual_par_yield
2026-01-29,91,0.036700,2026-07-24T15:03:36+00:00,2026-02-02,https://home.treasury.gov/resource-center/data-chart-center/interest-rates/daily-treasury-rates.csv/2026/all?type=daily_treasury_yield_curve,2026-07-24T15:03:36+00:00,decimal_annual_par_yield
2026-01-29,121,0.036900,2026-07-24T15:03:36+00:00,2026-02-02,https://home.treasury.gov/resource-center/data-chart-center/interest-rates/daily-treasury-rates.csv/2026/all?type=daily_treasury_yield_curve,2026-07-24T15:03:36+00:00,decimal_annual_par_yield
2026-01-29,182,0.036200,2026-07-24T15:03:36+00:00,2026-02-02,https://home.treasury.gov/resource-center/data-chart-center/interest-rates/daily-treasury-rates.csv/2026/all?type=daily_treasury_yield_curve,2026-07-24T15:03:36+00:00,decimal_annual_par_yield
2026-01-29,365,0.035000,2026-07-24T15:03:36+00:00,2026-02-02,https://home.treasury.gov/resource-center/data-chart-center/interest-rates/daily-treasury-rates.csv/2026/all?type=daily_treasury_yield_curve,2026-07-24T15:03:36+00:00,decimal_annual_par_yield
2026-01-29,730,0.035300,2026-07-24T15:03:36+00:00,2026-02-02,https://home.treasury.gov/resource-center/data-chart-center/interest-rates/daily-treasury-rates.csv/2026/all?type=daily_treasury_yield_curve,2026-07-24T15:03:36+00:00,decimal_annual_par_yield
2026-01-28,30,0.037600,2026-07-24T15:03:36+00:00,2026-02-01,https://home.treasury.gov/resource-center/data-chart-center/interest-rates/daily-treasury-rates.csv/2026/all?type=daily_treasury_yield_curve,2026-07-24T15:03:36+00:00,decimal_annual_par_yield
2026-01-28,45,0.037200,2026-07-24T15:03:36+00:00,2026-02-01,https://home.treasury.gov/resource-center/data-chart-center/interest-rates/daily-treasury-rates.csv/2026/all?type=daily_treasury_yield_curve,2026-07-24T15:03:36+00:00,decimal_annual_par_yield
2026-01-28,61,0.037100,2026-07-24T15:03:36+00:00,2026-02-01,https://home.treasury.gov/resource-center/data-chart-center/interest-rates/daily-treasury-rates.csv/2026/all?type=daily_treasury_yield_curve,2026-07-24T15:03:36+00:00,decimal_annual_par_yield
2026-01-28,91,0.036800,2026-07-24T15:03:36+00:00,2026-02-01,https://home.treasury.gov/resource-center/data-chart-center/interest-rates/daily-treasury-rates.csv/2026/all?type=daily_treasury_yield_curve,2026-07-24T15:03:36+00:00,decimal_annual_par_yield
2026-01-28,121,0.037000,2026-07-24T15:03:36+00:00,2026-02-01,https://home.treasury.gov/resource-center/data-chart-center/interest-rates/daily-treasury-rates.csv/2026/all?type=daily_treasury_yield_curve,2026-07-24T15:03:36+00:00,decimal_annual_par_yield
2026-01-28,182,0.036300,2026-07-24T15:03:36+00:00,2026-02-01,https://home.treasury.gov/resource-center/data-chart-center/interest-rates/daily-treasury-rates.csv/2026/all?type=daily_treasury_yield_curve,2026-07-24T15:03:36+00:00,decimal_annual_par_yield
2026-01-28,365,0.035200,2026-07-24T15:03:36+00:00,2026-02-01,https://home.treasury.gov/resource-center/data-chart-center/interest-rates/daily-treasury-rates.csv/2026/all?type=daily_treasury_yield_curve,2026-07-24T15:03:36+00:00,decimal_annual_par_yield
2026-01-28,730,0.035600,2026-07-24T15:03:36+00:00,2026-02-01,https://home.treasury.gov/resource-center/data-chart-center/interest-rates/daily-treasury-rates.csv/2026/all?type=daily_treasury_yield_curve,2026-07-24T15:03:36+00:00,decimal_annual_par_yield
2026-01-27,30,0.037700,2026-07-24T15:03:36+00:00,2026-01-31,https://home.treasury.gov/resource-center/data-chart-center/interest-rates/daily-treasury-rates.csv/2026/all?type=daily_treasury_yield_curve,2026-07-24T15:03:36+00:00,decimal_annual_par_yield
2026-01-27,45,0.037200,2026-07-24T15:03:36+00:00,2026-01-31,https://home.treasury.gov/resource-center/data-chart-center/interest-rates/daily-treasury-rates.csv/2026/all?type=daily_treasury_yield_curve,2026-07-24T15:03:36+00:00,decimal_annual_par_yield
2026-01-27,61,0.037000,2026-07-24T15:03:36+00:00,2026-01-31,https://home.treasury.gov/resource-center/data-chart-center/interest-rates/daily-treasury-rates.csv/2026/all?type=daily_treasury_yield_curve,2026-07-24T15:03:36+00:00,decimal_annual_par_yield
2026-01-27,91,0.036700,2026-07-24T15:03:36+00:00,2026-01-31,https://home.treasury.gov/resource-center/data-chart-center/interest-rates/daily-treasury-rates.csv/2026/all?type=daily_treasury_yield_curve,2026-07-24T15:03:36+00:00,decimal_annual_par_yield
2026-01-27,121,0.036600,2026-07-24T15:03:36+00:00,2026-01-31,https://home.treasury.gov/resource-center/data-chart-center/interest-rates/daily-treasury-rates.csv/2026/all?type=daily_treasury_yield_curve,2026-07-24T15:03:36+00:00,decimal_annual_par_yield
2026-01-27,182,0.036100,2026-07-24T15:03:36+00:00,2026-01-31,https://home.treasury.gov/resource-center/data-chart-center/interest-rates/daily-treasury-rates.csv/2026/all?type=daily_treasury_yield_curve,2026-07-24T15:03:36+00:00,decimal_annual_par_yield
2026-01-27,365,0.035000,2026-07-24T15:03:36+00:00,2026-01-31,https://home.treasury.gov/resource-center/data-chart-center/interest-rates/daily-treasury-rates.csv/2026/all?type=daily_treasury_yield_curve,2026-07-24T15:03:36+00:00,decimal_annual_par_yield
2026-01-27,730,0.035300,2026-07-24T15:03:36+00:00,2026-01-31,https://home.treasury.gov/resource-center/data-chart-center/interest-rates/daily-treasury-rates.csv/2026/all?type=daily_treasury_yield_curve,2026-07-24T15:03:36+00:00,decimal_annual_par_yield
2026-01-26,30,0.037700,2026-07-24T15:03:36+00:00,2026-01-30,https://home.treasury.gov/resource-center/data-chart-center/interest-rates/daily-treasury-rates.csv/2026/all?type=daily_treasury_yield_curve,2026-07-24T15:03:36+00:00,decimal_annual_par_yield
2026-01-26,45,0.037100,2026-07-24T15:03:36+00:00,2026-01-30,https://home.treasury.gov/resource-center/data-chart-center/interest-rates/daily-treasury-rates.csv/2026/all?type=daily_treasury_yield_curve,2026-07-24T15:03:36+00:00,decimal_annual_par_yield
2026-01-26,61,0.037000,2026-07-24T15:03:36+00:00,2026-01-30,https://home.treasury.gov/resource-center/data-chart-center/interest-rates/daily-treasury-rates.csv/2026/all?type=daily_treasury_yield_curve,2026-07-24T15:03:36+00:00,decimal_annual_par_yield
2026-01-26,91,0.036700,2026-07-24T15:03:36+00:00,2026-01-30,https://home.treasury.gov/resource-center/data-chart-center/interest-rates/daily-treasury-rates.csv/2026/all?type=daily_treasury_yield_curve,2026-07-24T15:03:36+00:00,decimal_annual_par_yield
2026-01-26,121,0.036700,2026-07-24T15:03:36+00:00,2026-01-30,https://home.treasury.gov/resource-center/data-chart-center/interest-rates/daily-treasury-rates.csv/2026/all?type=daily_treasury_yield_curve,2026-07-24T15:03:36+00:00,decimal_annual_par_yield
2026-01-26,182,0.036200,2026-07-24T15:03:36+00:00,2026-01-30,https://home.treasury.gov/resource-center/data-chart-center/interest-rates/daily-treasury-rates.csv/2026/all?type=daily_treasury_yield_curve,2026-07-24T15:03:36+00:00,decimal_annual_par_yield
2026-01-26,365,0.035200,2026-07-24T15:03:36+00:00,2026-01-30,https://home.treasury.gov/resource-center/data-chart-center/interest-rates/daily-treasury-rates.csv/2026/all?type=daily_treasury_yield_curve,2026-07-24T15:03:36+00:00,decimal_annual_par_yield
2026-01-26,730,0.035600,2026-07-24T15:03:36+00:00,2026-01-30,https://home.treasury.gov/resource-center/data-chart-center/interest-rates/daily-treasury-rates.csv/2026/all?type=daily_treasury_yield_curve,2026-07-24T15:03:36+00:00,decimal_annual_par_yield
2026-01-23,30,0.037800,2026-07-24T15:03:36+00:00,2026-01-27,https://home.treasury.gov/resource-center/data-chart-center/interest-rates/daily-treasury-rates.csv/2026/all?type=daily_treasury_yield_curve,2026-07-24T15:03:36+00:00,decimal_annual_par_yield
2026-01-23,45,0.037100,2026-07-24T15:03:36+00:00,2026-01-27,https://home.treasury.gov/resource-center/data-chart-center/interest-rates/daily-treasury-rates.csv/2026/all?type=daily_treasury_yield_curve,2026-07-24T15:03:36+00:00,decimal_annual_par_yield
2026-01-23,61,0.037200,2026-07-24T15:03:36+00:00,2026-01-27,https://home.treasury.gov/resource-center/data-chart-center/interest-rates/daily-treasury-rates.csv/2026/all?type=daily_treasury_yield_curve,2026-07-24T15:03:36+00:00,decimal_annual_par_yield
2026-01-23,91,0.037000,2026-07-24T15:03:36+00:00,2026-01-27,https://home.treasury.gov/resource-center/data-chart-center/interest-rates/daily-treasury-rates.csv/2026/all?type=daily_treasury_yield_curve,2026-07-24T15:03:36+00:00,decimal_annual_par_yield
2026-01-23,121,0.036700,2026-07-24T15:03:36+00:00,2026-01-27,https://home.treasury.gov/resource-center/data-chart-center/interest-rates/daily-treasury-rates.csv/2026/all?type=daily_treasury_yield_curve,2026-07-24T15:03:36+00:00,decimal_annual_par_yield
2026-01-23,182,0.036100,2026-07-24T15:03:36+00:00,2026-01-27,https://home.treasury.gov/resource-center/data-chart-center/interest-rates/daily-treasury-rates.csv/2026/all?type=daily_treasury_yield_curve,2026-07-24T15:03:36+00:00,decimal_annual_par_yield
2026-01-23,365,0.035300,2026-07-24T15:03:36+00:00,2026-01-27,https://home.treasury.gov/resource-center/data-chart-center/interest-rates/daily-treasury-rates.csv/2026/all?type=daily_treasury_yield_curve,2026-07-24T15:03:36+00:00,decimal_annual_par_yield
2026-01-23,730,0.036000,2026-07-24T15:03:36+00:00,2026-01-27,https://home.treasury.gov/resource-center/data-chart-center/interest-rates/daily-treasury-rates.csv/2026/all?type=daily_treasury_yield_curve,2026-07-24T15:03:36+00:00,decimal_annual_par_yield
2026-01-22,30,0.037900,2026-07-24T15:03:36+00:00,2026-01-26,https://home.treasury.gov/resource-center/data-chart-center/interest-rates/daily-treasury-rates.csv/2026/all?type=daily_treasury_yield_curve,2026-07-24T15:03:36+00:00,decimal_annual_par_yield
2026-01-22,45,0.037100,2026-07-24T15:03:36+00:00,2026-01-26,https://home.treasury.gov/resource-center/data-chart-center/interest-rates/daily-treasury-rates.csv/2026/all?type=daily_treasury_yield_curve,2026-07-24T15:03:36+00:00,decimal_annual_par_yield
2026-01-22,61,0.037200,2026-07-24T15:03:36+00:00,2026-01-26,https://home.treasury.gov/resource-center/data-chart-center/interest-rates/daily-treasury-rates.csv/2026/all?type=daily_treasury_yield_curve,2026-07-24T15:03:36+00:00,decimal_annual_par_yield
2026-01-22,91,0.037100,2026-07-24T15:03:36+00:00,2026-01-26,https://home.treasury.gov/resource-center/data-chart-center/interest-rates/daily-treasury-rates.csv/2026/all?type=daily_treasury_yield_curve,2026-07-24T15:03:36+00:00,decimal_annual_par_yield
2026-01-22,121,0.036700,2026-07-24T15:03:36+00:00,2026-01-26,https://home.treasury.gov/resource-center/data-chart-center/interest-rates/daily-treasury-rates.csv/2026/all?type=daily_treasury_yield_curve,2026-07-24T15:03:36+00:00,decimal_annual_par_yield
2026-01-22,182,0.036100,2026-07-24T15:03:36+00:00,2026-01-26,https://home.treasury.gov/resource-center/data-chart-center/interest-rates/daily-treasury-rates.csv/2026/all?type=daily_treasury_yield_curve,2026-07-24T15:03:36+00:00,decimal_annual_par_yield
2026-01-22,365,0.035300,2026-07-24T15:03:36+00:00,2026-01-26,https://home.treasury.gov/resource-center/data-chart-center/interest-rates/daily-treasury-rates.csv/2026/all?type=daily_treasury_yield_curve,2026-07-24T15:03:36+00:00,decimal_annual_par_yield
2026-01-22,730,0.036100,2026-07-24T15:03:36+00:00,2026-01-26,https://home.treasury.gov/resource-center/data-chart-center/interest-rates/daily-treasury-rates.csv/2026/all?type=daily_treasury_yield_curve,2026-07-24T15:03:36+00:00,decimal_annual_par_yield
2026-01-21,30,0.037500,2026-07-24T15:03:36+00:00,2026-01-25,https://home.treasury.gov/resource-center/data-chart-center/interest-rates/daily-treasury-rates.csv/2026/all?type=daily_treasury_yield_curve,2026-07-24T15:03:36+00:00,decimal_annual_par_yield
2026-01-21,45,0.037100,2026-07-24T15:03:36+00:00,2026-01-25,https://home.treasury.gov/resource-center/data-chart-center/interest-rates/daily-treasury-rates.csv/2026/all?type=daily_treasury_yield_curve,2026-07-24T15:03:36+00:00,decimal_annual_par_yield
2026-01-21,61,0.037000,2026-07-24T15:03:36+00:00,2026-01-25,https://home.treasury.gov/resource-center/data-chart-center/interest-rates/daily-treasury-rates.csv/2026/all?type=daily_treasury_yield_curve,2026-07-24T15:03:36+00:00,decimal_annual_par_yield
2026-01-21,91,0.037000,2026-07-24T15:03:36+00:00,2026-01-25,https://home.treasury.gov/resource-center/data-chart-center/interest-rates/daily-treasury-rates.csv/2026/all?type=daily_treasury_yield_curve,2026-07-24T15:03:36+00:00,decimal_annual_par_yield
2026-01-21,121,0.036700,2026-07-24T15:03:36+00:00,2026-01-25,https://home.treasury.gov/resource-center/data-chart-center/interest-rates/daily-treasury-rates.csv/2026/all?type=daily_treasury_yield_curve,2026-07-24T15:03:36+00:00,decimal_annual_par_yield
2026-01-21,182,0.036200,2026-07-24T15:03:36+00:00,2026-01-25,https://home.treasury.gov/resource-center/data-chart-center/interest-rates/daily-treasury-rates.csv/2026/all?type=daily_treasury_yield_curve,2026-07-24T15:03:36+00:00,decimal_annual_par_yield
2026-01-21,365,0.035300,2026-07-24T15:03:36+00:00,2026-01-25,https://home.treasury.gov/resource-center/data-chart-center/interest-rates/daily-treasury-rates.csv/2026/all?type=daily_treasury_yield_curve,2026-07-24T15:03:36+00:00,decimal_annual_par_yield
2026-01-21,730,0.036000,2026-07-24T15:03:36+00:00,2026-01-25,https://home.treasury.gov/resource-center/data-chart-center/interest-rates/daily-treasury-rates.csv/2026/all?type=daily_treasury_yield_curve,2026-07-24T15:03:36+00:00,decimal_annual_par_yield
2026-01-20,30,0.037500,2026-07-24T15:03:36+00:00,2026-01-24,https://home.treasury.gov/resource-center/data-chart-center/interest-rates/daily-treasury-rates.csv/2026/all?type=daily_treasury_yield_curve,2026-07-24T15:03:36+00:00,decimal_annual_par_yield
2026-01-20,45,0.037100,2026-07-24T15:03:36+00:00,2026-01-24,https://home.treasury.gov/resource-center/data-chart-center/interest-rates/daily-treasury-rates.csv/2026/all?type=daily_treasury_yield_curve,2026-07-24T15:03:36+00:00,decimal_annual_par_yield
2026-01-20,61,0.036900,2026-07-24T15:03:36+00:00,2026-01-24,https://home.treasury.gov/resource-center/data-chart-center/interest-rates/daily-treasury-rates.csv/2026/all?type=daily_treasury_yield_curve,2026-07-24T15:03:36+00:00,decimal_annual_par_yield
2026-01-20,91,0.037000,2026-07-24T15:03:36+00:00,2026-01-24,https://home.treasury.gov/resource-center/data-chart-center/interest-rates/daily-treasury-rates.csv/2026/all?type=daily_treasury_yield_curve,2026-07-24T15:03:36+00:00,decimal_annual_par_yield
2026-01-20,121,0.036500,2026-07-24T15:03:36+00:00,2026-01-24,https://home.treasury.gov/resource-center/data-chart-center/interest-rates/daily-treasury-rates.csv/2026/all?type=daily_treasury_yield_curve,2026-07-24T15:03:36+00:00,decimal_annual_par_yield
2026-01-20,182,0.036100,2026-07-24T15:03:36+00:00,2026-01-24,https://home.treasury.gov/resource-center/data-chart-center/interest-rates/daily-treasury-rates.csv/2026/all?type=daily_treasury_yield_curve,2026-07-24T15:03:36+00:00,decimal_annual_par_yield
2026-01-20,365,0.035300,2026-07-24T15:03:36+00:00,2026-01-24,https://home.treasury.gov/resource-center/data-chart-center/interest-rates/daily-treasury-rates.csv/2026/all?type=daily_treasury_yield_curve,2026-07-24T15:03:36+00:00,decimal_annual_par_yield
2026-01-20,730,0.036000,2026-07-24T15:03:36+00:00,2026-01-24,https://home.treasury.gov/resource-center/data-chart-center/interest-rates/daily-treasury-rates.csv/2026/all?type=daily_treasury_yield_curve,2026-07-24T15:03:36+00:00,decimal_annual_par_yield
2026-01-16,30,0.037500,2026-07-24T15:03:36+00:00,2026-01-20,https://home.treasury.gov/resource-center/data-chart-center/interest-rates/daily-treasury-rates.csv/2026/all?type=daily_treasury_yield_curve,2026-07-24T15:03:36+00:00,decimal_annual_par_yield
2026-01-16,45,0.037200,2026-07-24T15:03:36+00:00,2026-01-20,https://home.treasury.gov/resource-center/data-chart-center/interest-rates/daily-treasury-rates.csv/2026/all?type=daily_treasury_yield_curve,2026-07-24T15:03:36+00:00,decimal_annual_par_yield
2026-01-16,61,0.036800,2026-07-24T15:03:36+00:00,2026-01-20,https://home.treasury.gov/resource-center/data-chart-center/interest-rates/daily-treasury-rates.csv/2026/all?type=daily_treasury_yield_curve,2026-07-24T15:03:36+00:00,decimal_annual_par_yield
2026-01-16,91,0.036700,2026-07-24T15:03:36+00:00,2026-01-20,https://home.treasury.gov/resource-center/data-chart-center/interest-rates/daily-treasury-rates.csv/2026/all?type=daily_treasury_yield_curve,2026-07-24T15:03:36+00:00,decimal_annual_par_yield
2026-01-16,121,0.036600,2026-07-24T15:03:36+00:00,2026-01-20,https://home.treasury.gov/resource-center/data-chart-center/interest-rates/daily-treasury-rates.csv/2026/all?type=daily_treasury_yield_curve,2026-07-24T15:03:36+00:00,decimal_annual_par_yield
2026-01-16,182,0.036000,2026-07-24T15:03:36+00:00,2026-01-20,https://home.treasury.gov/resource-center/data-chart-center/interest-rates/daily-treasury-rates.csv/2026/all?type=daily_treasury_yield_curve,2026-07-24T15:03:36+00:00,decimal_annual_par_yield
2026-01-16,365,0.035500,2026-07-24T15:03:36+00:00,2026-01-20,https://home.treasury.gov/resource-center/data-chart-center/interest-rates/daily-treasury-rates.csv/2026/all?type=daily_treasury_yield_curve,2026-07-24T15:03:36+00:00,decimal_annual_par_yield
2026-01-16,730,0.035900,2026-07-24T15:03:36+00:00,2026-01-20,https://home.treasury.gov/resource-center/data-chart-center/interest-rates/daily-treasury-rates.csv/2026/all?type=daily_treasury_yield_curve,2026-07-24T15:03:36+00:00,decimal_annual_par_yield
2026-01-15,30,0.037500,2026-07-24T15:03:36+00:00,2026-01-19,https://home.treasury.gov/resource-center/data-chart-center/interest-rates/daily-treasury-rates.csv/2026/all?type=daily_treasury_yield_curve,2026-07-24T15:03:36+00:00,decimal_annual_par_yield
2026-01-15,45,0.037300,2026-07-24T15:03:36+00:00,2026-01-19,https://home.treasury.gov/resource-center/data-chart-center/interest-rates/daily-treasury-rates.csv/2026/all?type=daily_treasury_yield_curve,2026-07-24T15:03:36+00:00,decimal_annual_par_yield
2026-01-15,61,0.036900,2026-07-24T15:03:36+00:00,2026-01-19,https://home.treasury.gov/resource-center/data-chart-center/interest-rates/daily-treasury-rates.csv/2026/all?type=daily_treasury_yield_curve,2026-07-24T15:03:36+00:00,decimal_annual_par_yield
2026-01-15,91,0.036800,2026-07-24T15:03:36+00:00,2026-01-19,https://home.treasury.gov/resource-center/data-chart-center/interest-rates/daily-treasury-rates.csv/2026/all?type=daily_treasury_yield_curve,2026-07-24T15:03:36+00:00,decimal_annual_par_yield
2026-01-15,121,0.036600,2026-07-24T15:03:36+00:00,2026-01-19,https://home.treasury.gov/resource-center/data-chart-center/interest-rates/daily-treasury-rates.csv/2026/all?type=daily_treasury_yield_curve,2026-07-24T15:03:36+00:00,decimal_annual_par_yield
2026-01-15,182,0.036000,2026-07-24T15:03:36+00:00,2026-01-19,https://home.treasury.gov/resource-center/data-chart-center/interest-rates/daily-treasury-rates.csv/2026/all?type=daily_treasury_yield_curve,2026-07-24T15:03:36+00:00,decimal_annual_par_yield
2026-01-15,365,0.035400,2026-07-24T15:03:36+00:00,2026-01-19,https://home.treasury.gov/resource-center/data-chart-center/interest-rates/daily-treasury-rates.csv/2026/all?type=daily_treasury_yield_curve,2026-07-24T15:03:36+00:00,decimal_annual_par_yield
2026-01-15,730,0.035600,2026-07-24T15:03:36+00:00,2026-01-19,https://home.treasury.gov/resource-center/data-chart-center/interest-rates/daily-treasury-rates.csv/2026/all?type=daily_treasury_yield_curve,2026-07-24T15:03:36+00:00,decimal_annual_par_yield
2026-01-14,30,0.037200,2026-07-24T15:03:36+00:00,2026-01-18,https://home.treasury.gov/resource-center/data-chart-center/interest-rates/daily-treasury-rates.csv/2026/all?type=daily_treasury_yield_curve,2026-07-24T15:03:36+00:00,decimal_annual_par_yield
2026-01-14,45,0.037100,2026-07-24T15:03:36+00:00,2026-01-18,https://home.treasury.gov/resource-center/data-chart-center/interest-rates/daily-treasury-rates.csv/2026/all?type=daily_treasury_yield_curve,2026-07-24T15:03:36+00:00,decimal_annual_par_yield
2026-01-14,61,0.036600,2026-07-24T15:03:36+00:00,2026-01-18,https://home.treasury.gov/resource-center/data-chart-center/interest-rates/daily-treasury-rates.csv/2026/all?type=daily_treasury_yield_curve,2026-07-24T15:03:36+00:00,decimal_annual_par_yield
2026-01-14,91,0.036700,2026-07-24T15:03:36+00:00,2026-01-18,https://home.treasury.gov/resource-center/data-chart-center/interest-rates/daily-treasury-rates.csv/2026/all?type=daily_treasury_yield_curve,2026-07-24T15:03:36+00:00,decimal_annual_par_yield
2026-01-14,121,0.036500,2026-07-24T15:03:36+00:00,2026-01-18,https://home.treasury.gov/resource-center/data-chart-center/interest-rates/daily-treasury-rates.csv/2026/all?type=daily_treasury_yield_curve,2026-07-24T15:03:36+00:00,decimal_annual_par_yield
2026-01-14,182,0.035800,2026-07-24T15:03:36+00:00,2026-01-18,https://home.treasury.gov/resource-center/data-chart-center/interest-rates/daily-treasury-rates.csv/2026/all?type=daily_treasury_yield_curve,2026-07-24T15:03:36+00:00,decimal_annual_par_yield
2026-01-14,365,0.035000,2026-07-24T15:03:36+00:00,2026-01-18,https://home.treasury.gov/resource-center/data-chart-center/interest-rates/daily-treasury-rates.csv/2026/all?type=daily_treasury_yield_curve,2026-07-24T15:03:36+00:00,decimal_annual_par_yield
2026-01-14,730,0.035100,2026-07-24T15:03:36+00:00,2026-01-18,https://home.treasury.gov/resource-center/data-chart-center/interest-rates/daily-treasury-rates.csv/2026/all?type=daily_treasury_yield_curve,2026-07-24T15:03:36+00:00,decimal_annual_par_yield
2026-01-13,30,0.037200,2026-07-24T15:03:36+00:00,2026-01-17,https://home.treasury.gov/resource-center/data-chart-center/interest-rates/daily-treasury-rates.csv/2026/all?type=daily_treasury_yield_curve,2026-07-24T15:03:36+00:00,decimal_annual_par_yield
2026-01-13,45,0.037200,2026-07-24T15:03:36+00:00,2026-01-17,https://home.treasury.gov/resource-center/data-chart-center/interest-rates/daily-treasury-rates.csv/2026/all?type=daily_treasury_yield_curve,2026-07-24T15:03:36+00:00,decimal_annual_par_yield
2026-01-13,61,0.036600,2026-07-24T15:03:36+00:00,2026-01-17,https://home.treasury.gov/resource-center/data-chart-center/interest-rates/daily-treasury-rates.csv/2026/all?type=daily_treasury_yield_curve,2026-07-24T15:03:36+00:00,decimal_annual_par_yield
2026-01-13,91,0.036700,2026-07-24T15:03:36+00:00,2026-01-17,https://home.treasury.gov/resource-center/data-chart-center/interest-rates/daily-treasury-rates.csv/2026/all?type=daily_treasury_yield_curve,2026-07-24T15:03:36+00:00,decimal_annual_par_yield
2026-01-13,121,0.036300,2026-07-24T15:03:36+00:00,2026-01-17,https://home.treasury.gov/resource-center/data-chart-center/interest-rates/daily-treasury-rates.csv/2026/all?type=daily_treasury_yield_curve,2026-07-24T15:03:36+00:00,decimal_annual_par_yield
2026-01-13,182,0.035900,2026-07-24T15:03:36+00:00,2026-01-17,https://home.treasury.gov/resource-center/data-chart-center/interest-rates/daily-treasury-rates.csv/2026/all?type=daily_treasury_yield_curve,2026-07-24T15:03:36+00:00,decimal_annual_par_yield
2026-01-13,365,0.035100,2026-07-24T15:03:36+00:00,2026-01-17,https://home.treasury.gov/resource-center/data-chart-center/interest-rates/daily-treasury-rates.csv/2026/all?type=daily_treasury_yield_curve,2026-07-24T15:03:36+00:00,decimal_annual_par_yield
2026-01-13,730,0.035300,2026-07-24T15:03:36+00:00,2026-01-17,https://home.treasury.gov/resource-center/data-chart-center/interest-rates/daily-treasury-rates.csv/2026/all?type=daily_treasury_yield_curve,2026-07-24T15:03:36+00:00,decimal_annual_par_yield
2026-01-12,30,0.037100,2026-07-24T15:03:36+00:00,2026-01-16,https://home.treasury.gov/resource-center/data-chart-center/interest-rates/daily-treasury-rates.csv/2026/all?type=daily_treasury_yield_curve,2026-07-24T15:03:36+00:00,decimal_annual_par_yield
2026-01-12,45,0.036800,2026-07-24T15:03:36+00:00,2026-01-16,https://home.treasury.gov/resource-center/data-chart-center/interest-rates/daily-treasury-rates.csv/2026/all?type=daily_treasury_yield_curve,2026-07-24T15:03:36+00:00,decimal_annual_par_yield
2026-01-12,61,0.036400,2026-07-24T15:03:36+00:00,2026-01-16,https://home.treasury.gov/resource-center/data-chart-center/interest-rates/daily-treasury-rates.csv/2026/all?type=daily_treasury_yield_curve,2026-07-24T15:03:36+00:00,decimal_annual_par_yield
2026-01-12,91,0.036700,2026-07-24T15:03:36+00:00,2026-01-16,https://home.treasury.gov/resource-center/data-chart-center/interest-rates/daily-treasury-rates.csv/2026/all?type=daily_treasury_yield_curve,2026-07-24T15:03:36+00:00,decimal_annual_par_yield
2026-01-12,121,0.036300,2026-07-24T15:03:36+00:00,2026-01-16,https://home.treasury.gov/resource-center/data-chart-center/interest-rates/daily-treasury-rates.csv/2026/all?type=daily_treasury_yield_curve,2026-07-24T15:03:36+00:00,decimal_annual_par_yield
2026-01-12,182,0.035800,2026-07-24T15:03:36+00:00,2026-01-16,https://home.treasury.gov/resource-center/data-chart-center/interest-rates/daily-treasury-rates.csv/2026/all?type=daily_treasury_yield_curve,2026-07-24T15:03:36+00:00,decimal_annual_par_yield
2026-01-12,365,0.035300,2026-07-24T15:03:36+00:00,2026-01-16,https://home.treasury.gov/resource-center/data-chart-center/interest-rates/daily-treasury-rates.csv/2026/all?type=daily_treasury_yield_curve,2026-07-24T15:03:36+00:00,decimal_annual_par_yield
2026-01-12,730,0.035400,2026-07-24T15:03:36+00:00,2026-01-16,https://home.treasury.gov/resource-center/data-chart-center/interest-rates/daily-treasury-rates.csv/2026/all?type=daily_treasury_yield_curve,2026-07-24T15:03:36+00:00,decimal_annual_par_yield
2026-01-09,30,0.037000,2026-07-24T15:03:36+00:00,2026-01-13,https://home.treasury.gov/resource-center/data-chart-center/interest-rates/daily-treasury-rates.csv/2026/all?type=daily_treasury_yield_curve,2026-07-24T15:03:36+00:00,decimal_annual_par_yield
2026-01-09,45,0.036800,2026-07-24T15:03:36+00:00,2026-01-13,https://home.treasury.gov/resource-center/data-chart-center/interest-rates/daily-treasury-rates.csv/2026/all?type=daily_treasury_yield_curve,2026-07-24T15:03:36+00:00,decimal_annual_par_yield
2026-01-09,61,0.036300,2026-07-24T15:03:36+00:00,2026-01-13,https://home.treasury.gov/resource-center/data-chart-center/interest-rates/daily-treasury-rates.csv/2026/all?type=daily_treasury_yield_curve,2026-07-24T15:03:36+00:00,decimal_annual_par_yield
2026-01-09,91,0.036200,2026-07-24T15:03:36+00:00,2026-01-13,https://home.treasury.gov/resource-center/data-chart-center/interest-rates/daily-treasury-rates.csv/2026/all?type=daily_treasury_yield_curve,2026-07-24T15:03:36+00:00,decimal_annual_par_yield
2026-01-09,121,0.036200,2026-07-24T15:03:36+00:00,2026-01-13,https://home.treasury.gov/resource-center/data-chart-center/interest-rates/daily-treasury-rates.csv/2026/all?type=daily_treasury_yield_curve,2026-07-24T15:03:36+00:00,decimal_annual_par_yield
2026-01-09,182,0.035700,2026-07-24T15:03:36+00:00,2026-01-13,https://home.treasury.gov/resource-center/data-chart-center/interest-rates/daily-treasury-rates.csv/2026/all?type=daily_treasury_yield_curve,2026-07-24T15:03:36+00:00,decimal_annual_par_yield
2026-01-09,365,0.035200,2026-07-24T15:03:36+00:00,2026-01-13,https://home.treasury.gov/resource-center/data-chart-center/interest-rates/daily-treasury-rates.csv/2026/all?type=daily_treasury_yield_curve,2026-07-24T15:03:36+00:00,decimal_annual_par_yield
2026-01-09,730,0.035400,2026-07-24T15:03:36+00:00,2026-01-13,https://home.treasury.gov/resource-center/data-chart-center/interest-rates/daily-treasury-rates.csv/2026/all?type=daily_treasury_yield_curve,2026-07-24T15:03:36+00:00,decimal_annual_par_yield
2026-01-08,30,0.037000,2026-07-24T15:03:36+00:00,2026-01-12,https://home.treasury.gov/resource-center/data-chart-center/interest-rates/daily-treasury-rates.csv/2026/all?type=daily_treasury_yield_curve,2026-07-24T15:03:36+00:00,decimal_annual_par_yield
2026-01-08,45,0.036900,2026-07-24T15:03:36+00:00,2026-01-12,https://home.treasury.gov/resource-center/data-chart-center/interest-rates/daily-treasury-rates.csv/2026/all?type=daily_treasury_yield_curve,2026-07-24T15:03:36+00:00,decimal_annual_par_yield
2026-01-08,61,0.036300,2026-07-24T15:03:36+00:00,2026-01-12,https://home.treasury.gov/resource-center/data-chart-center/interest-rates/daily-treasury-rates.csv/2026/all?type=daily_treasury_yield_curve,2026-07-24T15:03:36+00:00,decimal_annual_par_yield
2026-01-08,91,0.036200,2026-07-24T15:03:36+00:00,2026-01-12,https://home.treasury.gov/resource-center/data-chart-center/interest-rates/daily-treasury-rates.csv/2026/all?type=daily_treasury_yield_curve,2026-07-24T15:03:36+00:00,decimal_annual_par_yield
2026-01-08,121,0.036000,2026-07-24T15:03:36+00:00,2026-01-12,https://home.treasury.gov/resource-center/data-chart-center/interest-rates/daily-treasury-rates.csv/2026/all?type=daily_treasury_yield_curve,2026-07-24T15:03:36+00:00,decimal_annual_par_yield
2026-01-08,182,0.035600,2026-07-24T15:03:36+00:00,2026-01-12,https://home.treasury.gov/resource-center/data-chart-center/interest-rates/daily-treasury-rates.csv/2026/all?type=daily_treasury_yield_curve,2026-07-24T15:03:36+00:00,decimal_annual_par_yield
2026-01-08,365,0.034800,2026-07-24T15:03:36+00:00,2026-01-12,https://home.treasury.gov/resource-center/data-chart-center/interest-rates/daily-treasury-rates.csv/2026/all?type=daily_treasury_yield_curve,2026-07-24T15:03:36+00:00,decimal_annual_par_yield
2026-01-08,730,0.034900,2026-07-24T15:03:36+00:00,2026-01-12,https://home.treasury.gov/resource-center/data-chart-center/interest-rates/daily-treasury-rates.csv/2026/all?type=daily_treasury_yield_curve,2026-07-24T15:03:36+00:00,decimal_annual_par_yield
2026-01-07,30,0.037000,2026-07-24T15:03:36+00:00,2026-01-11,https://home.treasury.gov/resource-center/data-chart-center/interest-rates/daily-treasury-rates.csv/2026/all?type=daily_treasury_yield_curve,2026-07-24T15:03:36+00:00,decimal_annual_par_yield
2026-01-07,45,0.036900,2026-07-24T15:03:36+00:00,2026-01-11,https://home.treasury.gov/resource-center/data-chart-center/interest-rates/daily-treasury-rates.csv/2026/all?type=daily_treasury_yield_curve,2026-07-24T15:03:36+00:00,decimal_annual_par_yield
2026-01-07,61,0.036000,2026-07-24T15:03:36+00:00,2026-01-11,https://home.treasury.gov/resource-center/data-chart-center/interest-rates/daily-treasury-rates.csv/2026/all?type=daily_treasury_yield_curve,2026-07-24T15:03:36+00:00,decimal_annual_par_yield
2026-01-07,91,0.036200,2026-07-24T15:03:36+00:00,2026-01-11,https://home.treasury.gov/resource-center/data-chart-center/interest-rates/daily-treasury-rates.csv/2026/all?type=daily_treasury_yield_curve,2026-07-24T15:03:36+00:00,decimal_annual_par_yield
2026-01-07,121,0.036000,2026-07-24T15:03:36+00:00,2026-01-11,https://home.treasury.gov/resource-center/data-chart-center/interest-rates/daily-treasury-rates.csv/2026/all?type=daily_treasury_yield_curve,2026-07-24T15:03:36+00:00,decimal_annual_par_yield
2026-01-07,182,0.035600,2026-07-24T15:03:36+00:00,2026-01-11,https://home.treasury.gov/resource-center/data-chart-center/interest-rates/daily-treasury-rates.csv/2026/all?type=daily_treasury_yield_curve,2026-07-24T15:03:36+00:00,decimal_annual_par_yield
2026-01-07,365,0.034800,2026-07-24T15:03:36+00:00,2026-01-11,https://home.treasury.gov/resource-center/data-chart-center/interest-rates/daily-treasury-rates.csv/2026/all?type=daily_treasury_yield_curve,2026-07-24T15:03:36+00:00,decimal_annual_par_yield
2026-01-07,730,0.034700,2026-07-24T15:03:36+00:00,2026-01-11,https://home.treasury.gov/resource-center/data-chart-center/interest-rates/daily-treasury-rates.csv/2026/all?type=daily_treasury_yield_curve,2026-07-24T15:03:36+00:00,decimal_annual_par_yield
2026-01-06,30,0.037000,2026-07-24T15:03:36+00:00,2026-01-10,https://home.treasury.gov/resource-center/data-chart-center/interest-rates/daily-treasury-rates.csv/2026/all?type=daily_treasury_yield_curve,2026-07-24T15:03:36+00:00,decimal_annual_par_yield
2026-01-06,45,0.037000,2026-07-24T15:03:36+00:00,2026-01-10,https://home.treasury.gov/resource-center/data-chart-center/interest-rates/daily-treasury-rates.csv/2026/all?type=daily_treasury_yield_curve,2026-07-24T15:03:36+00:00,decimal_annual_par_yield
2026-01-06,61,0.036100,2026-07-24T15:03:36+00:00,2026-01-10,https://home.treasury.gov/resource-center/data-chart-center/interest-rates/daily-treasury-rates.csv/2026/all?type=daily_treasury_yield_curve,2026-07-24T15:03:36+00:00,decimal_annual_par_yield
2026-01-06,91,0.036300,2026-07-24T15:03:36+00:00,2026-01-10,https://home.treasury.gov/resource-center/data-chart-center/interest-rates/daily-treasury-rates.csv/2026/all?type=daily_treasury_yield_curve,2026-07-24T15:03:36+00:00,decimal_annual_par_yield
2026-01-06,121,0.035800,2026-07-24T15:03:36+00:00,2026-01-10,https://home.treasury.gov/resource-center/data-chart-center/interest-rates/daily-treasury-rates.csv/2026/all?type=daily_treasury_yield_curve,2026-07-24T15:03:36+00:00,decimal_annual_par_yield
2026-01-06,182,0.035600,2026-07-24T15:03:36+00:00,2026-01-10,https://home.treasury.gov/resource-center/data-chart-center/interest-rates/daily-treasury-rates.csv/2026/all?type=daily_treasury_yield_curve,2026-07-24T15:03:36+00:00,decimal_annual_par_yield
2026-01-06,365,0.034800,2026-07-24T15:03:36+00:00,2026-01-10,https://home.treasury.gov/resource-center/data-chart-center/interest-rates/daily-treasury-rates.csv/2026/all?type=daily_treasury_yield_curve,2026-07-24T15:03:36+00:00,decimal_annual_par_yield
2026-01-06,730,0.034700,2026-07-24T15:03:36+00:00,2026-01-10,https://home.treasury.gov/resource-center/data-chart-center/interest-rates/daily-treasury-rates.csv/2026/all?type=daily_treasury_yield_curve,2026-07-24T15:03:36+00:00,decimal_annual_par_yield
2026-01-05,30,0.037100,2026-07-24T15:03:36+00:00,2026-01-09,https://home.treasury.gov/resource-center/data-chart-center/interest-rates/daily-treasury-rates.csv/2026/all?type=daily_treasury_yield_curve,2026-07-24T15:03:36+00:00,decimal_annual_par_yield
2026-01-05,45,0.036800,2026-07-24T15:03:36+00:00,2026-01-09,https://home.treasury.gov/resource-center/data-chart-center/interest-rates/daily-treasury-rates.csv/2026/all?type=daily_treasury_yield_curve,2026-07-24T15:03:36+00:00,decimal_annual_par_yield
2026-01-05,61,0.036400,2026-07-24T15:03:36+00:00,2026-01-09,https://home.treasury.gov/resource-center/data-chart-center/interest-rates/daily-treasury-rates.csv/2026/all?type=daily_treasury_yield_curve,2026-07-24T15:03:36+00:00,decimal_annual_par_yield
2026-01-05,91,0.036400,2026-07-24T15:03:36+00:00,2026-01-09,https://home.treasury.gov/resource-center/data-chart-center/interest-rates/daily-treasury-rates.csv/2026/all?type=daily_treasury_yield_curve,2026-07-24T15:03:36+00:00,decimal_annual_par_yield
2026-01-05,121,0.036100,2026-07-24T15:03:36+00:00,2026-01-09,https://home.treasury.gov/resource-center/data-chart-center/interest-rates/daily-treasury-rates.csv/2026/all?type=daily_treasury_yield_curve,2026-07-24T15:03:36+00:00,decimal_annual_par_yield
2026-01-05,182,0.035700,2026-07-24T15:03:36+00:00,2026-01-09,https://home.treasury.gov/resource-center/data-chart-center/interest-rates/daily-treasury-rates.csv/2026/all?type=daily_treasury_yield_curve,2026-07-24T15:03:36+00:00,decimal_annual_par_yield
2026-01-05,365,0.034700,2026-07-24T15:03:36+00:00,2026-01-09,https://home.treasury.gov/resource-center/data-chart-center/interest-rates/daily-treasury-rates.csv/2026/all?type=daily_treasury_yield_curve,2026-07-24T15:03:36+00:00,decimal_annual_par_yield
2026-01-05,730,0.034600,2026-07-24T15:03:36+00:00,2026-01-09,https://home.treasury.gov/resource-center/data-chart-center/interest-rates/daily-treasury-rates.csv/2026/all?type=daily_treasury_yield_curve,2026-07-24T15:03:36+00:00,decimal_annual_par_yield
2026-01-02,30,0.037200,2026-07-24T15:03:36+00:00,2026-01-06,https://home.treasury.gov/resource-center/data-chart-center/interest-rates/daily-treasury-rates.csv/2026/all?type=daily_treasury_yield_curve,2026-07-24T15:03:36+00:00,decimal_annual_par_yield
2026-01-02,45,0.037100,2026-07-24T15:03:36+00:00,2026-01-06,https://home.treasury.gov/resource-center/data-chart-center/interest-rates/daily-treasury-rates.csv/2026/all?type=daily_treasury_yield_curve,2026-07-24T15:03:36+00:00,decimal_annual_par_yield
2026-01-02,61,0.036600,2026-07-24T15:03:36+00:00,2026-01-06,https://home.treasury.gov/resource-center/data-chart-center/interest-rates/daily-treasury-rates.csv/2026/all?type=daily_treasury_yield_curve,2026-07-24T15:03:36+00:00,decimal_annual_par_yield
2026-01-02,91,0.036500,2026-07-24T15:03:36+00:00,2026-01-06,https://home.treasury.gov/resource-center/data-chart-center/interest-rates/daily-treasury-rates.csv/2026/all?type=daily_treasury_yield_curve,2026-07-24T15:03:36+00:00,decimal_annual_par_yield
2026-01-02,121,0.036200,2026-07-24T15:03:36+00:00,2026-01-06,https://home.treasury.gov/resource-center/data-chart-center/interest-rates/daily-treasury-rates.csv/2026/all?type=daily_treasury_yield_curve,2026-07-24T15:03:36+00:00,decimal_annual_par_yield
2026-01-02,182,0.035800,2026-07-24T15:03:36+00:00,2026-01-06,https://home.treasury.gov/resource-center/data-chart-center/interest-rates/daily-treasury-rates.csv/2026/all?type=daily_treasury_yield_curve,2026-07-24T15:03:36+00:00,decimal_annual_par_yield
2026-01-02,365,0.034700,2026-07-24T15:03:36+00:00,2026-01-06,https://home.treasury.gov/resource-center/data-chart-center/interest-rates/daily-treasury-rates.csv/2026/all?type=daily_treasury_yield_curve,2026-07-24T15:03:36+00:00,decimal_annual_par_yield
2026-01-02,730,0.034700,2026-07-24T15:03:36+00:00,2026-01-06,https://home.treasury.gov/resource-center/data-chart-center/interest-rates/daily-treasury-rates.csv/2026/all?type=daily_treasury_yield_curve,2026-07-24T15:03:36+00:00,decimal_annual_par_yield
