timestamp,symbol,expiration,strike,right,bid_size,bid_exchange,bid,bid_condition,ask_size,ask_exchange,ask,ask_condition,open_interest_timestamp,open_interest,mid,spread,spread_pct,dte,spot_proxy,moneyness_pct,years,live_iv,live_delta,quote_age_seconds,eod_bid,eod_ask,eod_open_interest,eod_iv,eod_delta,eod_gamma,eod_theta,eod_vega
2026-07-28 09:56:15.425000-04:00,CRWV,2026-07-31,37.5,C,6,5,27.25,50,8,5,29.8,50,2026-07-28 06:30:17-04:00,0.0,28.525,2.5500000000000007,0.08939526730937777,3,65.425,-0.426824608330149,0.008911272117897008,4.0239968090748555,0.9511345735992545,-1.30251,,,,,,,,
2026-07-28 09:56:10.739000-04:00,CRWV,2026-07-31,37.5,P,0,42,0.0,50,9,47,0.02,50,2026-07-28 06:30:34-04:00,0.0,0.01,0.02,2.0,3,65.425,-0.426824608330149,0.008911272117897008,2.168371440618436,-0.0023792134503353157,3.38349,,,,,,,,
2026-07-28 09:56:15.419000-04:00,CRWV,2026-07-31,40.0,C,7,5,24.75,50,8,5,27.3,50,2026-07-28 06:30:23-04:00,0.0,26.025,2.5500000000000007,0.09798270893371762,3,65.425,-0.38861291555215893,0.008911272117897008,3.6312194177417774,0.9460511662046285,-1.29651,,,,,,,,
2026-07-28 09:56:16.449000-04:00,CRWV,2026-07-31,40.0,P,0,1,0.0,50,842,65,1.02,50,2026-07-28 06:30:28-04:00,0.0,0.51,1.02,2.0,3,65.425,-0.38861291555215893,0.008911272117897008,3.5135110900275586,-0.04944303869649125,-2.32651,,,,,,,,
2026-07-28 09:56:16.293000-04:00,CRWV,2026-07-31,42.5,C,7,5,22.25,50,8,5,24.8,50,2026-07-28 06:30:23-04:00,0.0,23.525,2.5500000000000007,0.10839532412327316,3,65.425,-0.35040122277416885,0.008911272117897008,3.2599144785881604,0.9402390583508505,-2.17051,,,,,,,,
2026-07-28 09:56:16.930000-04:00,CRWV,2026-07-31,42.5,P,6,46,0.01,50,172,46,0.03,50,2026-07-28 06:30:23-04:00,2.0,0.02,0.019999999999999997,0.9999999999999998,3,65.425,-0.35040122277416885,0.008911272117897008,1.8494758774111744,-0.005232152806053936,-2.80751,,,,,,,,
2026-07-28 09:56:15.423000-04:00,CRWV,2026-07-31,45.0,C,8,5,19.75,50,8,5,21.8,50,2026-07-28 06:30:05-04:00,1.0,20.775,2.0500000000000007,0.09867629362214204,3,65.425,-0.31218952999617877,0.008911272117897008,2.5511992744674874,0.9531035613343708,-1.30051,25.05,27.1,1.0,2.5273000000000003,0.9675,0.0038,-0.1741,0.5378000000000001
2026-07-28 09:56:18.032000-04:00,CRWV,2026-07-31,45.0,P,283,42,0.01,50,686,5,0.06,50,2026-07-28 06:30:28-04:00,3894.0,0.034999999999999996,0.049999999999999996,1.4285714285714286,3,65.425,-0.31218952999617877,0.008911272117897008,1.7435772504056006,-0.0091864532615622,-3.90951,0.01,0.03,3795.0,1.725,-0.0046,0.001,-0.021500000000000002,0.1003
2026-07-28 09:56:16.313000-04:00,CRWV,2026-07-31,47.5,C,17,11,17.3,50,8,5,19.85,50,2026-07-28 06:30:17-04:00,0.0,18.575000000000003,2.5500000000000007,0.1372812920592194,3,65.425,-0.2739778372181887,0.008911272117897008,2.625233643371439,0.9217853487727243,-2.19051,,,,,,,,
2026-07-28 09:56:16.428000-04:00,CRWV,2026-07-31,47.5,P,285,65,0.02,50,539,65,0.08,50,2026-07-28 06:30:34-04:00,74.0,0.05,0.06,1.2,3,65.425,-0.2739778372181887,0.008911272117897008,1.594870659485641,-0.013759816888848642,-2.30551,,,,,,,,
2026-07-28 09:56:16.357000-04:00,CRWV,2026-07-31,50.0,C,29,11,15.0,50,41,76,16.0,50,2026-07-28 06:30:17-04:00,45.0,15.5,1.0,0.06451612903225806,3,65.425,-0.23576614444019872,0.008911272117897008,1.4027939286648883,0.9820977290210804,-2.23451,20.7,21.900000000000002,35.0,2.3208,0.9399000000000001,0.006900000000000001,-0.26080000000000003,0.8835000000000001
2026-07-28 09:56:17.491000-04:00,CRWV,2026-07-31,50.0,P,659,5,0.03,50,31,65,0.1,50,2026-07-28 06:30:11-04:00,2156.0,0.065,0.07,1.076923076923077,3,65.425,-0.23576614444019872,0.008911272117897008,1.425064530188706,-0.019300216005539994,-3.36851,0.03,0.05,2103.0,1.4843000000000002,-0.0102,0.0024000000000000002,-0.0373,0.20140000000000002
2026-07-28 09:56:15.422000-04:00,CRWV,2026-07-31,51.0,C,8,5,13.9,50,8,5,15.55,50,2026-07-28 06:30:17-04:00,4.0,14.725000000000001,1.6500000000000004,0.11205432937181665,3,65.425,-0.22048146732900264,0.008911272117897008,1.7651488292801651,0.9429551882778693,-1.29951,18.45,21.5,0.0,1.7496,0.9702000000000001,0.005200000000000001,-0.1144,0.5012
2026-07-28 09:56:17.661000-04:00,CRWV,2026-07-31,51.0,P,86,42,0.1,50,46,5,0.13,50,2026-07-28 06:30:23-04:00,264.0,0.115,0.03,0.2608695652173913,3,65.425,-0.22048146732900264,0.008911272117897008,1.4700362626812813,-0.030977084847921388,-3.53851,0.01,0.07,52.0,1.4078000000000002,-0.0106,0.0027,-0.0367,0.2093
2026-07-28 09:56:16.327000-04:00,CRWV,2026-07-31,52.0,C,16,76,12.950000000000001,50,7,7,15.450000000000001,50,2026-07-28 06:30:34-04:00,4.0,14.200000000000001,2.5,0.176056338028169,3,65.425,-0.20519679021780657,0.008911272117897008,2.150291485276017,0.8914925029690355,-2.20451,17.1,20.5,0.0,0.0,1.0,0.0,0.0,0.0
2026-07-28 09:56:17.978000-04:00,CRWV,2026-07-31,52.0,P,349,5,0.04,50,277,65,0.3,50,2026-07-28 06:30:11-04:00,143.0,0.16999999999999998,0.26,1.5294117647058825,3,65.425,-0.20519679021780657,0.008911272117897008,1.4810718198248598,-0.04318485196482125,-3.85551,0.04,0.06,49.0,1.375,-0.0132,0.0033,-0.043300000000000005,0.25270000000000004
2026-07-28 09:56:16.758000-04:00,CRWV,2026-07-31,53.0,C,15,76,12.15,50,41,4,13.700000000000001,50,2026-07-28 06:30:17-04:00,2.0,12.925,1.5500000000000007,0.11992263056092849,3,65.425,-0.1899121131066106,0.008911272117897008,1.7690640239486197,0.9109468882899996,-2.63551,16.2,19.5,0.0,1.2546000000000002,0.9884000000000001,0.0032,-0.0402,0.22360000000000002
2026-07-28 09:56:17.528000-04:00,CRWV,2026-07-31,53.0,P,387,65,0.17,50,45,11,0.23,50,2026-07-28 06:30:11-04:00,108.0,0.2,0.06,0.3,3,65.425,-0.1899121131066106,0.008911272117897008,1.4280007495276987,-0.05131957556194344,-3.40551,0.07,0.09,48.0,1.3968,-0.0199,0.0046,-0.0623,0.3578
2026-07-28 09:56:16.301000-04:00,CRWV,2026-07-31,54.0,C,7,7,11.200000000000001,50,7,7,13.6,50,2026-07-28 06:30:06-04:00,1.0,12.4,2.3999999999999986,0.19354838709677408,3,65.425,-0.17462743599541453,0.008911272117897008,2.0426807902773563,0.8628894623327681,-2.17851,15.25,18.5,0.0,1.2546000000000002,0.9834,0.0044,-0.053200000000000004,0.3059
2026-07-28 09:56:16.729000-04:00,CRWV,2026-07-31,54.0,P,318,65,0.23,50,849,65,0.45,50,2026-07-28 06:30:28-04:00,53.0,0.34,0.22,0.6470588235294117,3,65.425,-0.17462743599541453,0.008911272117897008,1.502375558721643,-0.07687085617665512,-2.60651,0.08,0.21,42.0,1.4515,-0.031400000000000004,0.006500000000000001,-0.09480000000000001,0.5239
2026-07-28 09:56:17.479000-04:00,CRWV,2026-07-31,55.0,C,18,76,10.35,50,39,76,11.75,50,2026-07-28 06:30:22-04:00,24.0,11.05,1.4000000000000004,0.12669683257918554,3,65.425,-0.15934275888421856,0.008911272117897008,1.6399243560439418,0.8850677284404769,-3.35651,14.6,16.4,2.0,0.0,1.0,0.0,0.0,0.0
2026-07-28 09:56:17.894000-04:00,CRWV,2026-07-31,55.0,P,769,5,0.32,50,508,5,0.43,50,2026-07-28 06:30:05-04:00,2101.0,0.375,0.10999999999999999,0.2933333333333333,3,65.425,-0.15934275888421856,0.008911272117897008,1.427598011731433,-0.08727074411486657,-3.77151,0.1,0.17,871.0,1.3531,-0.0317,0.0071,-0.0891,0.5287000000000001
2026-07-28 09:56:16.572000-04:00,CRWV,2026-07-31,56.0,C,69,5,9.450000000000001,50,119,5,10.200000000000001,50,2026-07-28 06:30:06-04:00,26.0,9.825000000000001,0.75,0.07633587786259541,3,65.425,-0.14405808177302248,0.008911272117897008,1.3215050855184518,0.9052236165205261,-2.44951,14.35,16.0,1.0,1.5718,0.9343,0.0109,-0.19110000000000002,0.9469000000000001
2026-07-28 09:56:18.027000-04:00,CRWV,2026-07-31,56.0,P,266,65,0.43,50,21,73,0.51,50,2026-07-28 06:30:23-04:00,718.0,0.47,0.08000000000000002,0.17021276595744686,3,65.425,-0.14405808177302248,0.008911272117897008,1.4024124694942959,-0.10681699553151736,-3.90451,0.06,0.22,291.0,1.2875,-0.0352,0.0081,-0.09230000000000001,0.5754
2026-07-28 09:56:16.572000-04:00,CRWV,2026-07-31,57.0,C,132,5,8.45,50,241,65,10.700000000000001,50,2026-07-28 06:30:34-04:00,68.0,9.575,2.2500000000000018,0.234986945169713,3,65.425,-0.12877340466182652,0.008911272117897008,1.7482859687328076,0.8211545920593375,-2.44951,12.55,15.05,51.0,0.0,1.0,0.0,0.0,0.0
2026-07-28 09:56:17.980000-04:00,CRWV,2026-07-31,57.0,P,246,5,0.58,50,97,5,0.66,50,2026-07-28 06:30:06-04:00,1188.0,0.62,0.08000000000000007,0.12903225806451624,3,65.425,-0.12877340466182652,0.008911272117897008,1.4036687659280926,-0.13370121852595518,-3.85751,0.2,0.23,410.0,1.3093000000000001,-0.0492,0.0105,-0.1232,0.7551
2026-07-28 09:56:17.780000-04:00,CRWV,2026-07-31,58.0,C,116,5,7.75,50,95,5,8.25,50,2026-07-28 06:30:23-04:00,3.0,8.0,0.5,0.0625,3,65.425,-0.11348872755063044,0.008911272117897008,1.2338626645000312,0.8632957407728639,-3.65751,11.6,14.4,0.0,1.1945000000000001,0.9514,0.011300000000000001,-0.1168,0.7462000000000001
2026-07-28 09:56:18.036000-04:00,CRWV,2026-07-31,58.0,P,68,11,0.76,50,161,5,0.85,50,2026-07-28 06:30:17-04:00,1034.0,0.8049999999999999,0.08999999999999997,0.11180124223602482,3,65.425,-0.11348872755063044,0.008911272117897008,1.406070299782881,-0.16444108206657992,-3.91351,0.24,0.31,730.0,1.2957,-0.061700000000000005,0.0126,-0.1458,0.9033
2026-07-28 09:56:17.062000-04:00,CRWV,2026-07-31,59.0,C,119,5,6.95,50,132,5,7.5,50,2026-07-28 06:30:28-04:00,53.0,7.225,0.5499999999999998,0.07612456747404842,3,65.425,-0.09820405043943448,0.008911272117897008,1.2602662877286424,0.8240934422394111,-2.93951,11.200000000000001,12.950000000000001,50.0,1.1917,0.9364,0.014100000000000001,-0.1429,0.923
2026-07-28 09:56:18.028000-04:00,CRWV,2026-07-31,59.0,P,162,5,0.96,50,146,5,1.06,50,2026-07-28 06:30:23-04:00,445.0,1.01,0.10000000000000009,0.0990099009900991,3,65.425,-0.09820405043943448,0.008911272117897008,1.39846624866745,-0.19725468967447823,-3.90551,0.31,0.38,205.0,1.2765,-0.07590000000000001,0.0151,-0.1683,1.0588
2026-07-28 09:56:17.799000-04:00,CRWV,2026-07-31,60.0,C,254,65,6.3,50,81,22,6.65,50,2026-07-28 06:30:22-04:00,98.0,6.475,0.35000000000000053,0.05405405405405414,3,65.425,-0.0829193733282384,0.008911272117897008,1.271494117889551,0.7834463471830249,-3.67651,9.950000000000001,11.9,87.0,0.9148000000000001,0.9623,0.012,-0.0751,0.6076
2026-07-28 09:56:17.786000-04:00,CRWV,2026-07-31,60.0,P,55,11,1.21,50,162,5,1.3,50,2026-07-28 06:30:34-04:00,4124.0,1.255,0.09000000000000008,0.07171314741035864,3,65.425,-0.0829193733282384,0.008911272117897008,1.3926086486957776,-0.23372101726052974,-3.66351,0.42,0.46,3948.0,1.2697,-0.0944,0.0178,-0.19720000000000001,1.2475
2026-07-28 09:56:17.984000-04:00,CRWV,2026-07-31,61.0,C,425,5,5.55,50,209,65,6.0,50,2026-07-28 06:30:34-04:00,24.0,5.775,0.4500000000000002,0.07792207792207795,3,65.425,-0.06763469621704232,0.008911272117897008,1.2832891220791607,0.739350120206503,-3.86151,9.05,11.700000000000001,31.0,1.2587000000000002,0.8846,0.020800000000000003,-0.232,1.4417
2026-07-28 09:56:17.839000-04:00,CRWV,2026-07-31,61.0,P,122,65,1.49,50,112,5,1.6,50,2026-07-28 06:30:28-04:00,636.0,1.545,0.1100000000000001,0.07119741100323632,3,65.425,-0.06763469621704232,0.008911272117897008,1.389040165056497,-0.27354747745016317,-3.71651,0.51,0.58,334.0,1.2478,-0.1135,0.020800000000000003,-0.2215,1.4256
2026-07-28 09:56:17.956000-04:00,CRWV,2026-07-31,62.0,C,565,5,4.9,50,168,5,5.3,50,2026-07-28 06:30:23-04:00,1.0,5.1,0.39999999999999947,0.07843137254901951,3,65.425,-0.05235001910584636,0.008911272117897008,1.2829891058656147,0.6939949792909476,-3.83351,9.0,10.8,0.0,1.4666000000000001,0.8271000000000001,0.0235,-0.3523,1.8953
2026-07-28 09:56:18.025000-04:00,CRWV,2026-07-31,62.0,P,96,65,1.82,50,121,65,1.94,50,2026-07-28 06:30:17-04:00,3496.0,1.88,0.11999999999999988,0.06382978723404249,3,65.425,-0.05235001910584636,0.008911272117897008,1.3861639910571526,-0.31602936585432173,-3.90251,0.65,0.73,3317.0,1.2444,-0.13870000000000002,0.0239,-0.2539,1.6394
2026-07-28 09:56:18.027000-04:00,CRWV,2026-07-31,63.0,C,551,5,4.25,50,181,5,4.65,50,2026-07-28 06:30:11-04:00,1.0,4.45,0.40000000000000036,0.08988764044943828,3,65.425,-0.03706534199465028,0.008911272117897008,1.2721735487380914,0.6470097029156965,-3.90451,7.8500000000000005,9.1,1.0,1.1207,0.8544,0.0275,-0.24230000000000002,1.6932
2026-07-28 09:56:18.028000-04:00,CRWV,2026-07-31,63.0,P,38,5,2.21,50,43,76,2.31,50,2026-07-28 06:30:17-04:00,1638.0,2.26,0.10000000000000009,0.04424778761061951,3,65.425,-0.03706534199465028,0.008911272117897008,1.383083271301592,-0.3605244786791133,-3.90551,0.81,0.92,1219.0,1.2355,-0.16620000000000001,0.027200000000000002,-0.2842,1.8485
2026-07-28 09:56:16.787000-04:00,CRWV,2026-07-31,64.0,C,135,5,3.8000000000000003,50,313,5,4.15,50,2026-07-28 06:30:11-04:00,38.0,3.9750000000000005,0.3500000000000001,0.08805031446540881,3,65.425,-0.021780664883454315,0.008911272117897008,1.3142644959134342,0.5956687683944885,-2.66451,7.65,8.3,2.0,1.2724,0.7957000000000001,0.030000000000000002,-0.33890000000000003,2.1008
2026-07-28 09:56:17.785000-04:00,CRWV,2026-07-31,64.0,P,34,11,2.63,50,53,9,2.74,50,2026-07-28 06:30:28-04:00,1411.0,2.685,0.11000000000000032,0.040968342644320414,3,65.425,-0.021780664883454315,0.008911272117897008,1.3793409141273016,-0.4064348374884539,-3.66251,0.99,1.09,1230.0,1.2177,-0.19540000000000002,0.030500000000000003,-0.31,2.0462000000000002
2026-07-28 09:56:18.025000-04:00,CRWV,2026-07-31,65.0,C,705,5,3.25,50,237,5,3.5500000000000003,50,2026-07-28 06:30:21-04:00,149.0,3.4000000000000004,0.30000000000000027,0.08823529411764713,3,65.425,-0.006495987772258238,0.008911272117897008,1.2925740478349483,0.5466041730582892,-3.90251,7.05,7.5,40.0,1.2888000000000002,0.7589,0.032600000000000004,-0.3766,2.3093
2026-07-28 09:56:17.788000-04:00,CRWV,2026-07-31,65.0,P,179,65,3.0500000000000003,50,86,65,3.25,50,2026-07-28 06:30:10-04:00,3815.0,3.1500000000000004,0.19999999999999973,0.0634920634920634,3,65.425,-0.006495987772258238,0.008911272117897008,1.372728476426441,-0.4531942004573526,-3.66551,1.23,1.36,3225.0,1.2164000000000001,-0.2305,0.0337,-0.3408,2.2534
2026-07-28 09:56:17.278000-04:00,CRWV,2026-07-31,66.0,C,185,5,2.89,50,289,5,3.1,50,2026-07-28 06:30:11-04:00,11.0,2.995,0.20999999999999996,0.0701168614357262,3,65.425,0.008788689338937727,0.008911272117897008,1.3201303178244947,0.49788716976654523,-3.15551,6.1000000000000005,6.75,3.0,1.2259,0.7301000000000001,0.0363,-0.3799,2.4497
2026-07-28 09:56:18.027000-04:00,CRWV,2026-07-31,66.0,P,363,65,3.5500000000000003,50,362,42,3.9,50,2026-07-28 06:30:06-04:00,1633.0,3.725,0.34999999999999964,0.09395973154362407,3,65.425,0.008788689338937727,0.008911272117897008,1.3917501783328523,-0.4993763109079986,-3.90451,1.48,1.6400000000000001,1563.0,1.2082000000000002,-0.2675,0.0367,-0.3662,2.4389000000000003
2026-07-28 09:56:18.058000-04:00,CRWV,2026-07-31,67.0,C,157,65,2.48,50,112,65,2.62,50,2026-07-28 06:30:28-04:00,135.0,2.55,0.14000000000000012,0.05490196078431378,3,65.425,0.024073366450133804,0.008911272117897008,1.3117038611534728,0.44924325764624007,-3.93551,5.55,6.05,116.0,1.243,0.6882,0.0383,-0.41140000000000004,2.6207000000000003
2026-07-28 09:56:18.027000-04:00,CRWV,2026-07-31,67.0,P,348,65,4.1,50,288,65,4.45,50,2026-07-28 06:30:28-04:00,750.0,4.275,0.35000000000000053,0.08187134502923989,3,65.425,0.024073366450133804,0.008911272117897008,1.3819390521253536,-0.5456300272725361,-3.90451,1.79,1.96,365.0,1.1993,-0.307,0.0395,-0.3879,2.6034
2026-07-28 09:56:18.038000-04:00,CRWV,2026-07-31,68.0,C,195,5,2.1,50,34,65,2.22,50,2026-07-28 06:30:34-04:00,36.0,2.16,0.1200000000000001,0.0555555555555556,3,65.425,0.03935804356132988,0.008911272117897008,1.3065592602202294,0.40180430968874686,-3.91551,4.8500000000000005,5.4,21.0,1.2205000000000001,0.6486000000000001,0.041,-0.4234,2.7486
2026-07-28 09:56:18.025000-04:00,CRWV,2026-07-31,68.0,P,139,5,4.75,50,573,5,5.15,50,2026-07-28 06:30:11-04:00,793.0,4.95,0.40000000000000036,0.08080808080808087,3,65.425,0.03935804356132988,0.008911272117897008,1.405495127798544,-0.587906785076336,-3.90251,2.15,2.31,677.0,1.1945000000000001,-0.3492,0.041800000000000004,-0.4068,2.7428000000000003
2026-07-28 09:56:18.040000-04:00,CRWV,2026-07-31,69.0,C,366,5,1.74,50,323,5,1.9100000000000001,50,2026-07-28 06:30:23-04:00,155.0,1.8250000000000002,0.17000000000000015,0.09315068493150692,3,65.425,0.054642720672525735,0.008911272117897008,1.3057309785110782,0.3566773917580899,-3.91751,4.25,4.75,55.0,1.2061,0.606,0.043000000000000003,-0.43370000000000003,2.8512
2026-07-28 09:56:17.981000-04:00,CRWV,2026-07-31,69.0,P,216,65,5.4,50,698,5,5.8500000000000005,50,2026-07-28 06:30:34-04:00,730.0,5.625,0.4500000000000002,0.08000000000000003,3,65.425,0.054642720672525735,0.008911272117897008,1.4124387810780723,-0.6292654475289456,-3.85851,2.5500000000000003,2.71,565.0,1.1876,-0.393,0.0436,-0.42000000000000004,2.8495
2026-07-28 09:56:18.027000-04:00,CRWV,2026-07-31,70.0,C,67,43,1.5,50,27,5,1.58,50,2026-07-28 06:30:04-04:00,803.0,1.54,0.08000000000000007,0.05194805194805199,3,65.425,0.06992739778372181,0.008911272117897008,1.3086837181179136,0.3146479621981916,-3.90451,3.8000000000000003,4.2,515.0,1.2177,0.5615,0.0436,-0.44820000000000004,2.9211
2026-07-28 09:56:18.028000-04:00,CRWV,2026-07-31,70.0,P,84,65,6.1000000000000005,50,206,42,6.5,50,2026-07-28 06:30:32-04:00,5583.0,6.300000000000001,0.39999999999999947,0.0634920634920634,3,65.425,0.06992739778372181,0.008911272117897008,1.4025035703371602,-0.6707071096465224,-3.90551,2.97,3.2,5362.0,1.1822000000000001,-0.43810000000000004,0.0449,-0.4282,2.9207
2026-07-28 09:56:18.035000-04:00,CRWV,2026-07-31,71.0,C,157,5,1.23,50,27,5,1.32,50,2026-07-28 06:30:17-04:00,304.0,1.275,0.09000000000000008,0.07058823529411772,3,65.425,0.08521207489491789,0.008911272117897008,1.3030710106131405,0.2740393003692361,-3.91251,3.35,3.5500000000000003,19.0,1.1965000000000001,0.5168,0.0449,-0.4451,2.9537
2026-07-28 09:56:18.025000-04:00,CRWV,2026-07-31,71.0,P,69,65,6.8500000000000005,50,175,42,7.25,50,2026-07-28 06:30:34-04:00,1933.0,7.050000000000001,0.39999999999999947,0.056737588652482185,3,65.425,0.08521207489491789,0.008911272117897008,1.409741323558384,-0.707296744991449,-3.90251,3.4,3.65,1900.0,1.1589,-0.4842,0.046400000000000004,-0.4242,2.9541
2026-07-28 09:56:18.058000-04:00,CRWV,2026-07-31,72.0,C,178,5,1.01,50,43,31,1.1,50,2026-07-28 06:30:34-04:00,606.0,1.0550000000000002,0.09000000000000008,0.08530805687203798,3,65.425,0.10049675200611397,0.008911272117897008,1.3017934407308118,0.23725379787627193,-3.93551,2.87,3.15,527.0,1.1979,0.4723,0.0448,-0.4446,2.9493
2026-07-28 09:56:17.794000-04:00,CRWV,2026-07-31,72.0,P,85,65,7.6000000000000005,50,140,42,8.05,50,2026-07-28 06:30:17-04:00,1109.0,7.825000000000001,0.4500000000000002,0.057507987220447296,3,65.425,0.10049675200611397,0.008911272117897008,1.413582408663731,-0.741660140277855,-3.67151,3.9,4.3500000000000005,1105.0,1.1740000000000002,-0.5291,0.045700000000000005,-0.42850000000000005,2.9485
2026-07-28 09:56:18.028000-04:00,CRWV,2026-07-31,73.0,C,234,5,0.8200000000000001,50,13,1,0.9,50,2026-07-28 06:30:11-04:00,1536.0,0.8600000000000001,0.07999999999999996,0.09302325581395343,3,65.425,0.11578142911731004,0.008911272117897008,1.2964381224685162,0.20289332855934988,-3.90551,2.48,2.67,1472.0,1.1849,0.42750000000000005,0.0446,-0.4334,2.9075
2026-07-28 09:56:17.787000-04:00,CRWV,2026-07-31,73.0,P,472,5,8.35,50,372,5,8.9,50,2026-07-28 06:30:06-04:00,975.0,8.625,0.5500000000000007,0.06376811594202907,3,65.425,0.11578142911731004,0.008911272117897008,1.4149735966072159,-0.7736639147330067,-3.66451,4.5,4.8,782.0,1.1500000000000001,-0.5760000000000001,0.0459,-0.4127,2.9025000000000003
2026-07-28 09:56:18.036000-04:00,CRWV,2026-07-31,74.0,C,112,65,0.67,50,126,5,0.75,50,2026-07-28 06:30:28-04:00,668.0,0.71,0.07999999999999996,0.11267605633802812,3,65.425,0.1310661062285059,0.008911272117897008,1.3005188141784383,0.1738238749550302,-3.91351,2.12,2.3000000000000003,662.0,1.1842000000000001,0.3849,0.043500000000000004,-0.4218,2.8326000000000002
2026-07-28 09:56:18.025000-04:00,CRWV,2026-07-31,74.0,P,151,5,9.200000000000001,50,207,5,9.75,50,2026-07-28 06:30:23-04:00,472.0,9.475000000000001,0.5499999999999989,0.05804749340369381,3,65.425,0.1310661062285059,0.008911272117897008,1.4295748493672729,-0.8003145060876684,-3.90251,5.1000000000000005,5.6000000000000005,471.0,1.1699000000000002,-0.6169,0.044000000000000004,-0.4087,2.8283
2026-07-28 09:56:18.042000-04:00,CRWV,2026-07-31,75.0,C,518,5,0.54,50,48,11,0.6,50,2026-07-28 06:30:15-04:00,3368.0,0.5700000000000001,0.05999999999999994,0.10526315789473673,3,65.425,0.14635078333970197,0.008911272117897008,1.2949718660104632,0.146052799036552,-3.91951,1.84,1.94,2540.0,1.1842000000000001,0.3442,0.0419,-0.4061,2.7282
2026-07-28 09:56:18.040000-04:00,CRWV,2026-07-31,75.0,P,121,5,10.15,50,99,5,10.55,50,2026-07-28 06:30:10-04:00,3630.0,10.350000000000001,0.40000000000000036,0.03864734299516911,3,65.425,0.14635078333970197,0.008911272117897008,1.4468409303917649,-0.8236452790406006,-3.91751,5.75,6.15,3625.0,1.1398000000000001,-0.6631,0.0432,-0.38020000000000004,2.7055000000000002
2026-07-28 09:56:18.028000-04:00,CRWV,2026-07-31,76.0,C,210,5,0.44,50,39,5,0.49,50,2026-07-28 06:30:22-04:00,751.0,0.46499999999999997,0.04999999999999999,0.1075268817204301,3,65.425,0.16163546045089805,0.008911272117897008,1.2984844467906875,0.12335252469151886,-3.90551,1.5,1.67,444.0,1.1733,0.3038,0.0402,-0.382,2.5912
2026-07-28 09:56:18.028000-04:00,CRWV,2026-07-31,76.0,P,583,5,10.4,50,222,5,11.5,50,2026-07-28 06:30:11-04:00,377.0,10.95,1.0999999999999996,0.10045662100456619,3,65.425,0.16163546045089805,0.008911272117897008,1.2449864191769082,-0.8874972576751494,-3.90551,6.5,6.95,454.0,1.1576,-0.6992,0.0405,-0.36760000000000004,2.5796
2026-07-28 09:56:17.786000-04:00,CRWV,2026-07-31,77.0,C,290,65,0.35000000000000003,50,212,5,0.41000000000000003,50,2026-07-28 06:30:05-04:00,2179.0,0.38,0.06,0.15789473684210525,3,65.425,0.17692013756209413,0.008911272117897008,1.303983438721914,0.1039824176496113,-3.66351,1.26,1.44,2152.0,1.1794,0.26890000000000003,0.037700000000000004,-0.3623,2.4454000000000002
2026-07-28 09:56:17.783000-04:00,CRWV,2026-07-31,77.0,P,153,5,11.9,50,82,60,12.4,50,2026-07-28 06:30:34-04:00,1391.0,12.15,0.5,0.0411522633744856,3,65.425,0.17692013756209413,0.008911272117897008,1.4814916924483155,-0.8627057993410987,-3.66051,7.2,7.8,1416.0,1.1671,-0.7336,0.0379,-0.3491,2.4336
2026-07-28 09:56:17.690000-04:00,CRWV,2026-07-31,78.0,C,229,5,0.28,50,272,65,0.34,50,2026-07-28 06:30:17-04:00,532.0,0.31000000000000005,0.06,0.19354838709677416,3,65.425,0.19220481467328998,0.008911272117897008,1.3098633881078676,0.08733835743181878,-3.56751,1.06,1.18,381.0,1.1726,0.234,0.0352,-0.3346,2.2723
2026-07-28 09:56:17.904000-04:00,CRWV,2026-07-31,78.0,P,619,5,12.55,50,405,5,13.5,50,2026-07-28 06:30:11-04:00,474.0,13.025,0.9499999999999993,0.07293666026871395,3,65.425,0.19220481467328998,0.008911272117897008,1.4615319094157666,-0.8854923725567702,-3.78151,7.95,8.6,490.0,1.1596,-0.7688,0.0354,-0.32080000000000003,2.2566
2026-07-28 09:56:17.956000-04:00,CRWV,2026-07-31,79.0,C,519,5,0.22,50,104,5,0.27,50,2026-07-28 06:30:05-04:00,884.0,0.245,0.05000000000000002,0.20408163265306128,3,65.425,0.20748949178448606,0.008911272117897008,1.3072049205399368,0.07165511583415189,-3.83351,0.89,0.99,692.0,1.1740000000000002,0.20370000000000002,0.0325,-0.30920000000000003,2.0982000000000003
2026-07-28 09:56:18.025000-04:00,CRWV,2026-07-31,79.0,P,743,5,12.85,50,110,60,14.4,50,2026-07-28 06:30:28-04:00,588.0,13.625,1.5500000000000007,0.1137614678899083,3,65.425,0.20748949178448606,0.008911272117897008,1.0426852107347655,-0.9687694275215254,-3.90251,8.8,9.4,610.0,1.1658,-0.798,0.0325,-0.2975,2.0865
2026-07-28 09:56:17.788000-04:00,CRWV,2026-07-31,80.0,C,78,65,0.19,50,294,5,0.22,50,2026-07-28 06:30:04-04:00,10290.0,0.20500000000000002,0.03,0.14634146341463414,3,65.425,0.22277416889568213,0.008911272117897008,1.3218646284944127,0.06095911928484608,-3.66551,0.75,0.84,9668.0,1.1781000000000001,0.17700000000000002,0.0297,-0.28450000000000003,1.9241000000000001
2026-07-28 09:56:18.032000-04:00,CRWV,2026-07-31,80.0,P,234,5,14.6,50,432,5,15.450000000000001,50,2026-07-28 06:30:27-04:00,4212.0,15.025,0.8500000000000014,0.05657237936772056,3,65.425,0.22277416889568213,0.008911272117897008,1.608744176672547,-0.8936686364382778,-3.90951,9.55,10.55,4402.0,1.2205000000000001,-0.8133,0.0296,-0.2967,1.9891
2026-07-28 09:56:17.785000-04:00,CRWV,2026-07-31,81.0,C,106,5,0.15,50,42,69,0.18,50,2026-07-28 06:30:22-04:00,891.0,0.16499999999999998,0.03,0.18181818181818182,3,65.425,0.2380588460068782,0.008911272117897008,1.3259950353686512,0.05041872949595472,-3.66251,0.61,0.7000000000000001,549.0,1.1760000000000002,0.1516,0.0269,-0.25680000000000003,1.7402000000000002
2026-07-28 09:56:16.387000-04:00,CRWV,2026-07-31,81.0,P,676,65,14.5,50,73,11,16.25,50,2026-07-28 06:30:28-04:00,590.0,15.375,1.75,0.11382113821138211,3,65.425,0.2380588460068782,0.008911272117897008,,,-2.26451,10.4,11.85,604.0,1.3326,-0.8141,0.027100000000000003,-0.3236,1.9839
2026-07-28 09:56:17.803000-04:00,CRWV,2026-07-31,82.0,C,241,65,0.12,50,52,5,0.16,50,2026-07-28 06:30:22-04:00,956.0,0.14,0.04000000000000001,0.28571428571428575,3,65.425,0.2533435231180743,0.008911272117897008,1.3436491194541138,0.04323406753339101,-3.68051,0.5,0.58,783.0,1.1794,0.1301,0.024200000000000003,-0.23220000000000002,1.5691000000000002
2026-07-28 09:56:16.706000-04:00,CRWV,2026-07-31,82.0,P,734,5,15.700000000000001,50,68,11,17.25,50,2026-07-28 06:30:34-04:00,570.0,16.475,1.549999999999999,0.09408194233687397,3,65.425,0.2533435231180743,0.008911272117897008,,,-2.58351,10.75,12.5,582.0,1.1138000000000001,-0.8847,0.0235,-0.1932,1.4408
2026-07-28 09:56:16.306000-04:00,CRWV,2026-07-31,83.0,C,4,69,0.09,50,13,69,0.12,50,2026-07-28 06:30:17-04:00,2234.0,0.105,0.03,0.2857142857142857,3,65.425,0.26862820022927014,0.008911272117897008,1.3319487226064421,0.03385721262743707,-2.18351,0.42,0.48,1924.0,1.1835,0.1114,0.0216,-0.2087,1.4062000000000001
2026-07-28 09:56:17.594000-04:00,CRWV,2026-07-31,83.0,P,510,65,16.05,50,43,11,18.150000000000002,50,2026-07-28 06:30:11-04:00,766.0,17.1,2.1000000000000014,0.12280701754385973,3,65.425,0.26862820022927014,0.008911272117897008,,,-3.47151,11.950000000000001,13.65,777.0,1.2984,-0.8642000000000001,0.022600000000000002,-0.25470000000000004,1.6148
2026-07-28 09:56:16.801000-04:00,CRWV,2026-07-31,84.0,C,208,5,0.07,50,7,69,0.1,50,2026-07-28 06:30:05-04:00,913.0,0.085,0.03,0.3529411764705882,3,65.425,0.2839128773404662,0.008911272117897008,1.3389913452400566,0.027977957915169226,-2.67851,0.33,0.39,776.0,1.1781000000000001,0.093,0.019,-0.1822,1.2331
2026-07-28 09:56:17.276000-04:00,CRWV,2026-07-31,84.0,P,492,22,16.6,50,58,76,19.3,50,2026-07-28 06:30:28-04:00,413.0,17.950000000000003,2.6999999999999993,0.1504178272980501,3,65.425,0.2839128773404662,0.008911272117897008,,,-3.15351,13.05,14.75,417.0,1.4269,-0.8572000000000001,0.0213,-0.2906,1.6713
2026-07-28 09:56:17.864000-04:00,CRWV,2026-07-31,85.0,C,209,42,0.07,50,116,42,0.08,50,2026-07-28 06:30:04-04:00,4944.0,0.07500000000000001,0.009999999999999995,0.13333333333333325,3,65.425,0.2991975544516623,0.008911272117897008,1.3639704491347144,0.024652158450852973,-3.74151,0.28,0.31,3415.0,1.1753,0.0775,0.0166,-0.1585,1.0757
2026-07-28 09:56:17.493000-04:00,CRWV,2026-07-31,85.0,P,564,5,19.0,50,312,5,20.35,50,2026-07-28 06:30:21-04:00,2346.0,19.675,1.3500000000000014,0.06861499364675992,3,65.425,0.2991975544516623,0.008911272117897008,1.48775048093536,-0.9633682649047204,-3.37051,13.700000000000001,15.55,2424.0,1.3039,-0.8977,0.0184,-0.20750000000000002,1.3215000000000001
2026-07-28 09:56:17.794000-04:00,CRWV,2026-07-31,86.0,C,118,42,0.06,50,250,42,0.08,50,2026-07-28 06:30:15-04:00,721.0,0.07,0.020000000000000004,0.28571428571428575,3,65.425,0.31448223156285837,0.008911272117897008,1.399526516428005,0.02268435855566303,-3.67151,0.24,0.28,681.0,1.2027,0.0694,0.0149,-0.1491,0.9893000000000001
2026-07-28 09:56:17.184000-04:00,CRWV,2026-07-31,86.0,P,298,65,19.2,50,68,65,21.150000000000002,50,2026-07-28 06:30:09-04:00,203.0,20.175,1.9500000000000028,0.09665427509293693,3,65.425,0.31448223156285837,0.008911272117897008,,,-3.06151,14.85,16.6,203.0,1.4378,-0.8878,0.0178,-0.2461,1.413
2026-07-28 09:56:17.601000-04:00,CRWV,2026-07-31,87.0,C,206,42,0.05,50,707,5,0.09,50,2026-07-28 06:30:21-04:00,1688.0,0.07,0.039999999999999994,0.5714285714285713,3,65.425,0.3297669086740542,0.008911272117897008,1.4485245483407143,0.02202971619670774,-3.47851,0.19,0.22,1460.0,1.189,0.0558,0.012700000000000001,-0.12430000000000001,0.8338
2026-07-28 09:56:16.532000-04:00,CRWV,2026-07-31,87.0,P,646,22,20.25,50,58,65,22.150000000000002,50,2026-07-28 06:30:32-04:00,540.0,21.200000000000003,1.9000000000000021,0.08962264150943405,3,65.425,0.3297669086740542,0.008911272117897008,,,-2.40951,15.3,17.900000000000002,543.0,1.4064,-0.9072,0.0159,-0.2082,1.2304000000000002
2026-07-28 09:56:17.527000-04:00,CRWV,2026-07-31,88.0,C,680,5,0.03,50,141,11,0.06,50,2026-07-28 06:30:15-04:00,1016.0,0.045,0.03,0.6666666666666666,3,65.425,0.3450515857852503,0.008911272117897008,1.4061681446047194,0.015219438164487719,-3.40451,0.16,0.19,804.0,1.2027,0.0482,0.0112,-0.1119,0.7425
2026-07-28 09:56:16.382000-04:00,CRWV,2026-07-31,88.0,P,158,65,21.7,50,25,76,23.1,50,2026-07-28 06:30:09-04:00,148.0,22.4,1.4000000000000021,0.0625000000000001,3,65.425,0.3450515857852503,0.008911272117897008,,,-2.25951,16.7,18.95,158.0,1.6279000000000001,-0.8828,0.016300000000000002,-0.28850000000000003,1.4573
2026-07-28 09:56:17.670000-04:00,CRWV,2026-07-31,89.0,C,2,22,0.04,50,723,5,0.09,50,2026-07-28 06:30:26-04:00,557.0,0.065,0.049999999999999996,0.7692307692307692,3,65.425,0.3603362628964464,0.008911272117897008,1.5274978714851324,0.01970965945525348,-3.54751,0.1,0.17,521.0,1.1917,0.038400000000000004,0.0094,-0.09230000000000001,0.618
2026-07-28 09:56:17.370000-04:00,CRWV,2026-07-31,89.0,P,204,65,22.55,50,52,65,24.1,50,2026-07-28 06:30:26-04:00,117.0,23.325000000000003,1.5500000000000007,0.0664523043944266,3,65.425,0.3603362628964464,0.008911272117897008,,,-3.24751,17.650000000000002,19.400000000000002,124.0,1.4474,-0.9239,0.013300000000000001,-0.18330000000000002,1.0598
2026-07-28 09:56:17.686000-04:00,CRWV,2026-07-31,90.0,C,61,1,0.03,50,172,42,0.04,50,2026-07-28 06:30:15-04:00,4471.0,0.035,0.010000000000000002,0.28571428571428575,3,65.425,0.37562094000764246,0.008911272117897008,1.4478926001756058,0.011833305143343931,-3.56351,0.12,0.14,4024.0,1.2382,0.0371,0.0088,-0.09340000000000001,0.6018
2026-07-28 09:56:17.276000-04:00,CRWV,2026-07-31,90.0,P,334,22,23.6,50,63,65,25.150000000000002,50,2026-07-28 06:30:09-04:00,1398.0,24.375,1.5500000000000007,0.06358974358974362,3,65.425,0.37562094000764246,0.008911272117897008,,,-3.15351,18.400000000000002,19.75,1460.0,0.0,-1.0,0.0,0.0,0.0
2026-07-28 09:56:17.678000-04:00,CRWV,2026-07-31,91.0,C,44,42,0.02,50,61,42,0.04,50,2026-07-28 06:30:26-04:00,466.0,0.03,0.02,0.6666666666666667,3,65.425,0.39090561711883853,0.008911272117897008,1.4623928696459871,0.010204414151578616,-3.55551,0.08,0.13,431.0,1.2273,0.029500000000000002,0.0073,-0.0766,0.498
2026-07-28 09:56:16.561000-04:00,CRWV,2026-07-31,91.0,P,453,65,24.25,50,81,65,26.150000000000002,50,2026-07-28 06:30:21-04:00,581.0,25.200000000000003,1.9000000000000021,0.07539682539682548,3,65.425,0.39090561711883853,0.008911272117897008,,,-2.43851,19.650000000000002,21.400000000000002,584.0,1.5527,-0.928,0.0119,-0.18860000000000002,1.0164
2026-07-28 09:56:16.966000-04:00,CRWV,2026-07-31,92.0,C,51,1,0.02,50,128,42,0.04,50,2026-07-28 06:30:09-04:00,1041.0,0.03,0.02,0.6666666666666667,3,65.425,0.4061902942300344,0.008911272117897008,1.5038984293651718,0.009959492143494404,-2.84351,0.08,0.13,1035.0,1.2710000000000001,0.0287,0.006900000000000001,-0.07740000000000001,0.4862
2026-07-28 09:56:16.690000-04:00,CRWV,2026-07-31,92.0,P,531,22,24.85,50,148,5,27.2,50,2026-07-28 06:30:04-04:00,597.0,26.025,2.349999999999998,0.09029779058597495,3,65.425,0.4061902942300344,0.008911272117897008,,,-2.56751,19.8,22.85,600.0,1.3558000000000001,-0.9618000000000001,0.0082,-0.0952,0.6144000000000001
2026-07-28 09:56:17.255000-04:00,CRWV,2026-07-31,93.0,C,333,42,0.01,50,843,5,0.07,50,2026-07-28 06:30:09-04:00,1121.0,0.04,0.060000000000000005,1.5,3,65.425,0.42147497134123046,0.008911272117897008,1.6008962776909212,0.012240889379117758,-3.13251,0.07,0.14,929.0,1.3148,0.028,0.006500000000000001,-0.0784,0.4763
2026-07-28 09:56:17.802000-04:00,CRWV,2026-07-31,93.0,P,161,4,26.35,50,110,42,28.150000000000002,50,2026-07-28 06:30:15-04:00,81.0,27.25,1.8000000000000007,0.06605504587155966,3,65.425,0.42147497134123046,0.008911272117897008,,,-3.67951,21.400000000000002,24.05,83.0,1.8357,-0.9068,0.0122,-0.2745,1.2341
2026-07-28 09:56:17.602000-04:00,CRWV,2026-07-31,94.0,C,0,47,0.0,50,441,5,0.11,50,2026-07-28 06:30:32-04:00,424.0,0.055,0.11,2.0,3,65.425,0.43675964845242654,0.008911272117897008,1.7118736260255811,0.015397926178986828,-3.47951,0.04,0.18,456.0,1.3777000000000001,0.0292,0.006500000000000001,-0.0853,0.4943
2026-07-28 09:56:17.015000-04:00,CRWV,2026-07-31,94.0,P,727,65,27.3,50,153,60,29.1,50,2026-07-28 06:30:15-04:00,465.0,28.200000000000003,1.8000000000000007,0.06382978723404258,3,65.425,0.43675964845242654,0.008911272117897008,,,-2.89251,22.55,24.85,469.0,1.8712000000000002,-0.9111,0.011600000000000001,-0.2701,1.1923000000000001
2026-07-28 09:56:18.025000-04:00,CRWV,2026-07-31,95.0,C,234,42,0.01,50,542,5,0.04,50,2026-07-28 06:30:26-04:00,1836.0,0.025,0.03,1.2,3,65.425,0.4520443255636226,0.008911272117897008,1.5903492995229116,0.008039257335353638,-3.90251,0.05,0.08,1848.0,1.2984,0.0181,0.0046,-0.053700000000000005,0.3306
2026-07-28 09:56:18.043000-04:00,CRWV,2026-07-31,95.0,P,611,5,29.1,50,58,11,30.1,50,2026-07-28 06:30:21-04:00,583.0,29.6,1.0,0.03378378378378378,3,65.425,0.4520443255636226,0.008911272117897008,1.7577056079615996,-0.9847252721925482,-3.92051,23.75,24.6,584.0,0.0,-1.0,0.0,0.0,0.0
2026-07-28 09:56:17.941000-04:00,CRWV,2026-07-31,96.0,C,97,42,0.01,50,191,42,0.03,50,2026-07-28 06:30:32-04:00,326.0,0.02,0.019999999999999997,0.9999999999999998,3,65.425,0.46732900267481847,0.008911272117897008,1.5883709052717585,0.006566366987423775,-3.81851,0.03,0.06,327.0,1.2656,0.0128,0.0035,-0.039,0.2459
2026-07-28 09:56:16.799000-04:00,CRWV,2026-07-31,96.0,P,316,65,30.05,50,101,5,31.150000000000002,50,2026-07-28 06:30:04-04:00,268.0,30.6,1.1000000000000014,0.0359477124183007,3,65.425,0.46732900267481847,0.008911272117897008,1.8005970090177137,-0.9849577069111131,-2.67651,24.25,27.05,270.0,1.9282000000000001,-0.9201,0.0103,-0.256,1.0998
2026-07-28 09:56:16.357000-04:00,CRWV,2026-07-31,97.0,C,1,31,0.02,50,120,42,0.03,50,2026-07-28 06:30:26-04:00,415.0,0.025,0.009999999999999998,0.3999999999999999,3,65.425,0.48261367978601455,0.008911272117897008,1.6668452648572383,0.007717464604408951,-2.23451,0.04,0.15,425.0,1.457,0.0235,0.0051,-0.075,0.4112
2026-07-28 09:56:16.420000-04:00,CRWV,2026-07-31,97.0,P,18,11,30.3,50,9,76,32.2,50,2026-07-28 06:30:04-04:00,63.0,31.25,1.9000000000000021,0.06080000000000007,3,65.425,0.48261367978601455,0.008911272117897008,,,-2.29751,25.1,28.0,63.0,1.8794000000000002,-0.9332,0.0092,-0.216,0.9590000000000001
2026-07-28 09:56:16.438000-04:00,CRWV,2026-07-31,98.0,C,3,7,0.02,50,674,65,0.04,50,2026-07-28 06:30:04-04:00,252.0,0.03,0.02,0.6666666666666667,3,65.425,0.4978983568972106,0.008911272117897008,1.7405984785176083,0.008774713945808116,-2.31551,0.03,0.06,250.0,1.3367,0.012100000000000001,0.0031000000000000003,-0.0392,0.23440000000000003
2026-07-28 09:56:16.420000-04:00,CRWV,2026-07-31,98.0,P,17,76,31.3,50,17,76,33.1,50,2026-07-28 06:30:32-04:00,66.0,32.2,1.8000000000000007,0.05590062111801244,3,65.425,0.4978983568972106,0.008911272117897008,,,-2.29751,26.5,28.35,229.0,1.7742,-0.9511000000000001,0.0076,-0.1569,0.7501
2026-07-28 09:56:16.412000-04:00,CRWV,2026-07-31,99.0,C,0,1,0.0,50,892,65,0.2,50,2026-07-28 06:30:26-04:00,187.0,0.1,0.2,2.0,3,65.425,0.5131830340084067,0.008911272117897008,2.081209750675602,0.022297679008141634,-2.28951,0.01,0.12,179.0,1.4460000000000002,0.0162,0.0037,-0.0545,0.3012
2026-07-28 09:56:16.420000-04:00,CRWV,2026-07-31,99.0,P,18,76,32.3,50,16,76,34.1,50,2026-07-28 06:30:09-04:00,77.0,33.2,1.8000000000000043,0.054216867469879644,3,65.425,0.5131830340084067,0.008911272117897008,,,-2.29751,27.25,29.75,79.0,1.9179000000000002,-0.9415,0.0082,-0.19770000000000001,0.8645
2026-07-28 09:47:37.918000-04:00,CRWV,2026-07-31,100.0,C,0,31,0.0,50,99,7,0.01,50,2026-07-28 06:30:32-04:00,5019.0,0.005,0.01,2.0,3,65.425,0.5284677111196026,0.008911272117897008,1.5149956861663016,0.001909105564833349,516.20449,0.03,0.05,4666.0,1.4078000000000002,0.011600000000000001,0.0029000000000000002,-0.0398,0.226
2026-07-28 09:56:16.777000-04:00,CRWV,2026-07-31,100.0,P,381,22,33.45,50,45,65,35.25,50,2026-07-28 06:30:04-04:00,926.0,34.35,1.7999999999999972,0.052401746724890744,3,65.425,0.5284677111196026,0.008911272117897008,,,-2.65451,28.25,31.0,1351.0,2.0908,-0.9288000000000001,0.008700000000000001,-0.2539,1.0079
2026-07-28 09:56:16.429000-04:00,CRWV,2026-07-31,101.0,C,1,6,0.01,50,1211,65,0.07,50,2026-07-28 06:30:32-04:00,594.0,0.04,0.060000000000000005,1.5,3,65.425,0.5437523882307986,0.008911272117897008,1.916074063145044,0.010488857936565107,-2.30651,0.01,0.05,627.0,1.3968,0.0092,0.0024000000000000002,-0.0323,0.18480000000000002
2026-07-28 09:56:16.312000-04:00,CRWV,2026-07-31,101.0,P,8,5,33.75,50,7,5,36.25,50,2026-07-28 06:30:15-04:00,8.0,35.0,2.5,0.07142857142857142,3,65.425,0.5437523882307986,0.008911272117897008,,,-2.18951,28.8,30.8,10.0,0.0,-1.0,0.0,0.0,0.0
2026-07-28 09:56:17.580000-04:00,CRWV,2026-07-31,102.0,C,0,1,0.0,50,391,42,0.03,50,2026-07-28 06:30:26-04:00,282.0,0.015,0.03,2.0,3,65.425,0.5590370653419947,0.008911272117897008,1.7509072693199261,0.004633076124230394,-3.45751,0.02,0.13,284.0,1.5882,0.0173,0.0036000000000000003,-0.06330000000000001,0.3183
2026-07-28 09:56:16.311000-04:00,CRWV,2026-07-31,102.0,P,12,5,34.75,50,14,11,37.1,50,2026-07-28 06:30:21-04:00,72.0,35.925,2.3500000000000014,0.06541405706332643,3,65.425,0.5590370653419947,0.008911272117897008,,,-2.18851,30.1,32.5,206.0,1.7414,-0.9719000000000001,0.0049,-0.09380000000000001,0.4768
2026-07-28 09:56:16.495000-04:00,CRWV,2026-07-31,103.0,C,0,1,0.0,50,993,65,0.52,50,2026-07-28 06:30:09-04:00,336.0,0.26,0.52,2.0,3,65.425,0.5743217424531908,0.008911272117897008,2.6118842716146284,0.043079125598260125,-2.37251,0.0,0.1,230.0,1.55,0.0129,0.0029000000000000002,-0.048,0.24730000000000002
2026-07-28 09:56:16.420000-04:00,CRWV,2026-07-31,103.0,P,426,65,36.5,50,103,65,38.2,50,2026-07-28 06:30:04-04:00,477.0,37.35,1.7000000000000028,0.04551539491298535,3,65.425,0.5743217424531908,0.008911272117897008,,,-2.29751,31.2,33.3,654.0,1.6593,-0.9807,0.0038,-0.0618,0.3472
2026-07-28 09:56:16.404000-04:00,CRWV,2026-07-31,104.0,C,0,1,0.0,50,877,65,0.35000000000000003,50,2026-07-28 06:30:15-04:00,183.0,0.17500000000000002,0.35000000000000003,2.0,3,65.425,0.5896064195643869,0.008911272117897008,2.4851392104811563,0.03165593857935342,-2.28151,0.0,0.25,178.0,1.7933000000000001,0.025400000000000002,0.0044,-0.0985,0.439
2026-07-28 09:56:16.319000-04:00,CRWV,2026-07-31,104.0,P,10,5,37.15,50,17,76,39.2,50,2026-07-28 06:30:21-04:00,3.0,38.175,2.0500000000000043,0.053700065487884856,3,65.425,0.5896064195643869,0.008911272117897008,,,-2.19651,31.5,35.0,9.0,1.6921000000000002,-0.9812000000000001,0.0036000000000000003,-0.061500000000000006,0.3393
2026-07-28 09:56:16.410000-04:00,CRWV,2026-07-31,105.0,C,0,1,0.0,50,64,31,0.03,50,2026-07-28 06:30:15-04:00,1139.0,0.015,0.03,2.0,3,65.425,0.6048910966755827,0.008911272117897008,1.8506118475778255,0.004413841465971204,-2.28751,0.01,0.05,1094.0,1.5281,0.0086,0.002,-0.033100000000000004,0.17320000000000002
2026-07-28 09:56:16.321000-04:00,CRWV,2026-07-31,105.0,P,18,76,38.1,50,17,76,40.25,50,2026-07-28 06:30:09-04:00,5.0,39.175,2.1499999999999986,0.05488194001276321,3,65.425,0.6048910966755827,0.008911272117897008,,,-2.19851,33.2,35.75,101.0,2.1362,-0.9504,0.0064,-0.19240000000000002,0.7587
2026-07-28 09:56:16.436000-04:00,CRWV,2026-07-31,106.0,C,1,31,0.01,50,1012,65,0.05,50,2026-07-28 06:30:21-04:00,861.0,0.030000000000000002,0.04,1.3333333333333333,3,65.425,0.6201757737867788,0.008911272117897008,2.027871183269225,0.007690763140195695,-2.31351,0.01,0.05,860.0,1.55,0.008,0.0019,-0.0318,0.1641
2026-07-28 09:56:17.514000-04:00,CRWV,2026-07-31,106.0,P,21,76,38.800000000000004,50,14,76,41.1,50,2026-07-28 06:30:32-04:00,42.0,39.95,2.299999999999997,0.05757196495619517,3,65.425,0.6201757737867788,0.008911272117897008,,,-3.39151,34.1,36.5,51.0,1.8945,-0.9734,0.0043,-0.0974,0.4551
2026-07-28 09:56:16.404000-04:00,CRWV,2026-07-31,107.0,C,0,1,0.0,50,907,65,0.65,50,2026-07-28 06:30:04-04:00,93.0,0.325,0.65,2.0,3,65.425,0.6354604508979749,0.008911272117897008,2.89500630365475,0.04823703605685,-2.28151,0.0,0.12,95.0,1.725,0.014,0.0028,-0.057300000000000004,0.2656
2026-07-28 09:56:16.312000-04:00,CRWV,2026-07-31,107.0,P,17,11,39.75,50,7,5,42.25,50,2026-07-28 06:30:26-04:00,1.0,41.0,2.5,0.06097560975609756,3,65.425,0.6354604508979749,0.008911272117897008,,,-2.18951,35.2,37.5,75.0,2.0292,-0.9668,0.0049,-0.12840000000000001,0.5474
2026-07-28 09:56:16.438000-04:00,CRWV,2026-07-31,108.0,C,0,1,0.0,50,1564,65,0.53,50,2026-07-28 06:30:21-04:00,819.0,0.265,0.53,2.0,3,65.425,0.650745128009171,0.008911272117897008,2.833717228527788,0.04103786615221194,-2.31551,0.0,0.12,805.0,1.7578,0.013800000000000002,0.0027,-0.057600000000000005,0.2621
2026-07-28 09:56:16.361000-04:00,CRWV,2026-07-31,108.0,P,10,11,41.1,50,11,11,43.2,50,2026-07-28 06:30:32-04:00,0.0,42.150000000000006,2.1000000000000014,0.04982206405693953,3,65.425,0.650745128009171,0.008911272117897008,,,-2.23851,36.2,38.5,117.0,2.0673,-0.9672000000000001,0.0047,-0.1295,0.5422
2026-07-28 09:56:16.410000-04:00,CRWV,2026-07-31,109.0,C,0,1,0.0,50,911,65,0.54,50,2026-07-28 06:30:04-04:00,139.0,0.27,0.54,2.0,3,65.425,0.6660298051203668,0.008911272117897008,2.8839260833354525,0.04113610455303737,-2.28751,0.0,0.01,126.0,0.5,0.0,0.0,0.0,0.0
2026-07-28 09:56:17.151000-04:00,CRWV,2026-07-31,109.0,P,9,11,41.75,50,8,11,44.25,50,2026-07-28 06:30:26-04:00,2.0,43.0,2.5,0.05813953488372093,3,65.425,0.6660298051203668,0.008911272117897008,,,-3.02851,37.15,39.5,135.0,2.0468,-0.9716,0.004200000000000001,-0.1124,0.4813
2026-07-28 09:56:16.362000-04:00,CRWV,2026-07-31,110.0,C,4,31,0.01,50,14,31,0.02,50,2026-07-28 06:30:21-04:00,2319.0,0.015,0.01,0.6666666666666667,3,65.425,0.6813144822315629,0.008911272117897008,2.0090648771834734,0.004108202907405998,-2.23951,0.0,0.01,2270.0,0.5,0.0,0.0,0.0,0.0
2026-07-28 09:56:16.416000-04:00,CRWV,2026-07-31,110.0,P,8,76,43.1,50,11,76,45.15,50,2026-07-28 06:30:27-04:00,0.0,44.125,2.049999999999997,0.04645892351274781,3,65.425,0.6813144822315629,0.008911272117897008,,,-2.29351,38.2,41.35,261.0,2.6708000000000003,-0.9243,0.0071,-0.34190000000000004,1.0556
2026-07-28 09:56:16.440000-04:00,CRWV,2026-07-31,111.0,C,0,1,0.0,50,876,65,0.26,50,2026-07-28 06:30:15-04:00,106.0,0.13,0.26,2.0,3,65.425,0.696599159342759,0.008911272117897008,2.642389000585731,0.023118487115540213,-2.31751,0.0,0.17,127.0,1.9238000000000002,0.0165,0.0028,-0.07350000000000001,0.3053
2026-07-28 09:56:16.693000-04:00,CRWV,2026-07-31,111.0,P,9,11,43.75,50,10,11,46.4,50,2026-07-28 06:30:21-04:00,0.0,45.075,2.6499999999999986,0.058790904048807505,3,65.425,0.696599159342759,0.008911272117897008,,,-2.57051,39.2,41.45,42.0,2.1171,-0.9723,0.004,-0.11370000000000001,0.4708
2026-07-28 09:56:16.446000-04:00,CRWV,2026-07-31,112.0,C,0,1,0.0,50,960,65,0.65,50,2026-07-28 06:30:21-04:00,200.0,0.325,0.65,2.0,3,65.425,0.711883836453955,0.008911272117897008,3.1020653408229535,0.04567598044409881,-2.32351,0.0,0.1,139.0,1.8453000000000002,0.0114,0.0021000000000000003,-0.0511,0.22160000000000002
2026-07-28 09:56:15.423000-04:00,CRWV,2026-07-31,112.0,P,3,69,44.75,50,6,69,47.4,50,2026-07-28 06:30:10-04:00,2.0,46.075,2.6499999999999986,0.057514921323928346,3,65.425,0.711883836453955,0.008911272117897008,,,-1.30051,40.15,42.45,56.0,2.1083000000000003,-0.9753000000000001,0.0036000000000000003,-0.1017,0.42760000000000004
2026-07-28 09:56:16.515000-04:00,CRWV,2026-07-31,113.0,C,2,60,0.01,50,950,65,0.14,50,2026-07-28 06:30:04-04:00,504.0,0.07500000000000001,0.13,1.7333333333333332,3,65.425,0.7271685135651511,0.008911272117897008,2.5184497755016375,0.014687514896385513,-2.39251,0.0,0.27,505.0,2.1289000000000002,0.0235,0.0035,-0.10980000000000001,0.41200000000000003
2026-07-28 09:56:16.323000-04:00,CRWV,2026-07-31,113.0,P,3,5,45.75,50,7,11,48.15,50,2026-07-28 06:30:27-04:00,0.0,46.95,2.3999999999999986,0.05111821086261977,3,65.425,0.7271685135651511,0.008911272117897008,,,-2.20051,40.5,44.0,14.0,2.0058000000000002,-0.9830000000000001,0.0028,-0.0671,0.31220000000000003
2026-07-28 09:56:16.979000-04:00,CRWV,2026-07-31,114.0,C,1,31,0.01,50,693,65,0.14,50,2026-07-28 06:30:32-04:00,84.0,0.07500000000000001,0.13,1.7333333333333332,3,65.425,0.742453190676347,0.008911272117897008,2.5523894604504407,0.014524008647315527,-2.85651,0.0,0.31,66.0,2.2109,0.0261,0.0036000000000000003,-0.12430000000000001,0.44920000000000004
2026-07-28 09:56:16.360000-04:00,CRWV,2026-07-31,114.0,P,9,11,46.75,50,6,69,49.4,50,2026-07-28 06:30:15-04:00,0.0,48.075,2.6499999999999986,0.0551222048881955,3,65.425,0.742453190676347,0.008911272117897008,,,-2.23751,42.2,45.0,6.0,2.6503,-0.9426,0.0058000000000000005,-0.2713,0.8523000000000001
2026-07-28 09:56:16.433000-04:00,CRWV,2026-07-31,115.0,C,0,1,0.0,50,1357,65,0.17,50,2026-07-28 06:30:21-04:00,1609.0,0.085,0.17,2.0,3,65.425,0.757737867787543,0.008911272117897008,2.628442056829743,0.015864882068252782,-2.31051,0.0,0.05,1611.0,1.7468000000000001,0.005200000000000001,0.0011,-0.0244,0.1116
2026-07-28 09:56:16.416000-04:00,CRWV,2026-07-31,115.0,P,12,11,47.6,50,8,11,50.25,50,2026-07-28 06:30:32-04:00,8.0,48.925,2.6499999999999986,0.054164537557485924,3,65.425,0.757737867787543,0.008911272117897008,,,-2.29351,43.2,46.35,196.0,2.8701000000000003,-0.9283,0.0064,-0.35250000000000004,1.0133
2026-07-28 09:56:16.440000-04:00,CRWV,2026-07-31,116.0,C,0,1,0.0,50,1442,65,0.35000000000000003,50,2026-07-28 06:30:15-04:00,1027.0,0.17500000000000002,0.35000000000000003,2.0,3,65.425,0.7730225448987391,0.008911272117897008,2.94744187996888,0.027556943315821425,-2.31751,0.0,0.01,1016.0,0.5,0.0,0.0,0.0,0.0
2026-07-28 09:56:16.763000-04:00,CRWV,2026-07-31,116.0,P,10,11,48.75,50,7,11,51.25,50,2026-07-28 06:30:10-04:00,0.0,50.0,2.5,0.05,3,65.425,0.7730225448987391,0.008911272117897008,,,-2.64051,43.1,47.0,1.0,0.0,-1.0,0.0,0.0,0.0
2026-07-28 09:56:16.440000-04:00,CRWV,2026-07-31,117.0,C,0,1,0.0,50,975,65,0.51,50,2026-07-28 06:30:04-04:00,230.0,0.255,0.51,2.0,3,65.425,0.7883072220099352,0.008911272117897008,3.165019795700764,0.03632500283157032,-2.31751,0.0,0.01,229.0,0.5,0.0,0.0,0.0,0.0
2026-07-28 09:56:16.450000-04:00,CRWV,2026-07-31,117.0,P,9,11,49.75,50,8,11,52.15,50,2026-07-28 06:30:27-04:00,0.0,50.95,2.3999999999999986,0.04710500490677132,3,65.425,0.7883072220099352,0.008911272117897008,,,-2.32751,45.050000000000004,47.5,31.0,2.1992000000000003,-0.9805,0.0028,-0.0847,0.3501
2026-07-28 09:56:16.310000-04:00,CRWV,2026-07-31,118.0,C,0,1,0.0,50,39,31,0.03,50,2026-07-28 06:30:33-04:00,287.0,0.015,0.03,2.0,3,65.425,0.803591899121131,0.008911272117897008,2.2448800789852594,0.0037298162359912187,-2.18751,0.0,0.05,287.0,1.8234000000000001,0.0049,0.001,-0.024200000000000003,0.1062
2026-07-28 09:56:15.423000-04:00,CRWV,2026-07-31,118.0,P,5,69,50.75,50,6,69,53.300000000000004,50,2026-07-28 06:30:14-04:00,0.0,52.025000000000006,2.5500000000000043,0.04901489668428648,3,65.425,0.803591899121131,0.008911272117897008,,,-1.30051,45.5,49.0,0.0,2.164,-0.9838,0.0025,-0.0692,0.29910000000000003
2026-07-28 09:56:16.443000-04:00,CRWV,2026-07-31,119.0,C,0,1,0.0,50,711,65,0.1,50,2026-07-28 06:30:10-04:00,260.0,0.05,0.1,2.0,3,65.425,0.8188765762323271,0.008911272117897008,2.5850717165062185,0.009954122233667867,-2.32051,0.0,0.01,259.0,0.5,0.0,0.0,0.0,0.0
2026-07-28 09:56:16.312000-04:00,CRWV,2026-07-31,119.0,P,3,5,51.75,50,5,5,54.15,50,2026-07-28 06:30:04-04:00,0.0,52.95,2.3999999999999986,0.04532577903682716,3,65.425,0.8188765762323271,0.008911272117897008,,,-2.18951,47.0,50.0,3.0,2.7031,-0.9547,0.0047,-0.2268,0.7057
2026-07-28 09:47:27.858000-04:00,CRWV,2026-07-31,120.0,C,0,5,0.0,50,100,5,0.01,50,2026-07-28 06:30:15-04:00,2165.0,0.005,0.01,2.0,3,65.425,0.8341612533435232,0.008911272117897008,2.0855636926926833,0.0014366910111780556,526.26449,0.0,0.01,2165.0,0.5,0.0,0.0,0.0,0.0
2026-07-28 09:56:17.436000-04:00,CRWV,2026-07-31,120.0,P,6,31,52.5,50,9,11,55.050000000000004,50,2026-07-28 06:30:10-04:00,3.0,53.775000000000006,2.5500000000000043,0.04741980474198055,3,65.425,0.8341612533435232,0.008911272117897008,,,-3.31351,48.2,51.300000000000004,30.0,3.0385,-0.933,0.0057,-0.3536,0.9614
2026-07-28 09:56:16.410000-04:00,CRWV,2026-07-31,121.0,C,0,1,0.0,50,319,65,0.51,50,2026-07-28 06:30:27-04:00,110.0,0.255,0.51,2.0,3,65.425,0.8494459304547193,0.008911272117897008,3.309202238790039,0.03506179486071502,-2.28751,0.0,0.06,109.0,1.9882000000000002,0.0067,0.0012000000000000001,-0.034800000000000005,0.1401
2026-07-28 09:56:16.451000-04:00,CRWV,2026-07-31,121.0,P,9,11,53.75,50,8,11,56.25,50,2026-07-28 06:30:20-04:00,0.0,55.0,2.5,0.045454545454545456,3,65.425,0.8494459304547193,0.008911272117897008,,,-2.32851,48.5,52.0,0.0,2.2578,-0.9841000000000001,0.0023,-0.07100000000000001,0.2942
2026-07-28 09:56:16.403000-04:00,CRWV,2026-07-31,122.0,C,0,1,0.0,50,404,65,0.51,50,2026-07-28 06:30:04-04:00,128.0,0.255,0.51,2.0,3,65.425,0.8647306075659154,0.008911272117897008,3.344270799914463,0.034769819719296984,-2.28051,0.0,0.02,125.0,1.8125,0.0027,0.0006000000000000001,-0.0143,0.0634
2026-07-28 09:56:16.450000-04:00,CRWV,2026-07-31,122.0,P,9,11,54.75,50,8,11,57.35,50,2026-07-28 06:30:27-04:00,7.0,56.05,2.6000000000000014,0.04638715432649423,3,65.425,0.8647306075659154,0.008911272117897008,,,-2.32751,49.95,53.0,7.0,2.7617000000000003,-0.9587,0.0043,-0.2139,0.6543
2026-07-28 09:56:16.424000-04:00,CRWV,2026-07-31,123.0,C,0,1,0.0,50,288,65,0.51,50,2026-07-28 06:30:21-04:00,123.0,0.255,0.51,2.0,3,65.425,0.8800152846771112,0.008911272117897008,3.378965398866985,0.03448648503209119,-2.30151,0.0,0.3,123.0,2.4921,0.0235,0.003,-0.12840000000000001,0.4117
2026-07-28 09:56:15.422000-04:00,CRWV,2026-07-31,123.0,P,5,69,55.75,50,5,69,58.25,50,2026-07-28 06:30:31-04:00,0.0,57.0,2.5,0.043859649122807015,3,65.425,0.8800152846771112,0.008911272117897008,,,-1.29951,51.2,54.0,0.0,2.9726000000000004,-0.9472,0.0048000000000000004,-0.28450000000000003,0.7979
2026-07-28 09:56:16.438000-04:00,CRWV,2026-07-31,124.0,C,0,42,0.0,50,373,65,0.51,50,2026-07-28 06:30:33-04:00,66.0,0.255,0.51,2.0,3,65.425,0.8952999617883073,0.008911272117897008,3.413293968718849,0.03421139435481959,-2.31551,0.0,0.3,66.0,2.5214000000000003,0.023200000000000002,0.0029000000000000002,-0.1287,0.40800000000000003
2026-07-28 09:56:15.423000-04:00,CRWV,2026-07-31,124.0,P,5,69,56.75,50,5,69,59.300000000000004,50,2026-07-28 06:30:25-04:00,0.0,58.025000000000006,2.5500000000000043,0.043946574752262026,3,65.425,0.8952999617883073,0.008911272117897008,,,-1.30051,51.5,55.0,0.0,2.3515,-0.9843000000000001,0.0022,-0.0734,0.29150000000000004
2026-07-28 09:56:16.723000-04:00,CRWV,2026-07-31,125.0,C,0,1,0.0,50,31,42,0.02,50,2026-07-28 06:30:04-04:00,785.0,0.01,0.02,2.0,3,65.425,0.9105846388995034,0.008911272117897008,2.3459160064916316,0.002467387568394818,-2.60051,0.0,0.02,792.0,1.8562,0.0023,0.0005,-0.0126,0.0543
2026-07-28 09:56:17.025000-04:00,CRWV,2026-07-31,125.0,P,11,11,59.050000000000004,50,7,11,60.300000000000004,50,2026-07-28 06:30:27-04:00,1.0,59.675000000000004,1.25,0.020946795140343526,3,65.425,0.9105846388995034,0.008911272117897008,3.154079031186217,-0.9785365775521365,-2.90251,52.5,56.0,1.0,2.3808000000000002,-0.9844,0.0022,-0.07390000000000001,0.2898
2026-07-28 09:56:16.404000-04:00,CRWV,2026-07-31,126.0,C,0,1,0.0,50,378,65,0.51,50,2026-07-28 06:30:15-04:00,49.0,0.255,0.51,2.0,3,65.425,0.9258693160106994,0.008911272117897008,3.480883456263763,0.033684479204232926,-2.28151,0.0,0.1,49.0,2.2343,0.0094,0.0015,-0.052700000000000004,0.1885
2026-07-28 09:56:17.194000-04:00,CRWV,2026-07-31,126.0,P,9,11,58.75,50,6,11,61.2,50,2026-07-28 06:30:25-04:00,0.0,59.975,2.450000000000003,0.04085035431429767,3,65.425,0.9258693160106994,0.008911272117897008,,,-3.07151,54.15,57.0,0.0,3.0341,-0.9510000000000001,0.0045000000000000005,-0.2727,0.7514000000000001
2026-07-28 09:56:16.443000-04:00,CRWV,2026-07-31,127.0,C,0,1,0.0,50,318,65,0.51,50,2026-07-28 06:30:04-04:00,27.0,0.255,0.51,2.0,3,65.425,0.9411539931218953,0.008911272117897008,3.514158978646441,0.03343197637014434,-2.32051,0.0,0.2,27.0,2.4687,0.0165,0.0022,-0.09430000000000001,0.3054
2026-07-28 09:56:17.297000-04:00,CRWV,2026-07-31,127.0,P,9,11,59.75,50,8,11,62.15,50,2026-07-28 06:30:14-04:00,0.0,60.95,2.3999999999999986,0.0393765381460213,3,65.425,0.9411539931218953,0.008911272117897008,,,-3.17451,55.15,58.0,0.0,3.0678,-0.9513,0.0044,-0.27440000000000003,0.7478
2026-07-28 09:56:16.404000-04:00,CRWV,2026-07-31,128.0,C,0,42,0.0,50,392,65,0.51,50,2026-07-28 06:30:21-04:00,94.0,0.255,0.51,2.0,3,65.425,0.9564386702330914,0.008911272117897008,3.547097703422611,0.03318635758747596,-2.28151,0.0,0.1,94.0,2.2929,0.0094,0.0014,-0.0541,0.18860000000000002
2026-07-28 09:56:16.326000-04:00,CRWV,2026-07-31,128.0,P,6,69,60.75,50,7,11,63.25,50,2026-07-28 06:30:25-04:00,0.0,62.0,2.5,0.04032258064516129,3,65.425,0.9564386702330914,0.008911272117897008,,,-2.20351,55.5,59.0,0.0,2.4687,-0.9846,0.0021000000000000003,-0.0756,0.2861
2026-07-28 09:56:16.440000-04:00,CRWV,2026-07-31,129.0,C,0,42,0.0,50,401,65,0.51,50,2026-07-28 06:30:33-04:00,126.0,0.255,0.51,2.0,3,65.425,0.9717233473442874,0.008911272117897008,3.5797063686645467,0.03294733119514264,-2.31751,0.0,0.05,126.0,2.0937,0.0043,0.0008,-0.0246,0.09390000000000001
2026-07-28 09:56:16.312000-04:00,CRWV,2026-07-31,129.0,P,3,69,61.75,50,4,5,64.3,50,2026-07-28 06:30:25-04:00,0.0,63.025,2.549999999999997,0.04046013486711618,3,65.425,0.9717233473442874,0.008911272117897008,,,-2.18951,56.1,60.0,0.0,0.0,-1.0,0.0,0.0,0.0
2026-07-28 09:30:33.635000-04:00,CRWV,2026-07-31,130.0,C,0,46,0.0,50,1,46,0.01,50,2026-07-28 06:30:21-04:00,1075.0,0.005,0.01,2.0,3,65.425,0.9870080244554835,0.008911272117897008,2.3296467366539173,0.001302898442480078,1540.48749,0.0,0.01,1051.0,0.5,0.0,0.0,0.0,0.0
2026-07-28 09:56:15.423000-04:00,CRWV,2026-07-31,130.0,P,5,69,62.75,50,5,69,65.25,50,2026-07-28 06:30:14-04:00,0.0,64.0,2.5,0.0390625,3,65.425,0.9870080244554835,0.008911272117897008,,,-1.30051,57.95,61.0,0.0,3.0166,-0.9612,0.0037,-0.2218,0.6221
2026-07-28 09:56:16.407000-04:00,CRWV,2026-07-31,131.0,C,0,42,0.0,50,384,65,0.51,50,2026-07-28 06:30:27-04:00,71.0,0.255,0.51,2.0,3,65.425,1.0022927015666796,0.008911272117897008,3.643959441656519,0.0324879706219694,-2.28451,0.0,0.1,70.0,2.3632,0.009000000000000001,0.0013000000000000002,-0.0536,0.1814
2026-07-28 09:56:16.312000-04:00,CRWV,2026-07-31,131.0,P,4,69,63.75,50,5,69,66.25,50,2026-07-28 06:30:14-04:00,0.0,65.0,2.5,0.038461538461538464,3,65.425,1.0022927015666796,0.008911272117897008,,,-2.18951,58.5,61.800000000000004,0.0,0.0,-1.0,0.0,0.0,0.0
2026-07-28 09:56:16.438000-04:00,CRWV,2026-07-31,132.0,C,0,1,0.0,50,379,65,0.51,50,2026-07-28 06:30:15-04:00,40.0,0.255,0.51,2.0,3,65.425,1.0175773786778755,0.008911272117897008,3.675616320713458,0.03226713138161724,-2.31551,0.0,0.1,40.0,2.3867000000000003,0.0089,0.0013000000000000002,-0.053500000000000006,0.1794
2026-07-28 09:56:17.064000-04:00,CRWV,2026-07-31,132.0,P,8,11,64.75,50,7,11,67.25,50,2026-07-28 06:30:31-04:00,0.0,66.0,2.5,0.03787878787878788,3,65.425,1.0175773786778755,0.008911272117897008,,,-2.94151,59.550000000000004,63.0,0.0,2.6445000000000003,-0.9826,0.0021000000000000003,-0.0922,0.3186
2026-07-28 09:56:16.392000-04:00,CRWV,2026-07-31,133.0,C,0,1,0.0,50,318,65,0.51,50,2026-07-28 06:30:10-04:00,22.0,0.255,0.51,2.0,3,65.425,1.0328620557890718,0.008911272117897008,3.7069680992679004,0.03205187235275756,-2.26951,0.0,0.1,21.0,2.4101,0.0088,0.0013000000000000002,-0.053500000000000006,0.17750000000000002
2026-07-28 09:56:16.753000-04:00,CRWV,2026-07-31,133.0,P,10,11,65.75,50,9,11,68.3,50,2026-07-28 06:30:14-04:00,0.0,67.025,2.549999999999997,0.038045505408429645,3,65.425,1.0328620557890718,0.008911272117897008,,,-2.63051,60.5,64.0,0.0,2.6035,-0.9852000000000001,0.0019,-0.07690000000000001,0.277
2026-07-28 09:56:16.385000-04:00,CRWV,2026-07-31,134.0,C,0,1,0.0,50,354,65,0.51,50,2026-07-28 06:30:32-04:00,53.0,0.255,0.51,2.0,3,65.425,1.0481467329002676,0.008911272117897008,3.7380205598764835,0.03184197393919528,-2.26251,0.0,0.1,53.0,2.4453,0.009000000000000001,0.0013000000000000002,-0.055400000000000005,0.1811
2026-07-28 09:56:16.367000-04:00,CRWV,2026-07-31,134.0,P,10,11,66.75,50,8,76,69.3,50,2026-07-28 06:30:20-04:00,0.0,68.025,2.549999999999997,0.037486218302094775,3,65.425,1.0481467329002676,0.008911272117897008,,,-2.24451,61.5,65.0,0.0,2.6328,-0.9852000000000001,0.0019,-0.0779,0.277
2026-07-28 09:56:16.386000-04:00,CRWV,2026-07-31,135.0,C,0,42,0.0,50,436,65,0.51,50,2026-07-28 06:30:32-04:00,130.0,0.255,0.51,2.0,3,65.425,1.0634314100114635,0.008911272117897008,3.7687793171056385,0.03163722814730115,-2.26351,0.0,0.1,130.0,2.4687,0.0089,0.0013000000000000002,-0.055400000000000005,0.1794
2026-07-28 09:56:16.326000-04:00,CRWV,2026-07-31,135.0,P,11,11,67.75,50,5,69,70.3,50,2026-07-28 06:30:08-04:00,0.0,69.025,2.549999999999997,0.036943136544730124,3,65.425,1.0634314100114635,0.008911272117897008,,,-2.20351,62.5,66.0,0.0,2.6562,-0.9854,0.0018000000000000002,-0.0776,0.274
2026-07-28 09:56:16.387000-04:00,CRWV,2026-07-31,140.0,C,0,42,0.0,50,222,65,0.1,50,2026-07-28 06:30:15-04:00,225.0,0.05,0.1,2.0,3,65.425,1.1398547955674436,0.008911272117897008,3.1698488898434647,0.008387643184424157,-2.26451,0.0,0.05,228.0,2.3515,0.004,0.0006000000000000001,-0.0262,0.0893
2026-07-28 09:56:15.425000-04:00,CRWV,2026-07-31,140.0,P,6,69,72.75,50,5,69,75.25,50,2026-07-28 06:30:02-04:00,0.0,74.0,2.5,0.033783783783783786,3,65.425,1.1398547955674436,0.008911272117897008,,,-1.30251,68.15,71.0,0.0,3.4648000000000003,-0.9552,0.0036000000000000003,-0.2894,0.6998000000000001
2026-07-28 09:56:17.733000-04:00,CRWV,2026-07-31,145.0,C,0,42,0.0,50,175,65,0.1,50,2026-07-28 06:30:32-04:00,99.0,0.05,0.1,2.0,3,65.425,1.2162781811234238,0.008911272117897008,3.29342524898096,0.008124311872815463,-3.61051,0.0,0.01,99.0,0.5,0.0,0.0,0.0,0.0
2026-07-28 09:56:16.323000-04:00,CRWV,2026-07-31,145.0,P,9,11,77.75,50,4,5,80.3,50,2026-07-28 06:30:02-04:00,0.0,79.025,2.549999999999997,0.032268269534957254,3,65.425,1.2162781811234238,0.008911272117897008,,,-2.20051,72.10000000000001,76.0,0.0,0.0,-1.0,0.0,0.0,0.0
2026-07-28 09:56:17.733000-04:00,CRWV,2026-07-31,150.0,C,0,42,0.0,50,281,65,0.1,50,2026-07-28 06:30:21-04:00,338.0,0.05,0.1,2.0,3,65.425,1.292701566679404,0.008911272117897008,3.411991239320436,0.00788867407953059,-3.61051,0.0,0.05,337.0,2.539,0.0035,0.0005,-0.0251,0.0791
2026-07-28 09:56:16.311000-04:00,CRWV,2026-07-31,150.0,P,4,5,82.75,50,4,5,85.3,50,2026-07-28 06:30:19-04:00,0.0,84.025,2.549999999999997,0.0303481106813448,3,65.425,1.292701566679404,0.008911272117897008,,,-2.18851,77.5,81.0,0.0,3.0429,-0.9859,0.0015,-0.0858,0.2647
2026-07-28 09:56:17.605000-04:00,CRWV,2026-07-31,155.0,C,0,42,0.0,50,70,65,0.1,50,2026-07-28 06:30:27-04:00,255.0,0.05,0.1,2.0,3,65.425,1.369124952235384,0.008911272117897008,3.5259315696497433,0.007676404554055848,-3.48251,0.0,0.05,254.0,2.6562,0.0037,0.0005,-0.027200000000000002,0.0819
2026-07-28 09:56:16.313000-04:00,CRWV,2026-07-31,155.0,P,4,5,87.75,50,4,5,90.3,50,2026-07-28 06:30:08-04:00,0.0,89.025,2.549999999999997,0.02864363942712718,3,65.425,1.369124952235384,0.008911272117897008,,,-2.19051,82.10000000000001,86.0,0.0,0.0,-1.0,0.0,0.0,0.0
2026-07-28 09:56:16.389000-04:00,CRWV,2026-07-31,160.0,C,0,42,0.0,50,56,65,0.1,50,2026-07-28 06:30:10-04:00,753.0,0.05,0.1,2.0,3,65.425,1.4455483377913643,0.008911272117897008,3.6355877313342644,0.007484046754304051,-2.26651,0.0,0.05,753.0,2.75,0.0036000000000000003,0.0005,-0.0274,0.0799
2026-07-28 09:56:16.544000-04:00,CRWV,2026-07-31,160.0,P,9,11,92.75,50,9,11,95.15,50,2026-07-28 06:30:31-04:00,0.0,93.95,2.4000000000000057,0.025545502927088938,3,65.425,1.4455483377913643,0.008911272117897008,,,-2.42151,87.15,91.0,0.0,0.0,-1.0,0.0,0.0,0.0
2026-07-28 09:56:16.360000-04:00,CRWV,2026-07-31,165.0,C,0,42,0.0,50,35,76,0.1,50,2026-07-28 06:30:15-04:00,88.0,0.05,0.1,2.0,3,65.425,1.5219717233473444,0.008911272117897008,3.741264382301799,0.007308803648409614,-2.23751,0.0,0.05,86.0,2.8203,0.0032,0.0004,-0.026000000000000002,0.0737
2026-07-28 09:56:18.042000-04:00,CRWV,2026-07-31,165.0,P,10,11,97.75,50,8,11,100.25,50,2026-07-28 06:30:25-04:00,0.0,99.0,2.5,0.025252525252525252,3,65.425,1.5219717233473444,0.008911272117897008,,,-3.91951,92.5,96.0,0.0,3.3828,-0.9864,0.0013000000000000002,-0.092,0.25630000000000003
2026-07-28 09:56:16.710000-04:00,CRWV,2026-07-31,170.0,C,0,1,0.0,50,500,65,0.1,50,2026-07-28 06:30:10-04:00,81.0,0.05,0.1,2.0,3,65.425,1.5983951089033246,0.008911272117897008,3.8432345622046182,0.007148386450603292,-2.58751,0.0,0.05,81.0,2.914,0.0032,0.0004,-0.0268,0.07350000000000001
2026-07-28 09:56:16.322000-04:00,CRWV,2026-07-31,170.0,P,3,5,102.75,50,7,11,105.15,50,2026-07-28 06:30:31-04:00,0.0,103.95,2.4000000000000057,0.023088023088023144,3,65.425,1.5983951089033246,0.008911272117897008,,,-2.19951,97.10000000000001,101.0,0.0,0.0,-1.0,0.0,0.0,0.0
2026-07-28 09:30:03.754000-04:00,CRWV,2026-07-31,175.0,C,0,9,0.0,50,1,9,0.01,50,2026-07-28 06:30:27-04:00,91.0,0.005,0.01,2.0,3,65.425,1.6748184944593048,0.008911272117897008,3.2094508109358295,0.00098443192933052,1570.36849,0.0,0.01,91.0,0.5,0.0,0.0,0.0,0.0
2026-07-28 09:56:15.423000-04:00,CRWV,2026-07-31,175.0,P,5,69,107.75,50,5,69,110.3,50,2026-07-28 06:30:19-04:00,0.0,109.025,2.549999999999997,0.02338913093327216,3,65.425,1.6748184944593048,0.008911272117897008,,,-1.30051,102.5,106.0,0.0,3.5878,-0.9868,0.0012000000000000001,-0.0952,0.251
2026-07-28 09:56:17.702000-04:00,CRWV,2026-08-07,37.5,C,40,42,27.150000000000002,50,33,5,29.3,50,2026-07-28 06:30:06-04:00,3.0,28.225,2.1499999999999986,0.07617360496014167,10,65.425,-0.426824608330149,0.02808935430967783,1.9135496322021865,0.9712157417653405,-3.57951,,,,,,,,
2026-07-28 09:56:09.790000-04:00,CRWV,2026-08-07,37.5,P,0,43,0.0,50,2,7,0.03,50,2026-07-28 06:30:29-04:00,4.0,0.015,0.03,2.0,10,65.425,-0.426824608330149,0.02808935430967783,1.275369821940362,-0.0033090653091969457,4.33249,,,,,,,,
2026-07-28 09:56:17.740000-04:00,CRWV,2026-08-07,40.0,C,15,5,24.7,50,5,76,27.400000000000002,50,2026-07-28 06:30:17-04:00,0.0,26.05,2.700000000000003,0.1036468330134358,10,65.425,-0.38861291555215893,0.02808935430967783,2.045185651103652,0.9462804910250844,-3.61751,,,,,,,,
2026-07-28 09:56:16.857000-04:00,CRWV,2026-08-07,40.0,P,52,69,0.03,50,322,65,0.09,50,2026-07-28 06:30:23-04:00,28.0,0.06,0.06,1.0,10,65.425,-0.38861291555215893,0.02808935430967783,1.3510323222576197,-0.010990452509478055,-2.73451,,,,,,,,
2026-07-28 09:56:13.901000-04:00,CRWV,2026-08-07,42.5,C,15,5,22.25,50,17,5,24.95,50,2026-07-28 06:30:06-04:00,0.0,23.6,2.6999999999999993,0.11440677966101691,10,65.425,-0.35040122277416885,0.02808935430967783,1.8727406423743005,0.9375664067861874,0.22149,,,,,,,,
2026-07-28 09:56:16.947000-04:00,CRWV,2026-08-07,42.5,P,453,5,0.01,50,684,65,0.18,50,2026-07-28 06:30:17-04:00,5.0,0.095,0.16999999999999998,1.789473684210526,10,65.425,-0.35040122277416885,0.02808935430967783,1.2872860639700874,-0.017335226959901084,-2.82451,,,,,,,,
2026-07-28 09:56:18.320000-04:00,CRWV,2026-08-07,45.0,C,16,5,19.650000000000002,50,17,5,22.55,50,2026-07-28 06:30:28-04:00,2.0,21.1,2.8999999999999986,0.13744075829383878,10,65.425,-0.31218952999617877,0.02808935430967783,1.6699375734614934,0.9306643016236547,-4.19751,24.150000000000002,27.6,2.0,1.0953000000000002,0.9934000000000001,0.0013000000000000002,-0.015600000000000001,0.22440000000000002
2026-07-28 09:56:17.787000-04:00,CRWV,2026-08-07,45.0,P,659,5,0.1,50,64,5,0.2,50,2026-07-28 06:30:22-04:00,479.0,0.15000000000000002,0.1,0.6666666666666666,10,65.425,-0.31218952999617877,0.02808935430967783,1.2285840458385093,-0.027086951966793338,-3.66451,0.05,0.09,341.0,1.2273,-0.0126,0.0021000000000000003,-0.0222,0.4006
2026-07-28 09:56:18.295000-04:00,CRWV,2026-08-07,47.5,C,39,76,17.400000000000002,50,34,5,20.150000000000002,50,2026-07-28 06:30:23-04:00,0.0,18.775000000000002,2.75,0.14647137150466044,10,65.425,-0.2739778372181887,0.02808935430967783,1.580052280825078,0.9107407095015605,-4.17251,,,,,,,,
2026-07-28 09:56:17.431000-04:00,CRWV,2026-08-07,47.5,P,873,65,0.14,50,820,65,0.42,50,2026-07-28 06:30:29-04:00,118.0,0.28,0.27999999999999997,0.9999999999999998,10,65.425,-0.2739778372181887,0.02808935430967783,1.217748367479139,-0.04688499039488481,-3.30851,,,,,,,,
2026-07-28 09:56:17.762000-04:00,CRWV,2026-08-07,48.5,C,24,76,16.5,50,21,5,19.25,50,,,17.875,2.75,0.15384615384615385,10,65.425,-0.2586931601069927,0.02808935430967783,1.5543606616375334,0.9002979110023295,-3.63951,,,,,,,,
2026-07-28 09:56:16.439000-04:00,CRWV,2026-08-07,48.5,P,852,65,0.13,50,838,65,0.74,50,,,0.435,0.61,1.4022988505747127,10,65.425,-0.2586931601069927,0.02808935430967783,1.2757470643799316,-0.06530394615351698,-2.31651,,,,,,,,
2026-07-28 09:56:18.202000-04:00,CRWV,2026-08-07,49.0,C,24,5,16.0,50,27,5,18.8,50,,,17.4,2.8000000000000007,0.1609195402298851,10,65.425,-0.2510508215513947,0.02808935430967783,1.5271086209279365,0.8964301180648571,-4.07951,,,,,,,,
2026-07-28 09:56:16.444000-04:00,CRWV,2026-08-07,49.0,P,788,65,0.01,50,719,65,0.77,50,,,0.39,0.76,1.9487179487179487,10,65.425,-0.2510508215513947,0.02808935430967783,1.2086325298944538,-0.06258133118648135,-2.32151,,,,,,,,
2026-07-28 09:56:16.418000-04:00,CRWV,2026-08-07,49.5,C,37,5,15.5,50,37,5,18.3,50,,,16.9,2.8000000000000007,0.16568047337278113,10,65.425,-0.24340848299579665,0.02808935430967783,1.487176682466032,0.8939527379858834,-2.29551,,,,,,,,
2026-07-28 09:56:16.762000-04:00,CRWV,2026-08-07,49.5,P,868,65,0.04,50,766,65,0.8,50,,,0.42000000000000004,0.76,1.8095238095238093,10,65.425,-0.24340848299579665,0.02808935430967783,1.1962384174620917,-0.06724590949005538,-2.63951,,,,,,,,
2026-07-28 09:56:18.118000-04:00,CRWV,2026-08-07,50.0,C,24,5,15.05,50,24,5,17.85,50,2026-07-28 06:30:34-04:00,13.0,16.450000000000003,2.8000000000000007,0.17021276595744683,10,65.425,-0.23576614444019872,0.02808935430967783,1.471724988715642,0.8883079233012346,-3.99551,19.5,22.650000000000002,10.0,1.1849,0.9639000000000001,0.0054,-0.057100000000000005,0.9730000000000001
2026-07-28 09:56:18.275000-04:00,CRWV,2026-08-07,50.0,P,68,5,0.43,50,2,9,0.5,50,2026-07-28 06:30:11-04:00,1518.0,0.46499999999999997,0.07,0.15053763440860218,10,65.425,-0.23576614444019872,0.02808935430967783,1.1923946637994085,-0.07345823341770386,-4.15251,0.21,0.24,1007.0,1.1794,-0.0354,0.0053,-0.0512,0.9601000000000001
2026-07-28 09:56:17.544000-04:00,CRWV,2026-08-07,51.0,C,20,5,14.15,50,22,5,16.95,50,,,15.55,2.799999999999999,0.18006430868167195,10,65.425,-0.22048146732900264,0.02808935430967783,1.437745705801556,0.8766519505603677,-3.42151,,,,,,,,
2026-07-28 09:56:16.997000-04:00,CRWV,2026-08-07,51.0,P,984,5,0.14,50,37,5,0.64,50,,,0.39,0.5,1.282051282051282,10,65.425,-0.22048146732900264,0.02808935430967783,1.0747612566885334,-0.06963181150443898,-2.87451,,,,,,,,
2026-07-28 09:56:17.585000-04:00,CRWV,2026-08-07,52.0,C,50,5,13.450000000000001,50,50,5,15.450000000000001,50,,,14.450000000000001,2.0,0.13840830449826988,10,65.425,-0.20519679021780657,0.02808935430967783,1.313631778727711,0.8765429756464428,-3.46251,,,,,,,,
2026-07-28 09:56:18.286000-04:00,CRWV,2026-08-07,52.0,P,971,65,0.01,50,573,65,1.0,50,,,0.505,0.99,1.9603960396039604,10,65.425,-0.20519679021780657,0.02808935430967783,1.079604259159466,-0.08606392314401867,-4.16351,,,,,,,,
2026-07-28 09:56:16.572000-04:00,CRWV,2026-08-07,53.0,C,176,5,12.55,50,195,5,14.0,50,,,13.275,1.4499999999999993,0.10922787193973629,10,65.425,-0.1899121131066106,0.02808935430967783,1.157742287921898,0.8825303005530459,-2.44951,,,,,,,,
2026-07-28 09:56:17.598000-04:00,CRWV,2026-08-07,53.0,P,751,65,0.1,50,441,5,1.08,50,,,0.5900000000000001,0.9800000000000001,1.6610169491525424,10,65.425,-0.1899121131066106,0.02808935430967783,1.0570980185774033,-0.09972120620632674,-3.47551,,,,,,,,
2026-07-28 09:56:16.571000-04:00,CRWV,2026-08-07,54.0,C,169,5,11.8,50,227,5,14.05,50,,,12.925,2.25,0.17408123791102514,10,65.425,-0.17462743599541453,0.02808935430967783,1.3425001222863884,0.8339846443257704,-2.44851,,,,,,,,
2026-07-28 09:56:17.689000-04:00,CRWV,2026-08-07,54.0,P,424,65,0.62,50,151,65,1.22,50,,,0.9199999999999999,0.6,0.6521739130434783,10,65.425,-0.17462743599541453,0.02808935430967783,1.137732426891856,-0.13410165287095455,-3.56651,,,,,,,,
2026-07-28 09:56:17.787000-04:00,CRWV,2026-08-07,55.0,C,155,5,11.1,50,645,5,13.25,50,2026-07-28 06:30:34-04:00,3.0,12.175,2.1500000000000004,0.17659137577002054,10,65.425,-0.15934275888421856,0.02808935430967783,1.3453767517899142,0.8124773281527606,-3.66451,15.05,17.75,3.0,1.122,0.919,0.0108,-0.0988,1.8433000000000002
2026-07-28 09:56:17.589000-04:00,CRWV,2026-08-07,55.0,P,19,11,1.11,50,1,46,1.25,50,2026-07-28 06:30:17-04:00,1248.0,1.1800000000000002,0.1399999999999999,0.11864406779661008,10,65.425,-0.15934275888421856,0.02808935430967783,1.163215497523783,-0.16034107284780819,-3.46651,0.62,0.67,1146.0,1.1692,-0.0884,0.0111,-0.10400000000000001,1.9701000000000002
2026-07-28 09:56:16.572000-04:00,CRWV,2026-08-07,56.0,C,143,65,10.15,50,373,5,11.5,50,,,10.825,1.3499999999999996,0.12471131639722861,10,65.425,-0.14405808177302248,0.02808935430967783,1.1413636416485267,0.8196883381017941,-2.44951,,,,,,,,
2026-07-28 09:56:16.384000-04:00,CRWV,2026-08-07,56.0,P,627,65,0.54,50,281,65,1.51,50,,,1.025,0.97,0.9463414634146342,10,65.425,-0.14405808177302248,0.02808935430967783,1.026983000919146,-0.15968403068158132,-2.26151,,,,,,,,
2026-07-28 09:56:16.591000-04:00,CRWV,2026-08-07,57.0,C,198,5,9.25,50,104,5,10.25,50,,,9.75,1.0,0.10256410256410256,10,65.425,-0.12877340466182652,0.02808935430967783,1.0343490363374432,0.8126748804981854,-2.46851,,,,,,,,
2026-07-28 09:56:17.692000-04:00,CRWV,2026-08-07,57.0,P,587,65,0.73,50,161,5,1.75,50,,,1.24,1.02,0.8225806451612904,10,65.425,-0.12877340466182652,0.02808935430967783,1.0253092113416056,-0.18563361898118047,-3.56951,,,,,,,,
2026-07-28 09:56:17.909000-04:00,CRWV,2026-08-07,58.0,C,139,65,8.8,50,232,5,10.85,50,,,9.825,2.049999999999999,0.20865139949109404,10,65.425,-0.11348872755063044,0.02808935430967783,1.2786411238945732,0.7498611636753214,-3.78651,,,,,,,,
2026-07-28 09:56:16.947000-04:00,CRWV,2026-08-07,58.0,P,85,5,1.81,50,59,11,1.99,50,,,1.9,0.17999999999999994,0.09473684210526313,10,65.425,-0.11348872755063044,0.02808935430967783,1.150028504932827,-0.23371268536409495,-2.82451,,,,,,,,
2026-07-28 09:56:16.571000-04:00,CRWV,2026-08-07,59.0,C,130,65,8.15,50,348,65,9.75,50,,,8.95,1.5999999999999996,0.17877094972067037,10,65.425,-0.09820405043943448,0.02808935430967783,1.2202154922886836,0.7299667305393005,-2.44851,,,,,,,,
2026-07-28 09:56:16.636000-04:00,CRWV,2026-08-07,59.0,P,596,65,0.84,50,189,65,2.31,50,,,1.575,1.4700000000000002,0.9333333333333335,10,65.425,-0.09820405043943448,0.02808935430967783,0.9666662058317821,-0.2341172360089082,-2.51351,,,,,,,,
2026-07-28 09:56:18.027000-04:00,CRWV,2026-08-07,60.0,C,168,5,7.55,50,802,5,8.6,50,2026-07-28 06:30:17-04:00,58.0,8.075,1.0499999999999998,0.13003095975232198,10,65.425,-0.0829193733282384,0.02808935430967783,1.1587502755442807,0.7081868369473138,-3.90451,11.65,13.05,47.0,1.1583,0.8234,0.0182,-0.1723,3.1861
2026-07-28 09:56:18.187000-04:00,CRWV,2026-08-07,60.0,P,23,5,2.46,50,12,5,2.6,50,2026-07-28 06:30:11-04:00,1697.0,2.5300000000000002,0.14000000000000012,0.05533596837944668,10,65.425,-0.0829193733282384,0.02808935430967783,1.1431850463207072,-0.29015508306832294,-4.06451,1.33,1.48,1462.0,1.1282,-0.1715,0.0183,-0.159,3.1284
2026-07-28 09:56:17.050000-04:00,CRWV,2026-08-07,61.0,C,170,5,6.95,50,199,5,7.45,50,,,7.2,0.5,0.06944444444444445,10,65.425,-0.06763469621704232,0.02808935430967783,1.094007507145407,0.684105420564614,-2.92751,,,,,,,,
2026-07-28 09:56:18.082000-04:00,CRWV,2026-08-07,61.0,P,20,11,2.83,50,82,5,3.0500000000000003,50,,,2.9400000000000004,0.2200000000000002,0.07482993197278917,10,65.425,-0.06763469621704232,0.02808935430967783,1.152136443516557,-0.32113438680027073,-3.95951,,,,,,,,
2026-07-28 09:56:17.908000-04:00,CRWV,2026-08-07,62.0,C,135,5,6.3500000000000005,50,148,5,6.8500000000000005,50,2026-07-28 06:30:29-04:00,3.0,6.6000000000000005,0.5,0.07575757575757575,10,65.425,-0.05235001910584636,0.02808935430967783,1.0936619315757092,0.651950578289686,-3.78551,10.15,11.3,2.0,1.1166,0.7842,0.0213,-0.187,3.5982000000000003
2026-07-28 09:56:17.682000-04:00,CRWV,2026-08-07,62.0,P,219,65,3.15,50,109,5,3.45,50,2026-07-28 06:30:23-04:00,208.0,3.3,0.30000000000000027,0.090909090909091,10,65.425,-0.05235001910584636,0.02808935430967783,1.140100681174854,-0.3511168642543452,-3.55951,1.6300000000000001,2.11,176.0,1.1189,-0.21610000000000001,0.0213,-0.1814,3.6018000000000003
2026-07-28 09:56:17.786000-04:00,CRWV,2026-08-07,63.0,C,80,5,5.8500000000000005,50,121,5,6.3,50,2026-07-28 06:30:34-04:00,1.0,6.075,0.4499999999999993,0.07407407407407396,10,65.425,-0.03706534199465028,0.02808935430967783,1.1030795844802634,0.6187814600936685,-3.66351,9.15,11.0,1.0,1.1319000000000001,0.7571,0.0224,-0.2021,3.8451
2026-07-28 09:56:17.790000-04:00,CRWV,2026-08-07,63.0,P,121,5,3.6,50,107,65,3.9,50,2026-07-28 06:30:34-04:00,91.0,3.75,0.2999999999999998,0.07999999999999995,10,65.425,-0.03706534199465028,0.02808935430967783,1.142432288894795,-0.38271750372708324,-3.66751,2.0300000000000002,2.2,47.0,1.1056000000000001,-0.2391,0.0228,-0.1897,3.8128
2026-07-28 09:56:18.280000-04:00,CRWV,2026-08-07,64.0,C,426,5,5.25,50,168,65,5.75,50,2026-07-28 06:30:17-04:00,2.0,5.5,0.5,0.09090909090909091,10,65.425,-0.021780664883454315,0.02808935430967783,1.092365033594543,0.5860606440904521,-4.15751,8.85,9.85,1.0,1.1213,0.7326,0.0238,-0.21030000000000001,4.043
2026-07-28 09:56:16.383000-04:00,CRWV,2026-08-07,64.0,P,21,11,4.1,50,108,65,4.45,50,2026-07-28 06:30:06-04:00,308.0,4.275,0.35000000000000053,0.08187134502923989,10,65.425,-0.021780664883454315,0.02808935430967783,1.1545179001266652,-0.41455058320376725,-2.26051,2.18,2.5,231.0,1.0841,-0.2624,0.0244,-0.1953,4.0057
2026-07-28 09:56:17.670000-04:00,CRWV,2026-08-07,65.0,C,2,7,5.0,50,25,5,5.2,50,2026-07-28 06:30:22-04:00,294.0,5.1,0.20000000000000018,0.03921568627450984,10,65.425,-0.006495987772258238,0.02808935430967783,1.1145656124606937,0.5532105600021056,-3.54751,8.5,9.1,298.0,1.1446,0.7034,0.0245,-0.2252,4.250500000000001
2026-07-28 09:56:18.325000-04:00,CRWV,2026-08-07,65.0,P,56,5,4.6000000000000005,50,219,5,4.9,50,2026-07-28 06:30:33-04:00,2441.0,4.75,0.2999999999999998,0.06315789473684207,10,65.425,-0.006495987772258238,0.02808935430967783,1.1472315209240858,-0.4461617495490703,-4.20251,2.64,2.85,2364.0,1.0976000000000001,-0.29150000000000004,0.025400000000000002,-0.20800000000000002,4.2171
2026-07-28 09:56:17.663000-04:00,CRWV,2026-08-07,66.0,C,3,7,4.5,50,317,65,4.8,50,2026-07-28 06:30:28-04:00,19.0,4.65,0.2999999999999998,0.06451612903225802,10,65.425,0.008788689338937727,0.02808935430967783,1.117334036971725,0.5208869593618728,-3.54051,7.5,8.45,19.0,1.0961,0.6804,0.026500000000000003,-0.2228,4.3918
2026-07-28 09:56:17.791000-04:00,CRWV,2026-08-07,66.0,P,75,5,5.1000000000000005,50,65,5,5.5,50,2026-07-28 06:30:17-04:00,83.0,5.300000000000001,0.39999999999999947,0.07547169811320743,10,65.425,0.008788689338937727,0.02808935430967783,1.1499879713312657,-0.4775563803024474,-3.66851,2.88,3.25,33.0,1.0853000000000002,-0.3185,0.0267,-0.21380000000000002,4.3861
2026-07-28 09:56:17.692000-04:00,CRWV,2026-08-07,67.0,C,608,5,3.9,50,89,5,4.3,50,2026-07-28 06:30:11-04:00,2.0,4.1,0.3999999999999999,0.09756097560975609,10,65.425,0.024073366450133804,0.02808935430967783,1.0899037715225104,0.4867251451923248,-3.56951,7.0,7.8,0.0,1.1015000000000001,0.6513,0.0273,-0.23140000000000002,4.5452
2026-07-28 09:56:17.688000-04:00,CRWV,2026-08-07,67.0,P,165,65,5.6000000000000005,50,31,11,6.0,50,2026-07-28 06:30:06-04:00,112.0,5.800000000000001,0.39999999999999947,0.06896551724137921,10,65.425,0.024073366450133804,0.02808935430967783,1.1341924457308752,-0.5098544184944472,-3.56551,3.35,3.6,53.0,1.0868,-0.3476,0.027600000000000003,-0.2215,4.5404
2026-07-28 09:56:17.928000-04:00,CRWV,2026-08-07,68.0,C,120,5,3.6,50,724,5,4.0,50,2026-07-28 06:30:28-04:00,31.0,3.8,0.3999999999999999,0.10526315789473682,10,65.425,0.03935804356132988,0.02808935430967783,1.1125291433725961,0.45687643117090626,-3.80551,6.2,7.2,27.0,1.0718,0.6236,0.028800000000000003,-0.231,4.6653
2026-07-28 09:56:18.027000-04:00,CRWV,2026-08-07,68.0,P,90,5,6.25,50,414,5,6.75,50,2026-07-28 06:30:23-04:00,131.0,6.5,0.5,0.07692307692307693,10,65.425,0.03935804356132988,0.02808935430967783,1.157267945037822,-0.5385438434337502,-3.90451,3.75,4.05,64.0,1.0859,-0.3769,0.0284,-0.2273,4.6677
2026-07-28 09:56:18.292000-04:00,CRWV,2026-08-07,68.5,C,64,5,3.4,50,116,5,3.75,50,2026-07-28 06:30:34-04:00,18.0,3.575,0.3500000000000001,0.09790209790209792,10,65.425,0.04700038211692781,0.02808935430967783,1.10400183646508,0.4403147342655263,-4.16951,6.0,6.95,11.0,1.0806,0.6083000000000001,0.028900000000000002,-0.23550000000000001,4.7208000000000006
2026-07-28 09:56:17.690000-04:00,CRWV,2026-08-07,68.5,P,114,5,6.5,50,67,5,7.05,50,2026-07-28 06:30:23-04:00,26.0,6.775,0.5499999999999998,0.08118081180811805,10,65.425,0.04700038211692781,0.02808935430967783,1.1490850421232275,-0.5544339399964524,-3.56751,3.95,4.3,22.0,1.0841,-0.3917,0.028800000000000003,-0.22940000000000002,4.7211
2026-07-28 09:56:17.672000-04:00,CRWV,2026-08-07,69.0,C,81,5,3.2,50,278,65,3.6,50,2026-07-28 06:30:34-04:00,36.0,3.4000000000000004,0.3999999999999999,0.11764705882352937,10,65.425,0.054642720672525735,0.02808935430967783,1.1052794062963835,0.4250290624167392,-3.54951,6.0,6.65,11.0,1.1046,0.5929,0.0285,-0.24300000000000002,4.7689
2026-07-28 09:56:17.912000-04:00,CRWV,2026-08-07,69.0,P,126,65,6.8500000000000005,50,73,5,7.3,50,2026-07-28 06:30:17-04:00,77.0,7.075,0.4499999999999993,0.06360424028268541,10,65.425,0.054642720672525735,0.02808935430967783,1.144958067574628,-0.569836548721445,-3.78951,4.15,4.5,59.0,1.0765,-0.40650000000000003,0.029300000000000003,-0.23,4.7676
2026-07-28 09:56:18.027000-04:00,CRWV,2026-08-07,70.0,C,28,11,2.95,50,330,65,3.25,50,2026-07-28 06:30:33-04:00,151.0,3.1,0.2999999999999998,0.09677419354838704,10,65.425,0.06992739778372181,0.02808935430967783,1.114610789344523,0.3963027791333742,-3.90451,5.5,6.1000000000000005,131.0,1.1008,0.5635,0.0291,-0.2456,4.8402
2026-07-28 09:56:17.897000-04:00,CRWV,2026-08-07,70.0,P,119,65,7.55,50,110,5,7.95,50,2026-07-28 06:30:16-04:00,1587.0,7.75,0.40000000000000036,0.0516129032258065,10,65.425,0.06992739778372181,0.02808935430967783,1.1492715608120674,-0.5984269419673465,-3.77451,4.75,5.0,1550.0,1.0876000000000001,-0.4365,0.029400000000000003,-0.23570000000000002,4.8405000000000005
2026-07-28 09:56:16.359000-04:00,CRWV,2026-08-07,71.0,C,29,11,2.65,50,24,11,2.86,50,2026-07-28 06:30:11-04:00,73.0,2.755,0.20999999999999996,0.07622504537205081,10,65.425,0.08521207489491789,0.02808935430967783,1.106754138803057,0.3659544110486105,-2.23651,5.0,5.7,21.0,1.1053,0.5343,0.0292,-0.24860000000000002,4.8844
2026-07-28 09:56:17.805000-04:00,CRWV,2026-08-07,71.0,P,57,5,8.2,50,387,5,8.75,50,2026-07-28 06:30:06-04:00,125.0,8.475,0.5500000000000007,0.06489675516224197,10,65.425,0.08521207489491789,0.02808935430967783,1.1593261439717175,-0.6249247505725289,-3.68251,5.15,5.75,63.0,1.0988,-0.46580000000000005,0.029400000000000003,-0.2401,4.8847000000000005
2026-07-28 09:56:16.355000-04:00,CRWV,2026-08-07,71.5,C,19,11,2.5100000000000002,50,22,11,2.77,50,2026-07-28 06:30:28-04:00,32.0,2.64,0.2599999999999998,0.0984848484848484,10,65.425,0.09285441345051582,0.02808935430967783,1.1143540921532724,0.35325176496752597,-2.23251,4.95,5.3500000000000005,16.0,1.1104,0.52,0.0291,-0.2503,4.8964
2026-07-28 09:56:17.431000-04:00,CRWV,2026-08-07,71.5,P,49,5,8.6,50,141,5,9.1,50,2026-07-28 06:30:23-04:00,45.0,8.85,0.5,0.05649717514124294,10,65.425,0.09285441345051582,0.02808935430967783,1.1652264747985042,-0.6374968966529517,-3.30851,5.3500000000000005,5.75,40.0,1.063,-0.4823,0.030500000000000003,-0.23270000000000002,4.8978
2026-07-28 09:56:17.692000-04:00,CRWV,2026-08-07,72.0,C,73,5,2.32,50,141,5,2.63,50,2026-07-28 06:30:34-04:00,207.0,2.4749999999999996,0.31000000000000005,0.12525252525252528,10,65.425,0.10049675200611397,0.02808935430967783,1.1081247255334707,0.3382506112651309,-3.56951,4.6000000000000005,5.1000000000000005,28.0,1.0935000000000001,0.5045000000000001,0.0296,-0.2467,4.9023
2026-07-28 09:56:17.788000-04:00,CRWV,2026-08-07,72.0,P,27,11,8.950000000000001,50,133,42,9.450000000000001,50,2026-07-28 06:30:17-04:00,160.0,9.200000000000001,0.5,0.05434782608695651,10,65.425,0.10049675200611397,0.02808935430967783,1.1636001919584573,-0.6510933420862872,-3.66551,5.75,6.0,118.0,1.0709,-0.4969,0.0303,-0.23450000000000001,4.9025
2026-07-28 09:56:17.071000-04:00,CRWV,2026-08-07,72.5,C,21,11,2.19,50,108,5,2.46,50,2026-07-28 06:30:28-04:00,93.0,2.325,0.27,0.11612903225806452,10,65.425,0.10813909056171189,0.02808935430967783,1.10391923342927,0.3238561455440955,-2.94851,4.45,4.9,20.0,1.0998,0.49050000000000005,0.029500000000000002,-0.248,4.9012
2026-07-28 09:56:17.102000-04:00,CRWV,2026-08-07,72.5,P,56,11,9.3,50,64,5,9.75,50,2026-07-28 06:30:23-04:00,14.0,9.525,0.4499999999999993,0.0472440944881889,10,65.425,0.10813909056171189,0.02808935430967783,1.1541693019665504,-0.6659691748307386,-2.97951,5.8500000000000005,6.3500000000000005,10.0,1.0589,-0.5127,0.030600000000000002,-0.2316,4.9001
2026-07-28 09:56:18.090000-04:00,CRWV,2026-08-07,73.0,C,69,5,2.07,50,280,5,2.31,50,2026-07-28 06:30:34-04:00,13.0,2.19,0.2400000000000002,0.10958904109589052,10,65.425,0.11578142911731004,0.02808935430967783,1.1018783197588085,0.31017734226254523,-3.96751,4.25,4.6000000000000005,6.0,1.0906,0.4753,0.0297,-0.2454,4.8932
2026-07-28 09:56:18.286000-04:00,CRWV,2026-08-07,73.0,P,30,11,9.700000000000001,50,99,5,10.200000000000001,50,2026-07-28 06:30:17-04:00,156.0,9.950000000000001,0.5,0.05025125628140703,10,65.425,0.11578142911731004,0.02808935430967783,1.1683817924081996,-0.6759215647213745,-4.16351,6.3,6.7,146.0,1.0803,-0.5256000000000001,0.029900000000000003,-0.2359,4.8925
2026-07-28 09:56:17.859000-04:00,CRWV,2026-08-07,73.5,C,76,5,1.95,50,170,65,2.18,50,2026-07-28 06:30:11-04:00,47.0,2.065,0.2300000000000002,0.11138014527845047,10,65.425,0.12342376767290797,0.02808935430967783,1.10084944791039,0.29702367742522406,-3.73651,4.1,4.4,31.0,1.0958,0.4615,0.029400000000000003,-0.2459,4.8798
2026-07-28 09:56:16.579000-04:00,CRWV,2026-08-07,73.5,P,224,5,9.65,50,153,5,10.55,50,2026-07-28 06:30:06-04:00,314.0,10.100000000000001,0.9000000000000004,0.08910891089108913,10,65.425,0.12342376767290797,0.02808935430967783,1.1101404424032273,-0.7008923855058677,-2.45651,6.4,6.95,311.0,1.0531000000000001,-0.543,0.030600000000000002,-0.2288,4.8741
2026-07-28 09:56:18.312000-04:00,CRWV,2026-08-07,74.0,C,78,5,1.84,50,121,65,2.08,50,2026-07-28 06:30:11-04:00,557.0,1.96,0.24,0.12244897959183673,10,65.425,0.1310661062285059,0.02808935430967783,1.10362808126604,0.2850763436349387,-4.18951,3.85,4.25,50.0,1.0941,0.44720000000000004,0.029400000000000003,-0.2444,4.8596
2026-07-28 09:56:17.024000-04:00,CRWV,2026-08-07,74.0,P,316,65,9.75,50,148,65,10.950000000000001,50,2026-07-28 06:30:06-04:00,247.0,10.350000000000001,1.200000000000001,0.11594202898550733,10,65.425,0.1310661062285059,0.02808935430967783,1.0741337252707162,-0.7218779894202091,-2.90151,6.75,7.3500000000000005,225.0,1.0674000000000001,-0.5559000000000001,0.030100000000000002,-0.23090000000000002,4.8543
2026-07-28 09:56:17.786000-04:00,CRWV,2026-08-07,75.0,C,273,5,1.6300000000000001,50,152,5,1.84,50,2026-07-28 06:30:10-04:00,717.0,1.735,0.20999999999999996,0.12103746397694522,10,65.425,0.14635078333970197,0.02808935430967783,1.1007748482018975,0.2602628385210869,-3.66351,3.5,3.75,678.0,1.0794000000000001,0.4173,0.029400000000000003,-0.2379,4.797000000000001
2026-07-28 09:56:18.009000-04:00,CRWV,2026-08-07,75.0,P,647,5,11.0,50,107,5,11.75,50,2026-07-28 06:30:05-04:00,1489.0,11.375,0.75,0.06593406593406594,10,65.425,0.14635078333970197,0.02808935430967783,1.1402724196967302,-0.7303175299158797,-3.88651,7.5,7.9,1517.0,1.0695000000000001,-0.5841000000000001,0.0296,-0.2281,4.7933
2026-07-28 09:56:17.609000-04:00,CRWV,2026-08-07,76.0,C,86,5,1.45,50,154,5,1.6600000000000001,50,2026-07-28 06:30:22-04:00,164.0,1.5550000000000002,0.2100000000000002,0.1350482315112541,10,65.425,0.16163546045089805,0.02808935430967783,1.1048770921751736,0.2385448584493602,-3.48651,3.15,3.4,118.0,1.0756000000000001,0.38930000000000003,0.029,-0.2328,4.7128000000000005
2026-07-28 09:56:18.090000-04:00,CRWV,2026-08-07,76.0,P,737,5,11.700000000000001,50,357,5,12.65,50,2026-07-28 06:30:34-04:00,302.0,12.175,0.9499999999999993,0.07802874743326482,10,65.425,0.16163546045089805,0.02808935430967783,1.140684947633983,-0.7526222910727147,-3.96751,8.15,8.8,257.0,1.0912,-0.6081,0.0286,-0.229,4.7215
2026-07-28 09:56:17.527000-04:00,CRWV,2026-08-07,77.0,C,42,5,1.31,50,89,65,1.46,50,2026-07-28 06:30:28-04:00,270.0,1.385,0.1499999999999999,0.10830324909747285,10,65.425,0.17692013756209413,0.02808935430967783,1.106631127522271,0.21768033905342637,-3.40451,2.84,3.1,208.0,1.0771,0.36300000000000004,0.028300000000000002,-0.228,4.6108
2026-07-28 09:56:16.579000-04:00,CRWV,2026-08-07,77.0,P,233,5,12.3,50,143,5,13.6,50,2026-07-28 06:30:05-04:00,130.0,12.95,1.299999999999999,0.10038610038610031,10,65.425,0.17692013756209413,0.02808935430967783,1.1278331182072456,-0.7769303632789002,-2.45651,8.700000000000001,9.450000000000001,123.0,1.0715000000000001,-0.6379,0.0284,-0.2189,4.6063
2026-07-28 09:56:17.671000-04:00,CRWV,2026-08-07,78.0,C,222,5,1.12,50,380,5,1.32,50,2026-07-28 06:30:22-04:00,94.0,1.2200000000000002,0.19999999999999996,0.16393442622950813,10,65.425,0.19220481467328998,0.02808935430967783,1.1044808463595799,0.19720765549811597,-3.54851,2.57,2.82,69.0,1.078,0.3376,0.0275,-0.22210000000000002,4.4909
2026-07-28 09:56:17.786000-04:00,CRWV,2026-08-07,78.0,P,774,5,12.950000000000001,50,165,65,14.4,50,2026-07-28 06:30:34-04:00,77.0,13.675,1.4499999999999993,0.10603290676416813,10,65.425,0.19220481467328998,0.02808935430967783,1.091246010416732,-0.8062604148595167,-3.66351,9.35,10.15,75.0,1.0636,-0.6653,0.027800000000000002,-0.2107,4.4754000000000005
2026-07-28 09:56:18.275000-04:00,CRWV,2026-08-07,79.0,C,25,11,1.02,50,452,5,1.19,50,2026-07-28 06:30:17-04:00,104.0,1.105,0.16999999999999993,0.15384615384615377,10,65.425,0.20748949178448606,0.02808935430967783,1.1138458765954555,0.181107036705352,-4.15251,2.3000000000000003,2.5500000000000003,89.0,1.0759,0.31270000000000003,0.0267,-0.21480000000000002,4.3519000000000005
2026-07-28 09:56:16.590000-04:00,CRWV,2026-08-07,79.0,P,289,5,13.55,50,117,65,15.25,50,2026-07-28 06:30:11-04:00,136.0,14.4,1.6999999999999993,0.1180555555555555,10,65.425,0.20748949178448606,0.02808935430967783,1.0425475061960299,-0.8378905047283212,-2.46751,9.9,11.25,120.0,1.0818,-0.6859000000000001,0.026600000000000002,-0.2084,4.3596
2026-07-28 09:56:18.275000-04:00,CRWV,2026-08-07,80.0,C,10,60,0.9,50,227,5,1.02,50,2026-07-28 06:30:28-04:00,1702.0,0.96,0.12,0.125,10,65.425,0.22277416889568213,0.02808935430967783,1.107855620164159,0.1623528567872483,-4.15251,2.02,2.2800000000000002,1438.0,1.0683,0.2874,0.025900000000000003,-0.20520000000000002,4.1892000000000005
2026-07-28 09:56:18.202000-04:00,CRWV,2026-08-07,80.0,P,618,5,15.05,50,95,5,16.0,50,2026-07-28 06:30:22-04:00,752.0,15.525,0.9499999999999993,0.061191626409017666,10,65.425,0.22277416889568213,0.02808935430967783,1.1342226154803134,-0.8308606630722344,-4.07951,10.75,11.75,768.0,1.063,-0.7137,0.026000000000000002,-0.1958,4.1805
2026-07-28 09:56:17.671000-04:00,CRWV,2026-08-07,81.0,C,83,5,0.78,50,106,5,0.93,50,2026-07-28 06:30:17-04:00,101.0,0.855,0.15000000000000002,0.1754385964912281,10,65.425,0.2380588460068782,0.02808935430967783,1.111510258848708,0.14739562758097247,-3.54851,1.84,2.06,51.0,1.073,0.2662,0.024800000000000003,-0.19840000000000002,4.0347
2026-07-28 09:56:16.378000-04:00,CRWV,2026-08-07,81.0,P,367,65,15.15,50,100,65,17.0,50,2026-07-28 06:30:11-04:00,475.0,16.075,1.8499999999999996,0.11508553654743389,10,65.425,0.2380588460068782,0.02808935430967783,0.9955669336225095,-0.8830246104632974,-2.25551,11.55,12.5,481.0,1.0601,-0.7369,0.025,-0.18680000000000002,4.0098
2026-07-28 09:56:17.280000-04:00,CRWV,2026-08-07,82.0,C,114,5,0.67,50,679,5,0.84,50,2026-07-28 06:30:05-04:00,95.0,0.755,0.16999999999999993,0.22516556291390719,10,65.425,0.2533435231180743,0.02808935430967783,1.1125808365502874,0.13300797996891678,-3.15751,1.6500000000000001,1.87,55.0,1.0753000000000001,0.2456,0.0238,-0.19060000000000002,3.8688000000000002
2026-07-28 09:56:16.378000-04:00,CRWV,2026-08-07,82.0,P,517,65,15.200000000000001,50,129,65,17.95,50,2026-07-28 06:30:28-04:00,509.0,16.575,2.7499999999999982,0.16591251885369523,10,65.425,0.2533435231180743,0.02808935430967783,0.6909261477954711,-0.9701711930997515,-2.25551,12.1,13.85,507.0,1.0982,-0.7485,0.0236,-0.1889,3.9171
2026-07-28 09:56:17.791000-04:00,CRWV,2026-08-07,83.0,C,148,5,0.6,50,76,65,0.7000000000000001,50,2026-07-28 06:30:22-04:00,193.0,0.65,0.10000000000000009,0.15384615384615397,10,65.425,0.26862820022927014,0.02808935430967783,1.1063755471516317,0.11802147594833695,-3.66851,1.47,1.73,123.0,1.0812000000000002,0.2272,0.022600000000000002,-0.1835,3.7061
2026-07-28 09:56:16.426000-04:00,CRWV,2026-08-07,83.0,P,319,65,16.95,50,70,5,18.85,50,2026-07-28 06:30:34-04:00,240.0,17.9,1.9000000000000021,0.10614525139664817,10,65.425,0.26862820022927014,0.02808935430967783,0.9841764123963894,-0.9121020640031925,-2.30351,13.1,14.6,240.0,1.1159000000000001,-0.7638,0.0224,-0.1852,3.7863
2026-07-28 09:56:17.786000-04:00,CRWV,2026-08-07,84.0,C,150,5,0.53,50,728,5,0.67,50,2026-07-28 06:30:17-04:00,278.0,0.6000000000000001,0.14,0.2333333333333333,10,65.425,0.2839128773404662,0.02808935430967783,1.121317648122372,0.10927659001304307,-3.66351,1.31,1.49,211.0,1.0718,0.2059,0.0216,-0.1718,3.5012000000000003
2026-07-28 09:56:17.051000-04:00,CRWV,2026-08-07,84.0,P,112,65,17.0,50,64,5,19.900000000000002,50,2026-07-28 06:30:34-04:00,182.0,18.450000000000003,2.900000000000002,0.15718157181571824,10,65.425,0.2839128773404662,0.02808935430967783,,,-2.92851,13.85,15.55,183.0,1.1227,-0.7807000000000001,0.021400000000000002,-0.17830000000000001,3.6315000000000004
2026-07-28 09:56:18.330000-04:00,CRWV,2026-08-07,85.0,C,76,5,0.47000000000000003,50,362,5,0.56,50,2026-07-28 06:30:33-04:00,1414.0,0.515,0.09000000000000002,0.1747572815533981,10,65.425,0.2991975544516623,0.02808935430967783,1.1152216019319636,0.09655208367503082,-4.20751,1.18,1.35,1289.0,1.0742,0.1889,0.0204,-0.16340000000000002,3.3233
2026-07-28 09:56:16.545000-04:00,CRWV,2026-08-07,85.0,P,181,65,19.35,50,55,65,20.8,50,2026-07-28 06:30:16-04:00,640.0,20.075000000000003,1.4499999999999993,0.07222914072229136,10,65.425,0.2991975544516623,0.02808935430967783,1.1524746926203266,-0.8949407308276183,-2.42251,14.700000000000001,16.35,647.0,1.1166,-0.7998000000000001,0.0204,-0.16740000000000002,3.4418
2026-07-28 09:56:17.786000-04:00,CRWV,2026-08-07,86.0,C,82,11,0.41000000000000003,50,329,5,0.54,50,2026-07-28 06:30:34-04:00,138.0,0.47500000000000003,0.13,0.27368421052631575,10,65.425,0.31448223156285837,0.02808935430967783,1.1290980042664363,0.08932041241295957,-3.66351,1.05,1.35,81.0,1.0982,0.17880000000000001,0.0193,-0.16140000000000002,3.2116000000000002
2026-07-28 09:56:17.773000-04:00,CRWV,2026-08-07,86.0,P,25,5,20.400000000000002,50,23,5,21.85,50,2026-07-28 06:30:17-04:00,52.0,21.125,1.4499999999999993,0.06863905325443784,10,65.425,0.31448223156285837,0.02808935430967783,1.2146996752684591,-0.8918319973981562,-3.65051,15.6,17.05,56.0,1.0994000000000002,-0.8208000000000001,0.0193,-0.1532,3.2151
2026-07-28 09:56:16.966000-04:00,CRWV,2026-08-07,87.0,C,34,11,0.38,50,339,65,0.46,50,2026-07-28 06:30:16-04:00,239.0,0.42000000000000004,0.08000000000000002,0.1904761904761905,10,65.425,0.3297669086740542,0.02808935430967783,1.1314171399572235,0.08034217398999377,-2.84351,0.9500000000000001,1.09,134.0,1.0806,0.1587,0.0182,-0.1471,2.9753000000000003
2026-07-28 09:56:16.421000-04:00,CRWV,2026-08-07,87.0,P,158,5,20.85,50,61,5,22.650000000000002,50,2026-07-28 06:30:11-04:00,113.0,21.75,1.8000000000000007,0.0827586206896552,10,65.425,0.3297669086740542,0.02808935430967783,1.0246158002374663,-0.9415390257003603,-2.29851,16.3,17.85,114.0,1.0583,-0.8471000000000001,0.0181,-0.1318,2.9011
2026-07-28 09:56:17.786000-04:00,CRWV,2026-08-07,88.0,C,45,11,0.33,50,754,5,0.43,50,2026-07-28 06:30:27-04:00,193.0,0.38,0.09999999999999998,0.26315789473684204,10,65.425,0.3450515857852503,0.02808935430967783,1.1395533432542895,0.07335662040562711,-3.66351,0.84,0.97,180.0,1.0777,0.1437,0.0171,-0.1373,2.7843
2026-07-28 09:56:16.769000-04:00,CRWV,2026-08-07,88.0,P,185,65,21.0,50,71,5,23.650000000000002,50,2026-07-28 06:30:22-04:00,113.0,22.325000000000003,2.650000000000002,0.11870100783874588,10,65.425,0.3450515857852503,0.02808935430967783,,,-2.64651,17.25,18.8,134.0,1.08,-0.8556,0.0171,-0.1292,2.7923
2026-07-28 09:56:16.869000-04:00,CRWV,2026-08-07,89.0,C,41,11,0.29,50,317,65,0.38,50,2026-07-28 06:30:05-04:00,96.0,0.33499999999999996,0.09000000000000002,0.26865671641791056,10,65.425,0.3603362628964464,0.02808935430967783,1.1411605176463646,0.06577640894418647,-2.74651,0.75,0.93,98.0,1.0929,0.1343,0.0161,-0.133,2.66
2026-07-28 09:56:17.413000-04:00,CRWV,2026-08-07,89.0,P,24,5,21.95,50,21,5,24.7,50,2026-07-28 06:30:27-04:00,60.0,23.325,2.75,0.11789924973204716,10,65.425,0.3603362628964464,0.02808935430967783,,,-3.29051,18.25,20.25,56.0,1.1979,-0.8392000000000001,0.0165,-0.1554,2.9988
2026-07-28 09:56:18.048000-04:00,CRWV,2026-08-07,90.0,C,317,5,0.25,50,815,5,0.32,50,2026-07-28 06:30:22-04:00,977.0,0.28500000000000003,0.07,0.24561403508771928,10,65.425,0.37562094000764246,0.02808935430967783,1.1348170535604705,0.05748418975402695,-3.92551,0.66,0.74,923.0,1.073,0.117,0.0149,-0.11850000000000001,2.4155
2026-07-28 09:56:17.484000-04:00,CRWV,2026-08-07,90.0,P,661,65,23.7,50,164,65,25.650000000000002,50,2026-07-28 06:30:10-04:00,722.0,24.675,1.9500000000000028,0.07902735562310041,10,65.425,0.37562094000764246,0.02808935430967783,1.0531582825256303,-0.9566146000655507,-3.36151,19.2,21.05,722.0,1.1911,-0.8536,0.015600000000000001,-0.14450000000000002,2.8178
2026-07-28 09:56:18.102000-04:00,CRWV,2026-08-07,91.0,C,216,42,0.22,50,552,5,0.31,50,2026-07-28 06:30:33-04:00,162.0,0.265,0.09,0.33962264150943394,10,65.425,0.39090561711883853,0.02808935430967783,1.1487016920603066,0.053450598131559196,-3.97951,0.59,0.75,129.0,1.0953000000000002,0.11120000000000001,0.014,-0.11660000000000001,2.3294
2026-07-28 09:56:17.446000-04:00,CRWV,2026-08-07,91.0,P,286,65,23.900000000000002,50,63,65,26.55,50,2026-07-28 06:30:16-04:00,557.0,25.225,2.6499999999999986,0.10505450941526258,10,65.425,0.39090561711883853,0.02808935430967783,,,-3.32351,19.95,22.2,558.0,1.2095,-0.8612000000000001,0.0148,-0.1413,2.7190000000000003
2026-07-28 09:56:17.281000-04:00,CRWV,2026-08-07,92.0,C,11,11,0.19,50,856,5,0.37,50,2026-07-28 06:30:33-04:00,110.0,0.28,0.18,0.6428571428571428,10,65.425,0.4061902942300344,0.02808935430967783,1.1908201717047133,0.0544584757975817,-3.15851,0.53,0.63,117.0,1.0882,0.099,0.013000000000000001,-0.10650000000000001,2.1419
2026-07-28 09:56:16.615000-04:00,CRWV,2026-08-07,92.0,P,313,22,24.900000000000002,50,70,65,27.55,50,2026-07-28 06:30:16-04:00,567.0,26.225,2.6499999999999986,0.10104861773117249,10,65.425,0.4061902942300344,0.02808935430967783,,,-2.49251,20.6,23.0,565.0,1.1377000000000002,-0.8892,0.0135,-0.1116,2.3222
2026-07-28 09:56:18.102000-04:00,CRWV,2026-08-07,93.0,C,217,42,0.17,50,495,5,0.25,50,2026-07-28 06:30:10-04:00,190.0,0.21000000000000002,0.07999999999999999,0.3809523809523809,10,65.425,0.42147497134123046,0.02808935430967783,1.156464983845421,0.04341849462606466,-3.97951,0.47000000000000003,0.62,170.0,1.1015000000000001,0.09240000000000001,0.0122,-0.10250000000000001,2.0363
2026-07-28 09:56:16.772000-04:00,CRWV,2026-08-07,93.0,P,265,65,25.85,50,48,5,28.55,50,2026-07-28 06:30:05-04:00,860.0,27.200000000000003,2.6999999999999993,0.09926470588235291,10,65.425,0.42147497134123046,0.02808935430967783,,,-2.64951,21.5,24.2,860.0,1.1931,-0.8865000000000001,0.0131,-0.11950000000000001,2.3619000000000003
2026-07-28 09:56:17.449000-04:00,CRWV,2026-08-07,94.0,C,19,11,0.15,50,404,65,0.37,50,2026-07-28 06:30:22-04:00,170.0,0.26,0.22,0.8461538461538461,10,65.425,0.43675964845242654,0.02808935430967783,1.2314328960588188,0.04970511437661718,-3.32651,0.41000000000000003,0.49,173.0,1.0859,0.0801,0.0111,-0.0908,1.8293000000000001
2026-07-28 09:56:18.315000-04:00,CRWV,2026-08-07,94.0,P,15,5,26.85,50,13,5,29.5,50,2026-07-28 06:30:27-04:00,63.0,28.175,2.6499999999999986,0.09405501330967164,10,65.425,0.43675964845242654,0.02808935430967783,,,-4.19251,22.5,25.05,62.0,1.1911,-0.8966000000000001,0.0122,-0.11080000000000001,2.209
2026-07-28 09:56:17.787000-04:00,CRWV,2026-08-07,95.0,C,1,7,0.16,50,466,5,0.23,50,2026-07-28 06:30:22-04:00,794.0,0.195,0.07,0.358974358974359,10,65.425,0.4520443255636226,0.02808935430967783,1.1959516004045336,0.039592629524984456,-3.66451,0.38,0.43,741.0,1.0871,0.0723,0.0103,-0.084,1.6923000000000001
2026-07-28 09:56:17.670000-04:00,CRWV,2026-08-07,95.0,P,109,22,28.35,50,11,4,30.35,50,2026-07-28 06:30:33-04:00,205.0,29.35,2.0,0.06814310051107325,10,65.425,0.4520443255636226,0.02808935430967783,,,-3.54751,23.75,25.1,205.0,1.0332000000000001,-0.9387000000000001,0.0095,-0.0608,1.488
2026-07-28 09:56:17.787000-04:00,CRWV,2026-08-07,96.0,C,38,11,0.12,50,349,5,0.25,50,2026-07-28 06:30:05-04:00,121.0,0.185,0.13,0.7027027027027027,10,65.425,0.46732900267481847,0.02808935430967783,1.2116525304115977,0.03740431523183,-3.66451,0.33,0.39,119.0,1.0917000000000001,0.0659,0.0095,-0.0786,1.5757
2026-07-28 09:56:14.122000-04:00,CRWV,2026-08-07,96.0,P,16,5,28.8,50,14,5,31.650000000000002,50,2026-07-28 06:30:27-04:00,32.0,30.225,2.8500000000000014,0.09429280397022337,10,65.425,0.46732900267481847,0.02808935430967783,,,0.00049,24.35,26.95,32.0,1.1965000000000001,-0.9126000000000001,0.010700000000000001,-0.0971,1.9514
2026-07-28 09:56:16.391000-04:00,CRWV,2026-08-07,97.0,C,92,11,0.08,50,496,65,0.31,50,2026-07-28 06:30:22-04:00,101.0,0.195,0.22999999999999998,1.1794871794871793,10,65.425,0.48261367978601455,0.02808935430967783,1.2489530270605067,0.038215988771382534,-2.26851,0.29,0.37,92.0,1.0994000000000002,0.0606,0.0088,-0.0741,1.4765000000000001
2026-07-28 09:56:17.381000-04:00,CRWV,2026-08-07,97.0,P,15,5,29.8,50,11,76,32.6,50,2026-07-28 06:30:33-04:00,36.0,31.200000000000003,2.8000000000000007,0.08974358974358976,10,65.425,0.48261367978601455,0.02808935430967783,,,-3.25851,25.35,28.0,36.0,1.2369,-0.9122,0.010400000000000001,-0.101,1.9591
2026-07-28 09:56:17.984000-04:00,CRWV,2026-08-07,98.0,C,4,7,0.1,50,455,5,0.18,50,2026-07-28 06:30:16-04:00,201.0,0.14,0.07999999999999999,0.5714285714285713,10,65.425,0.4978983568972106,0.02808935430967783,1.2073553591886974,0.02933908375300424,-3.86151,0.25,0.32,180.0,1.0917000000000001,0.0531,0.008,-0.0663,1.3296000000000001
2026-07-28 09:56:17.034000-04:00,CRWV,2026-08-07,98.0,P,7,7,30.8,50,14,5,33.6,50,2026-07-28 06:30:10-04:00,27.0,32.2,2.8000000000000007,0.08695652173913045,10,65.425,0.4978983568972106,0.02808935430967783,,,-2.91151,26.150000000000002,28.85,27.0,1.1712,-0.9322,0.009000000000000001,-0.0763,1.6096000000000001
2026-07-28 09:56:16.425000-04:00,CRWV,2026-08-07,99.0,C,77,11,0.07,50,375,65,0.21,50,2026-07-28 06:30:16-04:00,508.0,0.14,0.13999999999999999,0.9999999999999998,10,65.425,0.5131830340084067,0.02808935430967783,1.2319704970373797,0.028854129721180934,-2.30251,0.22,0.31,509.0,1.1015000000000001,0.0492,0.007500000000000001,-0.0629,1.2514
2026-07-28 09:56:17.770000-04:00,CRWV,2026-08-07,99.0,P,17,5,31.8,50,14,5,34.550000000000004,50,2026-07-28 06:30:10-04:00,35.0,33.175000000000004,2.7500000000000036,0.0828937452901282,10,65.425,0.5131830340084067,0.02808935430967783,,,-3.64751,27.35,29.900000000000002,35.0,1.2697,-0.9202,0.0095,-0.09580000000000001,1.8234000000000001
2026-07-28 09:56:16.248000-04:00,CRWV,2026-08-07,100.0,C,1,7,0.1,50,73,42,0.13,50,2026-07-28 06:30:05-04:00,3069.0,0.115,0.03,0.2608695652173913,10,65.425,0.5284677111196026,0.02808935430967783,1.2189578898181224,0.02444466040113823,-2.12551,0.23,0.31,2902.0,1.1357000000000002,0.049600000000000005,0.0073,-0.0654,1.2609000000000001
2026-07-28 09:56:16.554000-04:00,CRWV,2026-08-07,100.0,P,228,22,32.75,50,73,65,35.5,50,2026-07-28 06:30:27-04:00,183.0,34.125,2.75,0.08058608058608059,10,65.425,0.5284677111196026,0.02808935430967783,,,-2.43151,28.35,31.1,178.0,1.3517000000000001,-0.9115000000000001,0.009600000000000001,-0.1116,1.9707000000000001
2026-07-28 09:56:18.102000-04:00,CRWV,2026-08-07,101.0,C,230,42,0.07,50,749,5,0.19,50,2026-07-28 06:30:22-04:00,124.0,0.13,0.12,0.923076923076923,10,65.425,0.5437523882307986,0.02808935430967783,1.265623659978354,0.026423603941432616,-3.97951,0.14,0.29,123.0,1.1097000000000001,0.040600000000000004,0.0064,-0.054400000000000004,1.0738
2026-07-28 09:56:18.290000-04:00,CRWV,2026-08-07,101.0,P,15,5,33.75,50,14,5,36.550000000000004,50,2026-07-28 06:30:33-04:00,21.0,35.150000000000006,2.8000000000000043,0.07965860597439556,10,65.425,0.5437523882307986,0.02808935430967783,,,-4.16751,29.05,32.1,21.0,1.2984,-0.9277000000000001,0.0086,-0.0901,1.6908
2026-07-28 09:56:17.449000-04:00,CRWV,2026-08-07,102.0,C,8,76,0.05,50,351,65,0.19,50,2026-07-28 06:30:16-04:00,173.0,0.12,0.14,1.1666666666666667,10,65.425,0.5590370653419947,0.02808935430967783,1.2735703040740383,0.024481352773652477,-3.32651,0.1,0.28,145.0,1.1152,0.037200000000000004,0.0059,-0.050800000000000005,0.9982000000000001
2026-07-28 09:56:17.670000-04:00,CRWV,2026-08-07,102.0,P,16,5,34.75,50,14,5,37.35,50,2026-07-28 06:30:10-04:00,42.0,36.05,2.6000000000000014,0.07212205270457703,10,65.425,0.5590370653419947,0.02808935430967783,,,-3.54751,30.2,33.05,47.0,1.3551,-0.9236000000000001,0.0086,-0.0989,1.7628000000000001
2026-07-28 09:56:17.662000-04:00,CRWV,2026-08-07,103.0,C,103,76,0.05,50,766,5,0.17,50,2026-07-28 06:30:05-04:00,86.0,0.11000000000000001,0.12000000000000001,1.0909090909090908,10,65.425,0.5743217424531908,0.02808935430967783,1.2799529879454699,0.02256127114551963,-3.53951,0.1,0.26,89.0,1.1289,0.0351,0.0055000000000000005,-0.049100000000000005,0.9529000000000001
2026-07-28 09:56:18.119000-04:00,CRWV,2026-08-07,103.0,P,22,5,35.75,50,22,5,38.95,50,2026-07-28 06:30:33-04:00,28.0,37.35,3.200000000000003,0.08567603748326647,10,65.425,0.5743217424531908,0.02808935430967783,,,-3.99651,31.2,34.1,26.0,1.3996000000000002,-0.9218000000000001,0.008400000000000001,-0.1044,1.7953000000000001
2026-07-28 09:56:17.786000-04:00,CRWV,2026-08-07,104.0,C,5,11,0.04,50,308,5,0.17,50,2026-07-28 06:30:16-04:00,63.0,0.10500000000000001,0.13,1.238095238095238,10,65.425,0.5896064195643869,0.02808935430967783,1.2936261309843538,0.021453282597749892,-3.66351,0.09,0.24,61.0,1.1289,0.031400000000000004,0.0051,-0.0448,0.8705
2026-07-28 09:56:16.292000-04:00,CRWV,2026-08-07,104.0,P,21,5,36.75,50,14,76,39.5,50,2026-07-28 06:30:10-04:00,17.0,38.125,2.75,0.07213114754098361,10,65.425,0.5896064195643869,0.02808935430967783,,,-2.16951,31.7,35.1,17.0,1.2642,-0.9492,0.0067,-0.0636,1.2818
2026-07-28 09:56:17.788000-04:00,CRWV,2026-08-07,105.0,C,122,42,0.04,50,345,65,0.13,50,2026-07-28 06:30:05-04:00,827.0,0.085,0.09,1.0588235294117645,10,65.425,0.6048910966755827,0.02808935430967783,1.277196397132423,0.017946414721265562,-3.66551,0.13,0.18,843.0,1.1398000000000001,0.029500000000000002,0.0047,-0.0429,0.8250000000000001
2026-07-28 09:56:16.801000-04:00,CRWV,2026-08-07,105.0,P,210,22,37.75,50,64,4,40.5,50,2026-07-28 06:30:27-04:00,178.0,39.125,2.75,0.07028753993610223,10,65.425,0.6048910966755827,0.02808935430967783,,,-2.67851,33.2,36.1,177.0,1.4542000000000002,-0.9237000000000001,0.008,-0.10640000000000001,1.7610000000000001
2026-07-28 09:56:18.102000-04:00,CRWV,2026-08-07,106.0,C,229,42,0.03,50,783,5,0.16,50,2026-07-28 06:30:22-04:00,97.0,0.095,0.13,1.368421052631579,10,65.425,0.6201757737867788,0.02808935430967783,1.3186150713825495,0.019306230055134904,-3.97951,0.11,0.17,96.0,1.1507,0.027700000000000002,0.0045000000000000005,-0.041100000000000005,0.7828
2026-07-28 09:56:14.106000-04:00,CRWV,2026-08-07,106.0,P,16,5,38.75,50,15,5,41.550000000000004,50,2026-07-28 06:30:27-04:00,64.0,40.150000000000006,2.8000000000000043,0.0697384806973849,10,65.425,0.6201757737867788,0.02808935430967783,,,0.01649,34.25,36.65,64.0,1.3517000000000001,-0.9450000000000001,0.0066,-0.0737,1.3666
2026-07-28 09:56:17.709000-04:00,CRWV,2026-08-07,107.0,C,239,42,0.02,50,847,5,0.14,50,2026-07-28 06:30:22-04:00,94.0,0.08,0.12000000000000001,1.5,10,65.425,0.6354604508979749,0.02808935430967783,1.3087241440737487,0.016652064203981486,-3.58651,0.05,0.21,94.0,1.1589,0.0257,0.004200000000000001,-0.038900000000000004,0.7363000000000001
2026-07-28 09:56:14.661000-04:00,CRWV,2026-08-07,107.0,P,20,5,39.75,50,22,5,42.5,50,2026-07-28 06:30:10-04:00,7.0,41.125,2.75,0.0668693009118541,10,65.425,0.6354604508979749,0.02808935430967783,,,-0.53851,35.050000000000004,38.050000000000004,5.0,1.4460000000000002,-0.9352,0.0071,-0.09190000000000001,1.5544
2026-07-28 09:56:17.089000-04:00,CRWV,2026-08-07,108.0,C,134,42,0.03,50,122,42,0.06,50,2026-07-28 06:30:27-04:00,60.0,0.045,0.03,0.6666666666666666,10,65.425,0.650745128009171,0.02808935430967783,1.235679995560433,0.01039616654717955,-2.96651,0.03,0.2,61.0,1.1507,0.0222,0.0037,-0.0342,0.6515000000000001
2026-07-28 09:56:17.310000-04:00,CRWV,2026-08-07,108.0,P,14,5,40.75,50,14,5,43.45,50,2026-07-28 06:30:05-04:00,21.0,42.1,2.700000000000003,0.06413301662707845,10,65.425,0.650745128009171,0.02808935430967783,,,-3.18751,36.0,39.050000000000004,21.0,1.4515,-0.9389000000000001,0.0067,-0.08750000000000001,1.484
2026-07-28 09:56:17.670000-04:00,CRWV,2026-08-07,109.0,C,2,31,0.05,50,752,5,0.16,50,2026-07-28 06:30:05-04:00,36.0,0.10500000000000001,0.11,1.0476190476190474,10,65.425,0.6660298051203668,0.02808935430967783,1.4009992802095594,0.0200786595958122,-3.54751,0.05,0.17,37.0,1.1726,0.022000000000000002,0.0036000000000000003,-0.0345,0.6462
2026-07-28 09:56:18.121000-04:00,CRWV,2026-08-07,109.0,P,18,5,42.25,50,11,76,44.4,50,2026-07-28 06:30:10-04:00,49.0,43.325,2.1499999999999986,0.04962492787074434,10,65.425,0.6660298051203668,0.02808935430967783,,,-3.99851,37.0,40.050000000000004,34.0,1.4761,-0.9396,0.006500000000000001,-0.0881,1.4704000000000002
2026-07-28 09:56:18.102000-04:00,CRWV,2026-08-07,110.0,C,2,22,0.04,50,235,42,0.07,50,2026-07-28 06:30:33-04:00,1152.0,0.05500000000000001,0.030000000000000006,0.5454545454545455,10,65.425,0.6813144822315629,0.02808935430967783,1.3056248610512657,0.011900203521996597,-3.97951,0.09,0.14,1178.0,1.1917,0.0216,0.0035,-0.0345,0.6352
2026-07-28 09:56:16.662000-04:00,CRWV,2026-08-07,110.0,P,158,22,42.9,50,67,65,45.5,50,2026-07-28 06:30:16-04:00,122.0,44.2,2.6000000000000014,0.05882352941176473,10,65.425,0.6813144822315629,0.02808935430967783,,,-2.53951,38.2,41.050000000000004,107.0,1.5650000000000002,-0.9308000000000001,0.006900000000000001,-0.1057,1.6339000000000001
2026-07-28 09:56:16.736000-04:00,CRWV,2026-08-07,111.0,C,41,7,0.03,50,58,42,0.06,50,2026-07-28 06:30:27-04:00,57.0,0.045,0.03,0.6666666666666666,10,65.425,0.696599159342759,0.02808935430967783,1.2930217116210225,0.010002595875190392,-2.61351,0.02,0.17,65.0,1.1781000000000001,0.0182,0.003,-0.029500000000000002,0.55
2026-07-28 09:56:18.170000-04:00,CRWV,2026-08-07,111.0,P,16,5,43.75,50,15,5,46.45,50,2026-07-28 06:30:22-04:00,30.0,45.1,2.700000000000003,0.05986696230598676,10,65.425,0.696599159342759,0.02808935430967783,,,-4.04751,39.0,41.95,30.0,1.4898,-0.9458000000000001,0.006,-0.08070000000000001,1.3509
2026-07-28 09:56:16.997000-04:00,CRWV,2026-08-07,112.0,C,39,11,0.01,50,732,5,0.14,50,2026-07-28 06:30:33-04:00,193.0,0.07500000000000001,0.13,1.7333333333333332,10,65.425,0.711883836453955,0.02808935430967783,1.3976493078217498,0.014870726847594688,-2.87451,0.01,0.16,211.0,1.1781000000000001,0.016300000000000002,0.0028,-0.0269,0.5013000000000001
2026-07-28 09:56:16.696000-04:00,CRWV,2026-08-07,112.0,P,13,5,44.75,50,15,5,47.45,50,2026-07-28 06:30:16-04:00,9.0,46.1,2.700000000000003,0.0585683297180044,10,65.425,0.711883836453955,0.02808935430967783,,,-2.57351,39.65,42.95,9.0,1.364,-0.9651000000000001,0.0045000000000000005,-0.0476,0.9453
2026-07-28 09:56:17.912000-04:00,CRWV,2026-08-07,113.0,C,46,11,0.01,50,312,65,0.15,50,2026-07-28 06:30:05-04:00,70.0,0.08,0.13999999999999999,1.7499999999999998,10,65.425,0.7271685135651511,0.02808935430967783,1.4289717496863772,0.015471786368421298,-3.78951,0.05,0.15,72.0,1.2355,0.0193,0.003,-0.0325,0.5777
2026-07-28 09:56:18.182000-04:00,CRWV,2026-08-07,113.0,P,14,5,45.75,50,15,5,48.45,50,2026-07-28 06:30:28-04:00,4.0,47.1,2.700000000000003,0.05732484076433127,10,65.425,0.7271685135651511,0.02808935430967783,,,-4.05951,40.75,43.95,4.0,1.4365,-0.9596,0.0049,-0.058600000000000006,1.0672000000000001
2026-07-28 09:56:18.166000-04:00,CRWV,2026-08-07,114.0,C,187,42,0.01,50,186,42,0.06,50,2026-07-28 06:30:05-04:00,258.0,0.034999999999999996,0.049999999999999996,1.4285714285714286,10,65.425,0.742453190676347,0.02808935430967783,1.3099253231274872,0.007869992995649246,-4.04351,0.05,0.1,256.0,1.1945000000000001,0.0143,0.0024000000000000002,-0.024300000000000002,0.44680000000000003
2026-07-28 09:56:17.222000-04:00,CRWV,2026-08-07,114.0,P,14,5,46.75,50,13,5,49.550000000000004,50,2026-07-28 06:30:33-04:00,7.0,48.150000000000006,2.8000000000000043,0.0581516095534788,10,65.425,0.742453190676347,0.02808935430967783,,,-3.09951,42.0,44.95,7.0,1.5595,-0.9474,0.0055000000000000005,-0.0824,1.3188
2026-07-28 09:56:16.616000-04:00,CRWV,2026-08-07,115.0,C,67,73,0.01,50,885,65,0.13,50,2026-07-28 06:30:11-04:00,792.0,0.07,0.12000000000000001,1.7142857142857142,10,65.425,0.757737867787543,0.02808935430967783,1.4422316234759518,0.01361067633583594,-2.49351,0.07,0.14,792.0,1.2738,0.0188,0.0029000000000000002,-0.0328,0.5651
2026-07-28 09:56:18.231000-04:00,CRWV,2026-08-07,115.0,P,23,5,47.75,50,21,5,50.7,50,2026-07-28 06:30:05-04:00,9.0,49.225,2.950000000000003,0.05992889791772479,10,65.425,0.757737867787543,0.02808935430967783,,,-4.10851,43.1,46.050000000000004,161.0,1.6539000000000001,-0.9385,0.0059,-0.101,1.4918
2026-07-28 09:56:18.103000-04:00,CRWV,2026-08-07,120.0,C,4,7,0.03,50,286,5,0.08,50,2026-07-28 06:30:28-04:00,1099.0,0.055,0.05,0.9090909090909092,10,65.425,0.8341612533435232,0.02808935430967783,1.4885952901431125,0.01065384303396922,-3.98051,0.05,0.08,1101.0,1.2765,0.0117,0.0019,-0.0219,0.3764
2026-07-28 09:56:17.682000-04:00,CRWV,2026-08-07,120.0,P,15,5,52.75,50,14,5,55.45,50,2026-07-28 06:30:22-04:00,63.0,54.1,2.700000000000003,0.04990757855822556,10,65.425,0.8341612533435232,0.02808935430967783,,,-3.55951,47.85,51.0,63.0,1.6525,-0.9547,0.0046,-0.0762,1.1707
2026-07-28 09:56:17.675000-04:00,CRWV,2026-08-07,125.0,C,0,9,0.0,50,73,65,0.06,50,2026-07-28 06:30:28-04:00,1082.0,0.03,0.06,2.0,10,65.425,0.9105846388995034,0.02808935430967783,1.469810812841839,0.0061957034439698135,-3.55251,0.04,0.06,1084.0,1.3312000000000002,0.009600000000000001,0.0015,-0.019200000000000002,0.31720000000000004
2026-07-28 09:56:18.233000-04:00,CRWV,2026-08-07,125.0,P,14,5,58.5,50,15,5,60.550000000000004,50,2026-07-28 06:30:22-04:00,0.0,59.525000000000006,2.0500000000000043,0.034439311213775796,10,65.425,0.9105846388995034,0.02808935430967783,1.6415587633971873,-0.9865122677850956,-4.11051,52.75,56.0,21.0,1.7099,-0.9610000000000001,0.004,-0.0682,1.0357
2026-07-28 09:56:16.423000-04:00,CRWV,2026-08-07,130.0,C,0,42,0.0,50,576,65,0.05,50,2026-07-28 06:30:33-04:00,233.0,0.025,0.05,2.0,10,65.425,0.9870080244554835,0.02808935430967783,1.5173080936854815,0.005100976089768983,-2.30051,0.03,0.09,225.0,1.4406,0.0106,0.0015,-0.0228,0.3473
2026-07-28 09:56:16.327000-04:00,CRWV,2026-08-07,130.0,P,5,5,62.75,50,5,76,65.55,50,2026-07-28 06:30:16-04:00,0.0,64.15,2.799999999999997,0.04364770070148086,10,65.425,0.9870080244554835,0.02808935430967783,,,-2.20451,57.5,60.95,1.0,1.6265,-0.9776,0.0026000000000000003,-0.035500000000000004,0.6536000000000001
2026-07-28 09:56:16.429000-04:00,CRWV,2026-08-07,135.0,C,0,1,0.0,50,984,65,0.1,50,2026-07-28 06:30:11-04:00,123.0,0.05,0.1,2.0,10,65.425,1.0634314100114635,0.02808935430967783,1.7113323661508828,0.0086901212760644,-2.30651,0.02,0.1,122.0,1.5171000000000001,0.0103,0.0014,-0.023200000000000002,0.3361
2026-07-28 09:56:16.323000-04:00,CRWV,2026-08-07,135.0,P,5,31,67.75,50,5,31,70.60000000000001,50,2026-07-28 06:30:15-04:00,0.0,69.17500000000001,2.8500000000000085,0.04119985543910384,10,65.425,1.0634314100114635,0.02808935430967783,,,-2.20051,63.15,66.0,0.0,2.0732,-0.9463,0.004200000000000001,-0.1131,1.34
2026-07-28 09:56:16.440000-04:00,CRWV,2026-08-07,140.0,C,0,1,0.0,50,973,65,0.66,50,2026-07-28 06:30:05-04:00,193.0,0.33,0.66,2.0,10,65.425,1.1398547955674436,0.02808935430967783,2.2960749031820895,0.03739122817038986,-2.31751,0.0,0.36,193.0,1.8316000000000001,0.023700000000000002,0.0024000000000000002,-0.057300000000000004,0.6874
2026-07-28 09:56:16.327000-04:00,CRWV,2026-08-07,140.0,P,5,31,72.75,50,5,5,75.55,50,2026-07-28 06:30:09-04:00,0.0,74.15,2.799999999999997,0.037761294672960175,10,65.425,1.1398547955674436,0.02808935430967783,,,-2.20451,67.1,71.0,0.0,0.0,-1.0,0.0,0.0,0.0
2026-07-28 09:56:18.292000-04:00,CRWV,2026-08-07,145.0,C,0,46,0.0,50,343,65,0.52,50,2026-07-28 06:30:16-04:00,55.0,0.26,0.52,2.0,10,65.425,1.2162781811234238,0.02808935430967783,2.292626546124058,0.030301496942651898,-4.16951,0.0,0.5,55.0,2.0,0.029400000000000003,0.0027,-0.0751,0.8243
2026-07-28 09:56:16.324000-04:00,CRWV,2026-08-07,145.0,P,5,31,77.75,50,5,31,80.7,50,2026-07-28 06:30:20-04:00,0.0,79.225,2.950000000000003,0.03723572104764914,10,65.425,1.2162781811234238,0.02808935430967783,,,-2.20151,73.15,76.0,0.0,2.2548,-0.9487000000000001,0.0037,-0.1182,1.2919
2026-07-28 09:56:16.383000-04:00,CRWV,2026-08-07,150.0,C,0,1,0.0,50,931,65,0.52,50,2026-07-28 06:30:10-04:00,183.0,0.26,0.52,2.0,10,65.425,1.292701566679404,0.02808935430967783,2.369921523471352,0.02952696182270478,-2.26051,0.0,0.48,183.0,2.0644,0.027800000000000002,0.0025,-0.07390000000000001,0.7866000000000001
2026-07-28 09:56:16.450000-04:00,CRWV,2026-08-07,150.0,P,5,31,82.75,50,5,31,85.60000000000001,50,2026-07-28 06:30:26-04:00,0.0,84.17500000000001,2.8500000000000085,0.03385803385803395,10,65.425,1.292701566679404,0.02808935430967783,,,-2.32751,77.10000000000001,81.0,0.0,1.3312000000000002,-0.9991000000000001,0.0001,0.012700000000000001,0.0366
2026-07-28 09:56:17.732000-04:00,CRWV,2026-08-07,155.0,C,0,1,0.0,50,698,65,0.4,50,2026-07-28 06:30:22-04:00,87.0,0.2,0.4,2.0,10,65.425,1.369124952235384,0.02808935430967783,2.3537684013071534,0.023484297763125155,-3.60951,0.01,0.03,77.0,1.5937000000000001,0.0035,0.0005,-0.0095,0.13140000000000002
2026-07-28 09:56:16.327000-04:00,CRWV,2026-08-07,155.0,P,5,31,88.05,50,5,31,90.65,50,2026-07-28 06:30:32-04:00,0.0,89.35,2.6000000000000085,0.029099048684946935,10,65.425,1.369124952235384,0.02808935430967783,,,-2.20451,83.15,86.0,0.0,2.4233000000000002,-0.9505,0.0034000000000000002,-0.1233,1.2568000000000001
2026-07-28 09:56:16.422000-04:00,CRWV,2026-08-14,37.5,C,35,76,27.25,50,22,5,30.05,50,2026-07-28 06:30:10-04:00,0.0,28.65,2.8000000000000007,0.09773123909249566,17,65.425,-0.426824608330149,0.04726743650145865,1.7999108637223016,0.9476348206379576,-2.29951,,,,,,,,
2026-07-28 09:56:17.794000-04:00,CRWV,2026-08-14,37.5,P,288,5,0.09,50,45,5,0.2,50,2026-07-28 06:30:10-04:00,11.0,0.14500000000000002,0.11000000000000001,0.7586206896551724,17,65.425,-0.426824608330149,0.04726743650145865,1.330295242496204,-0.01899639196504166,-3.67151,,,,,,,,
2026-07-28 09:56:15.962000-04:00,CRWV,2026-08-14,40.0,C,36,76,24.75,50,23,5,27.650000000000002,50,2026-07-28 06:30:19-04:00,0.0,26.200000000000003,2.900000000000002,0.11068702290076343,17,65.425,-0.38861291555215893,0.04726743650145865,1.6535167687494328,0.9398136935307396,-1.83951,,,,,,,,
2026-07-28 09:56:17.015000-04:00,CRWV,2026-08-14,40.0,P,834,65,0.08,50,823,65,0.39,50,2026-07-28 06:30:10-04:00,16.0,0.23500000000000001,0.31,1.3191489361702127,17,65.425,-0.38861291555215893,0.04726743650145865,1.3014211141963854,-0.029612200429273927,-2.89251,,,,,,,,
2026-07-28 09:56:17.897000-04:00,CRWV,2026-08-14,42.5,C,25,76,22.55,50,18,4,25.3,50,2026-07-28 06:30:29-04:00,0.0,23.925,2.75,0.11494252873563218,17,65.425,-0.35040122277416885,0.04726743650145865,1.5998827195856125,0.9220697203894664,-3.77451,,,,,,,,
2026-07-28 09:56:16.830000-04:00,CRWV,2026-08-14,42.5,P,646,65,0.17,50,51,69,0.48,50,2026-07-28 06:30:05-04:00,7.0,0.325,0.30999999999999994,0.9538461538461537,17,65.425,-0.35040122277416885,0.04726743650145865,1.2417375369684998,-0.04098677724720112,-2.70751,,,,,,,,
2026-07-28 09:56:16.721000-04:00,CRWV,2026-08-14,45.0,C,5,65,20.45,50,58,76,21.650000000000002,50,2026-07-28 06:30:29-04:00,14.0,21.05,1.2000000000000028,0.057007125890736476,17,65.425,-0.31218952999617877,0.04726743650145865,1.2448467586629832,0.9363060842450455,-2.59851,24.55,27.8,14.0,1.2259,0.9646,0.004,-0.0459,1.2259
2026-07-28 09:56:17.661000-04:00,CRWV,2026-08-14,45.0,P,608,5,0.49,50,50,46,0.65,50,2026-07-28 06:30:09-04:00,323.0,0.5700000000000001,0.16000000000000003,0.28070175438596495,17,65.425,-0.31218952999617877,0.04726743650145865,1.2574386916402622,-0.06527432455940896,-3.53851,0.26,0.43,276.0,1.2574,-0.038400000000000004,0.004200000000000001,-0.0455,1.3128
2026-07-28 09:56:17.901000-04:00,CRWV,2026-08-14,47.5,C,37,5,18.0,50,38,76,20.85,50,2026-07-28 06:30:24-04:00,0.0,19.425,2.8500000000000014,0.14671814671814679,17,65.425,-0.2739778372181887,0.04726743650145865,1.4585091639668692,0.8797422185576484,-3.77851,,,,,,,,
2026-07-28 09:56:17.785000-04:00,CRWV,2026-08-14,47.5,P,658,5,0.77,50,5,76,0.97,50,2026-07-28 06:30:15-04:00,4.0,0.87,0.19999999999999996,0.2298850574712643,17,65.425,-0.2739778372181887,0.04726743650145865,1.2495024702914632,-0.09328648229083758,-3.66251,,,,,,,,
2026-07-28 09:56:16.579000-04:00,CRWV,2026-08-14,50.0,C,158,5,16.05,50,189,5,18.1,50,2026-07-28 06:30:04-04:00,4.0,17.075000000000003,2.0500000000000007,0.12005856515373355,17,65.425,-0.23576614444019872,0.04726743650145865,1.3364847910826512,0.8591685882927618,-2.45651,20.2,23.2,4.0,1.2526000000000002,0.9185000000000001,0.0076,-0.0867,2.3687
2026-07-28 09:56:18.277000-04:00,CRWV,2026-08-14,50.0,P,313,5,1.19,50,524,5,1.48,50,2026-07-28 06:30:29-04:00,30891.0,1.335,0.29000000000000004,0.2172284644194757,17,65.425,-0.23576614444019872,0.04726743650145865,1.2627052112149073,-0.130721432395149,-4.15451,0.67,0.78,30879.0,1.2095,-0.0755,0.0074,-0.0746,2.2385
2026-07-28 09:56:17.787000-04:00,CRWV,2026-08-14,55.0,C,632,5,12.25,50,408,5,13.3,50,2026-07-28 06:30:14-04:00,2.0,12.775,1.0500000000000007,0.08219178082191786,17,65.425,-0.15934275888421856,0.04726743650145865,1.181438802922233,0.7912869564304277,-3.66451,16.1,18.55,0.0,1.1794,0.8646,0.0117,-0.1164,3.4195
2026-07-28 09:56:17.899000-04:00,CRWV,2026-08-14,55.0,P,145,5,2.36,50,118,5,2.7,50,2026-07-28 06:30:09-04:00,870.0,2.5300000000000002,0.3400000000000003,0.13438735177865624,17,65.425,-0.15934275888421856,0.04726743650145865,1.247918164457484,-0.21717635065073593,-3.77651,1.3800000000000001,1.61,764.0,1.1965000000000001,-0.1379,0.0117,-0.114,3.4646000000000003
2026-07-28 09:56:18.440000-04:00,CRWV,2026-08-14,60.0,C,742,5,9.1,50,558,5,10.05,50,2026-07-28 06:30:04-04:00,81.0,9.575,0.9500000000000011,0.09921671018276775,17,65.425,-0.0829193733282384,0.04726743650145865,1.1883827699152794,0.681139557488298,-4.31751,12.6,14.4,81.0,1.1606,0.7815000000000001,0.0161,-0.15360000000000001,4.635800000000001
2026-07-28 09:56:18.023000-04:00,CRWV,2026-08-14,60.0,P,780,5,3.85,50,91,60,4.5,50,2026-07-28 06:30:24-04:00,749.0,4.175,0.6499999999999999,0.155688622754491,17,65.425,-0.0829193733282384,0.04726743650145865,1.2136419141641204,-0.3204210270370589,-3.90051,2.47,2.88,712.0,1.1753,-0.22030000000000002,0.016,-0.1502,4.6591000000000005
2026-07-28 09:56:17.604000-04:00,CRWV,2026-08-14,63.0,C,622,5,7.55,50,674,5,8.45,50,2026-07-28 06:30:29-04:00,0.0,8.0,0.8999999999999995,0.11249999999999993,17,65.425,-0.03706534199465028,0.04726743650145865,1.199764670873807,0.61096477555861,-3.48151,,,,,,,,
2026-07-28 09:56:16.807000-04:00,CRWV,2026-08-14,63.0,P,648,5,5.3,50,86,5,5.9,50,2026-07-28 06:30:05-04:00,11.0,5.6,0.6000000000000005,0.10714285714285725,17,65.425,-0.03706534199465028,0.04726743650145865,1.2242603131445635,-0.3891758485020682,-2.68451,,,,,,,,
2026-07-28 09:56:17.403000-04:00,CRWV,2026-08-14,64.0,C,83,5,7.25,50,484,5,7.9,50,2026-07-28 06:30:15-04:00,0.0,7.575,0.6500000000000004,0.08580858085808585,17,65.425,-0.021780664883454315,0.04726743650145865,1.2124876053882836,0.5877991050220709,-3.28051,,,,,,,,
2026-07-28 09:56:18.027000-04:00,CRWV,2026-08-14,64.0,P,412,5,5.8,50,38,60,6.4,50,2026-07-28 06:30:24-04:00,11.0,6.1,0.6000000000000005,0.09836065573770501,17,65.425,-0.021780664883454315,0.04726743650145865,1.2233830984239769,-0.4120521663239447,-3.90451,,,,,,,,
2026-07-28 09:56:17.787000-04:00,CRWV,2026-08-14,65.0,C,138,5,6.75,50,781,5,7.45,50,2026-07-28 06:30:19-04:00,41.0,7.1,0.7000000000000002,0.09859154929577468,17,65.425,-0.006495987772258238,0.04726743650145865,1.2117391043857486,0.5647445938389195,-3.66451,10.15,10.9,33.0,1.1996,0.6773,0.019,-0.1917,5.6412
2026-07-28 09:56:17.973000-04:00,CRWV,2026-08-14,65.0,P,553,5,6.4,50,71,65,6.9,50,2026-07-28 06:30:24-04:00,964.0,6.65,0.5,0.07518796992481203,17,65.425,-0.006495987772258238,0.04726743650145865,1.2272853843506657,-0.4347461822778502,-3.85051,4.1,4.7,946.0,1.1617,-0.32030000000000003,0.0195,-0.1787,5.6243
2026-07-28 09:56:17.449000-04:00,CRWV,2026-08-14,66.0,C,302,5,6.3,50,723,5,7.05,50,2026-07-28 06:30:10-04:00,0.0,6.675,0.75,0.11235955056179775,17,65.425,0.008788689338937727,0.04726743650145865,1.215765309535024,0.5420432020220876,-3.32651,,,,,,,,
2026-07-28 09:56:18.027000-04:00,CRWV,2026-08-14,66.0,P,202,5,6.9,50,65,65,7.6000000000000005,50,2026-07-28 06:30:20-04:00,7.0,7.25,0.7000000000000002,0.09655172413793106,17,65.425,0.008788689338937727,0.04726743650145865,1.2359290397816738,-0.4569153379271581,-3.90451,,,,,,,,
2026-07-28 09:56:18.027000-04:00,CRWV,2026-08-14,67.0,C,18,76,5.9,50,680,5,6.6000000000000005,50,2026-07-28 06:30:24-04:00,1.0,6.25,0.7000000000000002,0.11200000000000003,17,65.425,0.024073366450133804,0.04726743650145865,1.2157663966115189,0.519416872216009,-3.90451,,,,,,,,
2026-07-28 09:56:18.158000-04:00,CRWV,2026-08-14,67.0,P,287,5,7.45,50,63,65,8.15,50,2026-07-28 06:30:29-04:00,4.0,7.800000000000001,0.7000000000000002,0.08974358974358976,17,65.425,0.024073366450133804,0.04726743650145865,1.231733447322541,-0.47946042435204206,-4.03551,,,,,,,,
2026-07-28 09:56:18.325000-04:00,CRWV,2026-08-14,68.0,C,91,5,5.6000000000000005,50,661,5,6.2,50,2026-07-28 06:30:10-04:00,1.0,5.9,0.5999999999999996,0.10169491525423723,17,65.425,0.03935804356132988,0.04726743650145865,1.2251132374463103,0.49789397336805225,-4.20251,,,,,,,,
2026-07-28 09:56:18.325000-04:00,CRWV,2026-08-14,68.0,P,195,42,8.15,50,72,5,8.6,50,2026-07-28 06:30:05-04:00,11.0,8.375,0.4499999999999993,0.053731343283582006,17,65.425,0.03935804356132988,0.04726743650145865,1.2281472594789333,-0.5018379982895105,-4.20251,,,,,,,,
2026-07-28 09:56:18.102000-04:00,CRWV,2026-08-14,69.0,C,158,5,5.1000000000000005,50,18,76,5.65,50,2026-07-28 06:30:20-04:00,1.0,5.375,0.5499999999999998,0.10232558139534881,17,65.425,0.054642720672525735,0.04726743650145865,1.1998244479219824,0.47332605556315077,-3.97951,,,,,,,,
2026-07-28 09:56:18.169000-04:00,CRWV,2026-08-14,69.0,P,228,5,8.65,50,24,60,9.35,50,2026-07-28 06:30:15-04:00,8.0,9.0,0.6999999999999993,0.0777777777777777,17,65.425,0.054642720672525735,0.04726743650145865,1.229654799548216,-0.5234767808142947,-4.04651,,,,,,,,
2026-07-28 09:56:17.140000-04:00,CRWV,2026-08-14,70.0,C,200,60,5.0,50,432,5,5.3500000000000005,50,2026-07-28 06:30:19-04:00,432.0,5.175000000000001,0.35000000000000053,0.06763285024154599,17,65.425,0.06992739778372181,0.04726743650145865,1.2283108143589525,0.45496807736605643,-3.01751,7.3,8.05,94.0,1.1593,0.5711,0.021500000000000002,-0.202,6.1715
2026-07-28 09:56:17.898000-04:00,CRWV,2026-08-14,70.0,P,401,5,9.3,50,30,11,9.950000000000001,50,2026-07-28 06:30:29-04:00,762.0,9.625,0.6500000000000004,0.06753246753246757,17,65.425,0.06992739778372181,0.04726743650145865,1.2275418243387997,-0.5451263045936097,-3.77551,6.4,6.9,695.0,1.1422,-0.4293,0.0218,-0.19210000000000002,6.1727
2026-07-28 09:56:17.662000-04:00,CRWV,2026-08-14,71.0,C,24,11,4.45,50,541,5,5.1000000000000005,50,2026-07-28 06:30:10-04:00,41.0,4.775,0.6500000000000004,0.13612565445026184,17,65.425,0.08521207489491789,0.04726743650145865,1.2178567675825591,0.43252668045919773,-3.53951,6.7,7.5,27.0,1.1412,0.5485,0.022000000000000002,-0.20040000000000002,6.2249
2026-07-28 09:56:17.899000-04:00,CRWV,2026-08-14,71.0,P,194,5,9.950000000000001,50,224,5,10.8,50,2026-07-28 06:30:05-04:00,19.0,10.375,0.8499999999999996,0.08192771084337346,17,65.425,0.08521207489491789,0.04726743650145865,1.2441874100957058,-0.563829056431043,-3.77651,6.9,7.7,16.0,1.1600000000000001,-0.4505,0.0217,-0.1966,6.2232
2026-07-28 09:56:18.027000-04:00,CRWV,2026-08-14,71.5,C,262,5,4.2,50,659,5,4.95,50,2026-07-28 06:30:15-04:00,7.0,4.575,0.75,0.16393442622950818,17,65.425,0.09285441345051582,0.04726743650145865,1.211254695218948,0.4211474197011314,-3.90451,,,,,,,,
2026-07-28 09:56:18.275000-04:00,CRWV,2026-08-14,71.5,P,393,5,10.25,50,22,11,11.0,50,2026-07-28 06:30:10-04:00,2.0,10.625,0.75,0.07058823529411765,17,65.425,0.09285441345051582,0.04726743650145865,1.22890316006759,-0.5762433659947599,-4.15251,,,,,,,,
2026-07-28 09:56:18.436000-04:00,CRWV,2026-08-14,72.0,C,140,65,4.15,50,1096,5,5.8500000000000005,50,2026-07-28 06:30:24-04:00,110.0,5.0,1.7000000000000002,0.34,17,65.425,0.10049675200611397,0.04726743650145865,1.316242467640165,0.42640820227065734,-4.31351,6.5,7.1000000000000005,4.0,1.1627,0.528,0.0217,-0.2051,6.2559000000000005
2026-07-28 09:56:18.344000-04:00,CRWV,2026-08-14,72.0,P,514,5,10.6,50,38,11,11.25,50,2026-07-28 06:30:29-04:00,43.0,10.925,0.6500000000000004,0.059496567505720854,17,65.425,0.10049675200611397,0.04726743650145865,1.2216326985368475,-0.5875549709132426,-4.22151,7.4,7.95,44.0,1.1292,-0.4741,0.0224,-0.19210000000000002,6.2582
2026-07-28 09:56:17.791000-04:00,CRWV,2026-08-14,72.5,C,90,5,4.0,50,593,5,4.6000000000000005,50,2026-07-28 06:30:24-04:00,2.0,4.300000000000001,0.6000000000000005,0.13953488372093034,17,65.425,0.10813909056171189,0.04726743650145865,1.217981957270319,0.40173748489394817,-3.66851,,,,,,,,
2026-07-28 09:56:17.991000-04:00,CRWV,2026-08-14,72.5,P,468,5,10.9,50,95,5,11.700000000000001,50,2026-07-28 06:30:29-04:00,4.0,11.3,0.8000000000000007,0.0707964601769912,17,65.425,0.10813909056171189,0.04726743650145865,1.227061170927156,-0.596789000560787,-3.86851,,,,,,,,
2026-07-28 09:56:17.317000-04:00,CRWV,2026-08-14,73.0,C,300,65,3.8000000000000003,50,687,5,4.4,50,2026-07-28 06:30:15-04:00,19.0,4.1000000000000005,0.6000000000000001,0.14634146341463414,17,65.425,0.11578142911731004,0.04726743650145865,1.2087082509437113,0.3901456260131951,-3.19451,5.9,6.65,7.0,1.1442,0.5052,0.0221,-0.20220000000000002,6.2709
2026-07-28 09:56:18.034000-04:00,CRWV,2026-08-14,73.0,P,448,5,11.200000000000001,50,86,5,12.05,50,2026-07-28 06:30:20-04:00,222.0,11.625,0.8499999999999996,0.07311827956989245,17,65.425,0.11578142911731004,0.04726743650145865,1.2225905501508718,-0.6074854382887992,-3.91151,7.9,8.8,221.0,1.1446,-0.49470000000000003,0.0221,-0.195,6.2709
2026-07-28 09:56:17.544000-04:00,CRWV,2026-08-14,73.5,C,96,65,3.75,50,590,5,4.3,50,2026-07-28 06:30:05-04:00,0.0,4.025,0.5499999999999998,0.1366459627329192,17,65.425,0.12342376767290797,0.04726743650145865,1.221531265253669,0.382492610938445,-3.42151,,,,,,,,
2026-07-28 09:56:18.027000-04:00,CRWV,2026-08-14,73.5,P,290,5,11.65,50,94,5,12.4,50,2026-07-28 06:30:24-04:00,0.0,12.025,0.75,0.06237006237006237,17,65.425,0.12342376767290797,0.04726743650145865,1.2310516867566137,-0.615837691406371,-3.90451,,,,,,,,
2026-07-28 09:56:17.269000-04:00,CRWV,2026-08-14,74.0,C,127,65,3.6,50,559,5,4.15,50,2026-07-28 06:30:24-04:00,29.0,3.875,0.5500000000000003,0.1419354838709678,17,65.425,0.1310661062285059,0.04726743650145865,1.2198026378966693,0.3724750768318528,-3.14651,5.5,6.25,25.0,1.1432,0.4837,0.0221,-0.2018,6.2663
2026-07-28 09:56:17.050000-04:00,CRWV,2026-08-14,74.0,P,200,5,12.05,50,91,5,12.8,50,2026-07-28 06:30:15-04:00,4.0,12.425,0.75,0.060362173038229376,17,65.425,0.1310661062285059,0.04726743650145865,1.2388300530869636,-0.6240760529002107,-2.92751,8.55,9.4,6.0,1.147,-0.5158,0.0221,-0.1951,6.266500000000001
2026-07-28 09:56:17.700000-04:00,CRWV,2026-08-14,75.0,C,101,5,3.35,50,446,5,3.8000000000000003,50,2026-07-28 06:30:09-04:00,164.0,3.575,0.4500000000000002,0.12587412587412591,17,65.425,0.14635078333970197,0.04726743650145865,1.213850909295948,0.3523214622711107,-3.57751,5.25,5.8500000000000005,151.0,1.1518000000000002,0.4637,0.0219,-0.2025,6.2456000000000005
2026-07-28 09:56:18.197000-04:00,CRWV,2026-08-14,75.0,P,281,5,12.8,50,554,5,13.6,50,2026-07-28 06:30:19-04:00,413.0,13.2,0.7999999999999989,0.06060606060606053,17,65.425,0.14635078333970197,0.04726743650145865,1.24768647788407,-0.6411462802680633,-4.07451,9.1,9.950000000000001,406.0,1.135,-0.5382,0.0222,-0.192,6.2426
2026-07-28 09:56:16.426000-04:00,CRWV,2026-08-14,76.0,C,94,65,3.1,50,90,65,3.5,50,2026-07-28 06:30:04-04:00,142.0,3.3,0.3999999999999999,0.12121212121212119,17,65.425,0.16163546045089805,0.04726743650145865,1.2093302819967569,0.3329291085519822,-2.30351,4.9,5.45,139.0,1.1477000000000002,0.44260000000000005,0.0218,-0.20040000000000002,6.2066
2026-07-28 09:56:17.786000-04:00,CRWV,2026-08-14,76.0,P,265,5,13.55,50,79,5,14.3,50,2026-07-28 06:30:24-04:00,63.0,13.925,0.75,0.05385996409335727,17,65.425,0.16163546045089805,0.04726743650145865,1.2441986729520176,-0.6599265051505054,-3.66351,9.8,10.55,62.0,1.1357000000000002,-0.5589000000000001,0.022000000000000002,-0.1907,6.2028
2026-07-28 09:56:18.275000-04:00,CRWV,2026-08-14,77.0,C,800,1,2.85,50,874,5,3.4,50,2026-07-28 06:30:14-04:00,269.0,3.125,0.5499999999999998,0.17599999999999993,17,65.425,0.17692013756209413,0.04726743650145865,1.221277442446538,0.3176564348703098,-4.15251,4.55,5.15,262.0,1.1500000000000001,0.4228,0.0216,-0.1991,6.1539
2026-07-28 09:56:18.027000-04:00,CRWV,2026-08-14,77.0,P,314,5,14.3,50,579,5,15.200000000000001,50,2026-07-28 06:30:04-04:00,86.0,14.75,0.9000000000000004,0.061016949152542396,17,65.425,0.17692013756209413,0.04726743650145865,1.2571322900481492,-0.6747442559470365,-3.90451,10.450000000000001,11.4,83.0,1.1497,-0.5771000000000001,0.0216,-0.1913,6.1538
2026-07-28 09:56:17.707000-04:00,CRWV,2026-08-14,78.0,C,135,65,2.65,50,727,5,3.2,50,2026-07-28 06:30:24-04:00,236.0,2.925,0.5500000000000003,0.18803418803418814,17,65.425,0.19220481467328998,0.04726743650145865,1.2257256458709254,0.30153302834463874,-3.58451,4.25,4.8,235.0,1.1480000000000001,0.40280000000000005,0.021400000000000002,-0.19640000000000002,6.084700000000001
2026-07-28 09:56:17.007000-04:00,CRWV,2026-08-14,78.0,P,246,5,14.700000000000001,50,105,65,15.85,50,2026-07-28 06:30:04-04:00,137.0,15.275,1.1499999999999986,0.07528641571194754,17,65.425,0.19220481467328998,0.04726743650145865,1.2074026450631474,-0.7026028965174319,-2.88451,11.1,12.1,110.0,1.1497,-0.5968,0.021400000000000002,-0.1889,6.0858
2026-07-28 09:56:18.027000-04:00,CRWV,2026-08-14,79.0,C,130,5,2.48,50,58,5,2.82,50,2026-07-28 06:30:19-04:00,34.0,2.65,0.33999999999999986,0.12830188679245277,17,65.425,0.20748949178448606,0.04726743650145865,1.2119211982332871,0.28187311170751805,-3.90451,4.05,4.5,35.0,1.1562000000000001,0.3851,0.021,-0.1953,6.0098
2026-07-28 09:56:16.787000-04:00,CRWV,2026-08-14,79.0,P,244,5,15.15,50,110,65,16.7,50,2026-07-28 06:30:28-04:00,76.0,15.925,1.549999999999999,0.09733124018838298,17,65.425,0.20748949178448606,0.04726743650145865,1.177575071949062,-0.7263130033845898,-2.66451,11.85,12.5,59.0,1.1282,-0.62,0.021400000000000002,-0.1819,5.9855
2026-07-28 09:56:18.393000-04:00,CRWV,2026-08-14,80.0,C,536,5,2.2800000000000002,50,357,5,2.62,50,2026-07-28 06:30:14-04:00,411.0,2.45,0.33999999999999986,0.13877551020408158,17,65.425,0.22277416889568213,0.04726743650145865,1.2104838368924908,0.2656309036528742,-4.27051,3.7,4.05,365.0,1.1364,0.36260000000000003,0.020900000000000002,-0.1882,5.896100000000001
2026-07-28 09:56:16.572000-04:00,CRWV,2026-08-14,80.0,P,283,5,16.3,50,134,5,17.6,50,2026-07-28 06:30:24-04:00,346.0,16.950000000000003,1.3000000000000007,0.07669616519174044,17,65.425,0.22277416889568213,0.04726743650145865,1.2239275097037405,-0.7311508602013121,-2.44951,12.55,13.200000000000001,342.0,1.1251,-0.6396000000000001,0.0211,-0.17800000000000002,5.8834
2026-07-28 09:56:17.692000-04:00,CRWV,2026-08-14,81.0,C,99,5,2.11,50,74,5,2.47,50,2026-07-28 06:30:09-04:00,56.0,2.29,0.3600000000000003,0.15720524017467263,17,65.425,0.2380588460068782,0.04726743650145865,1.2149787157779925,0.2514869912257985,-3.56951,3.45,3.85,48.0,1.1439000000000001,0.34590000000000004,0.0205,-0.18630000000000002,5.7979
2026-07-28 09:56:18.462000-04:00,CRWV,2026-08-14,81.0,P,198,5,17.3,50,146,65,18.5,50,2026-07-28 06:30:19-04:00,78.0,17.9,1.1999999999999993,0.06703910614525137,17,65.425,0.2380588460068782,0.04726743650145865,1.2531257612161864,-0.7393231563649756,-4.33951,13.0,14.4,92.0,1.1415,-0.6545000000000001,0.0205,-0.1777,5.794700000000001
2026-07-28 09:56:17.786000-04:00,CRWV,2026-08-14,82.0,C,251,5,1.93,50,127,65,2.27,50,2026-07-28 06:30:28-04:00,112.0,2.1,0.3400000000000001,0.16190476190476194,17,65.425,0.2533435231180743,0.04726743650145865,1.2101784345162678,0.23571450072260036,-3.66351,3.2,3.7,113.0,1.1528,0.3302,0.0199,-0.18430000000000002,5.6949000000000005
2026-07-28 09:56:17.938000-04:00,CRWV,2026-08-14,82.0,P,96,65,18.400000000000002,50,74,5,19.150000000000002,50,2026-07-28 06:30:04-04:00,121.0,18.775000000000002,0.75,0.03994673768308921,17,65.425,0.2533435231180743,0.04726743650145865,1.2644686327703087,-0.7510145987618304,-3.81551,13.85,15.15,124.0,1.1504,-0.6702,0.02,-0.1756,5.6912
2026-07-28 09:56:18.028000-04:00,CRWV,2026-08-14,83.0,C,78,5,1.77,50,97,5,2.12,50,2026-07-28 06:30:24-04:00,63.0,1.945,0.3500000000000001,0.17994858611825196,17,65.425,0.26862820022927014,0.04726743650145865,1.2106216930100808,0.2218829853742738,-3.90551,3.0,3.35,58.0,1.1446,0.3114,0.0196,-0.17850000000000002,5.557
2026-07-28 09:56:16.691000-04:00,CRWV,2026-08-14,83.0,P,96,65,19.0,50,135,5,20.2,50,2026-07-28 06:30:09-04:00,32.0,19.6,1.1999999999999993,0.061224489795918324,17,65.425,0.26862820022927014,0.04726743650145865,1.2624821030881979,-0.7652663968693763,-2.56851,14.55,15.6,30.0,1.1155000000000002,-0.6953,0.0199,-0.1641,5.5033
2026-07-28 09:56:17.967000-04:00,CRWV,2026-08-14,84.0,C,15,73,1.67,50,69,65,1.95,50,2026-07-28 06:30:14-04:00,1012.0,1.81,0.28,0.1546961325966851,17,65.425,0.2839128773404662,0.04726743650145865,1.2133627597905143,0.20927971398134604,-3.84451,2.79,3.1,1012.0,1.1429,0.29450000000000004,0.019100000000000002,-0.1738,5.4202
2026-07-28 09:56:16.573000-04:00,CRWV,2026-08-14,84.0,P,151,5,19.7,50,110,5,21.05,50,2026-07-28 06:30:09-04:00,45.0,20.375,1.3500000000000014,0.06625766871165652,17,65.425,0.2839128773404662,0.04726743650145865,1.2459393005650337,-0.782534897250627,-2.45051,15.25,16.75,30.0,1.1429,-0.7054,0.019100000000000002,-0.1655,5.4202
2026-07-28 09:56:18.298000-04:00,CRWV,2026-08-14,85.0,C,1,9,1.6300000000000001,50,339,5,1.81,50,2026-07-28 06:30:14-04:00,1503.0,1.7200000000000002,0.17999999999999994,0.10465116279069762,17,65.425,0.2991975544516623,0.04726743650145865,1.225106802436024,0.19959764718663864,-4.17551,2.59,2.9,1461.0,1.1442,0.279,0.018600000000000002,-0.1696,5.2827
2026-07-28 09:56:17.354000-04:00,CRWV,2026-08-14,85.0,P,699,5,20.3,50,133,65,21.8,50,2026-07-28 06:30:19-04:00,232.0,21.05,1.5,0.07125890736342043,17,65.425,0.2991975544516623,0.04726743650145865,1.200104891858779,-0.8067864831074532,-3.23151,16.0,17.6,233.0,1.1446,-0.7209,0.018600000000000002,-0.1612,5.2835
2026-07-28 09:56:16.310000-04:00,CRWV,2026-08-14,86.0,C,10,1,1.47,50,17,76,1.69,50,2026-07-28 06:30:28-04:00,302.0,1.58,0.21999999999999997,0.1392405063291139,17,65.425,0.31448223156285837,0.04726743650145865,1.2221620997406404,0.18680022907057459,-2.18751,2.39,2.7,300.0,1.1429,0.2634,0.0181,-0.1645,5.1333
2026-07-28 09:56:16.803000-04:00,CRWV,2026-08-14,86.0,P,139,5,20.85,50,104,5,22.7,50,2026-07-28 06:30:09-04:00,32.0,21.775,1.8499999999999979,0.08495981630309979,17,65.425,0.31448223156285837,0.04726743650145865,1.1597942415638565,-0.8293296744396168,-2.68051,16.9,18.45,31.0,1.1572,-0.7329,0.018000000000000002,-0.1592,5.1689
2026-07-28 09:56:17.692000-04:00,CRWV,2026-08-14,87.0,C,192,5,1.28,50,89,5,1.58,50,2026-07-28 06:30:28-04:00,102.0,1.4300000000000002,0.30000000000000004,0.2097902097902098,17,65.425,0.3297669086740542,0.04726743650145865,1.2137834311679805,0.17321704344996341,-3.56951,2.2,2.5100000000000002,96.0,1.1412,0.24830000000000002,0.0176,-0.1593,4.9776
2026-07-28 09:56:16.620000-04:00,CRWV,2026-08-14,87.0,P,195,5,21.05,50,136,5,23.75,50,2026-07-28 06:30:09-04:00,56.0,22.4,2.6999999999999993,0.12053571428571426,17,65.425,0.3297669086740542,0.04726743650145865,1.0798691364513788,-0.8619686628500569,-2.49751,17.6,19.25,69.0,1.1442,-0.7508,0.0176,-0.15130000000000002,4.986000000000001
2026-07-28 09:56:18.275000-04:00,CRWV,2026-08-14,88.0,C,175,5,1.16,50,106,65,1.48,50,2026-07-28 06:30:14-04:00,176.0,1.3199999999999998,0.32000000000000006,0.24242424242424251,17,65.425,0.3450515857852503,0.04726743650145865,1.2137028620874761,0.16233167645195762,-4.15251,2.05,2.39,172.0,1.1494,0.2364,0.017,-0.15610000000000002,4.8467
2026-07-28 09:56:17.024000-04:00,CRWV,2026-08-14,88.0,P,270,5,22.6,50,118,65,24.5,50,2026-07-28 06:30:24-04:00,323.0,23.55,1.8999999999999986,0.08067940552016979,17,65.425,0.3450515857852503,0.04726743650145865,1.156677070391969,-0.8522614023354311,-2.90151,18.6,20.1,72.0,1.1651,-0.7595000000000001,0.016900000000000002,-0.151,4.8923000000000005
2026-07-28 09:56:17.786000-04:00,CRWV,2026-08-14,89.0,C,209,5,1.11,50,123,5,1.3900000000000001,50,2026-07-28 06:30:04-04:00,176.0,1.25,0.28,0.22400000000000003,17,65.425,0.3603362628964464,0.04726743650145865,1.2231690203522134,0.15440116831961953,-3.66351,1.9100000000000001,2.14,69.0,1.1405,0.22060000000000002,0.0165,-0.149,4.6622
2026-07-28 09:56:16.591000-04:00,CRWV,2026-08-14,89.0,P,182,5,23.150000000000002,50,160,5,25.45,50,2026-07-28 06:30:19-04:00,55.0,24.3,2.299999999999997,0.09465020576131675,17,65.425,0.3603362628964464,0.04726743650145865,1.1054302768327329,-0.8755648975529284,-2.46851,19.150000000000002,21.1,47.0,1.1514,-0.7764000000000001,0.0165,-0.1427,4.697
2026-07-28 09:56:17.786000-04:00,CRWV,2026-08-14,90.0,C,194,5,1.04,50,788,5,1.29,50,2026-07-28 06:30:04-04:00,752.0,1.165,0.25,0.2145922746781116,17,65.425,0.37562094000764246,0.04726743650145865,1.2265137784331082,0.14545257510355913,-3.66351,1.75,2.0,665.0,1.1401000000000001,0.2076,0.0159,-0.1438,4.500900000000001
2026-07-28 09:56:18.396000-04:00,CRWV,2026-08-14,90.0,P,292,65,24.3,50,110,65,26.35,50,2026-07-28 06:30:19-04:00,303.0,25.325000000000003,2.0500000000000007,0.0809476801579467,17,65.425,0.37562094000764246,0.04726743650145865,1.1423372884210916,-0.8755320510176304,-4.27351,20.0,21.85,264.0,1.1405,-0.7922,0.0159,-0.13490000000000002,4.502
2026-07-28 09:56:17.786000-04:00,CRWV,2026-08-14,91.0,C,166,5,0.92,50,156,65,1.21,50,2026-07-28 06:30:09-04:00,102.0,1.065,0.2899999999999999,0.272300469483568,17,65.425,0.39090561711883853,0.04726743650145865,1.223097489563373,0.135364379412225,-3.66351,1.61,1.85,98.0,1.1398000000000001,0.1953,0.0154,-0.1385,4.3383
2026-07-28 09:56:16.590000-04:00,CRWV,2026-08-14,91.0,P,132,5,24.3,50,126,5,27.35,50,2026-07-28 06:30:14-04:00,16.0,25.825000000000003,3.0500000000000007,0.11810261374636981,17,65.425,0.39090561711883853,0.04726743650145865,0.964972299839256,-0.9278035511654772,-2.46751,21.0,22.85,15.0,1.1723000000000001,-0.796,0.015300000000000001,-0.1371,4.4528
2026-07-28 09:56:17.785000-04:00,CRWV,2026-08-14,92.0,C,116,65,0.87,50,533,65,1.1300000000000001,50,2026-07-28 06:30:28-04:00,93.0,1.0,0.2600000000000001,0.2600000000000001,17,65.425,0.4061902942300344,0.04726743650145865,1.228983544029699,0.12803324615454897,-3.66251,1.48,1.75,93.0,1.1415,0.184,0.0148,-0.1337,4.1831000000000005
2026-07-28 09:56:17.786000-04:00,CRWV,2026-08-14,92.0,P,105,5,25.25,50,80,5,28.1,50,2026-07-28 06:30:24-04:00,12.0,26.675,2.8500000000000014,0.10684161199625122,17,65.425,0.4061902942300344,0.04726743650145865,0.9025910954535576,-0.9484736743646605,-3.66351,21.6,23.8,11.0,1.1521000000000001,-0.8130000000000001,0.0148,-0.12710000000000002,4.223
2026-07-28 09:56:16.390000-04:00,CRWV,2026-08-14,93.0,C,65,65,0.81,50,46,65,1.03,50,2026-07-28 06:30:04-04:00,69.0,0.92,0.21999999999999997,0.23913043478260865,17,65.425,0.42147497134123046,0.04726743650145865,1.2280044846400573,0.11952812560318904,-2.26751,1.3800000000000001,1.59,57.0,1.1391,0.17220000000000002,0.0142,-0.128,4.0124
2026-07-28 09:56:16.765000-04:00,CRWV,2026-08-14,93.0,P,123,5,27.95,50,128,5,29.25,50,2026-07-28 06:30:24-04:00,16.0,28.6,1.3000000000000007,0.04545454545454548,17,65.425,0.42147497134123046,0.04726743650145865,1.3162841880519311,-0.8598928218328841,-2.64251,22.45,24.8,15.0,1.163,-0.8213,0.0142,-0.1245,4.1059
2026-07-28 09:56:17.365000-04:00,CRWV,2026-08-14,94.0,C,11,1,0.76,50,26,11,0.92,50,2026-07-28 06:30:14-04:00,132.0,0.8400000000000001,0.16000000000000003,0.1904761904761905,17,65.425,0.43675964845242654,0.04726743650145865,1.2248294654004286,0.11099455707658223,-3.24251,1.28,1.48,93.0,1.1418000000000001,0.16240000000000002,0.013600000000000001,-0.12350000000000001,3.8631
2026-07-28 09:56:16.568000-04:00,CRWV,2026-08-14,94.0,P,85,5,27.75,50,62,5,30.05,50,2026-07-28 06:30:24-04:00,12.0,28.9,2.3000000000000007,0.07958477508650522,17,65.425,0.43675964845242654,0.04726743650145865,1.0766636116299666,-0.9227404814385447,-2.44551,23.35,25.650000000000002,14.0,1.1620000000000001,-0.8322,0.0137,-0.11900000000000001,3.9449
2026-07-28 09:56:17.888000-04:00,CRWV,2026-08-14,95.0,C,170,5,0.6900000000000001,50,657,5,0.89,50,2026-07-28 06:30:19-04:00,455.0,0.79,0.19999999999999996,0.2531645569620252,17,65.425,0.4520443255636226,0.04726743650145865,1.2309453824828716,0.10502948937403789,-3.76551,1.2,1.36,422.0,1.1432,0.1527,0.0131,-0.1187,3.7102000000000004
2026-07-28 09:56:17.670000-04:00,CRWV,2026-08-14,95.0,P,37,5,29.5,50,20,5,30.900000000000002,50,2026-07-28 06:30:28-04:00,79.0,30.200000000000003,1.4000000000000021,0.0463576158940398,17,65.425,0.4520443255636226,0.04726743650145865,1.2304653123170555,-0.8950783959696981,-3.54751,24.150000000000002,26.400000000000002,89.0,1.1295,-0.8508,0.013000000000000001,-0.10600000000000001,3.6514
2026-07-28 09:56:18.025000-04:00,CRWV,2026-08-14,96.0,C,210,5,0.63,50,309,65,0.86,50,2026-07-28 06:30:09-04:00,98.0,0.745,0.22999999999999998,0.3087248322147651,17,65.425,0.46732900267481847,0.04726743650145865,1.2376570759339713,0.09955940442927869,-3.90251,1.09,1.28,82.0,1.1418000000000001,0.1428,0.0125,-0.1134,3.5476
2026-07-28 09:56:16.416000-04:00,CRWV,2026-08-14,96.0,P,32,76,30.0,50,31,5,31.95,50,2026-07-28 06:30:14-04:00,4.0,30.975,1.9499999999999993,0.06295399515738496,17,65.425,0.46732900267481847,0.04726743650145865,1.1606317121620988,-0.9172158385672571,-2.29351,25.05,27.400000000000002,4.0,1.1425,-0.8569,0.0125,-0.10400000000000001,3.5506
2026-07-28 09:56:16.426000-04:00,CRWV,2026-08-14,97.0,C,301,5,0.5700000000000001,50,972,5,0.81,50,2026-07-28 06:30:04-04:00,53.0,0.6900000000000001,0.24,0.3478260869565217,17,65.425,0.48261367978601455,0.04726743650145865,1.2388543609613576,0.09324406304162502,-2.30351,1.01,1.19,53.0,1.1449,0.1346,0.012,-0.1092,3.4071000000000002
2026-07-28 09:56:18.354000-04:00,CRWV,2026-08-14,97.0,P,35,5,30.2,50,30,5,32.9,50,2026-07-28 06:30:09-04:00,97.0,31.549999999999997,2.6999999999999993,0.08557844690966718,17,65.425,0.48261367978601455,0.04726743650145865,0.9124402723918116,-0.9697604542651951,-4.23151,26.0,28.400000000000002,98.0,1.1637,-0.8605,0.012100000000000001,-0.10400000000000001,3.4901
2026-07-28 09:56:18.395000-04:00,CRWV,2026-08-14,98.0,C,291,65,0.51,50,333,5,0.75,50,2026-07-28 06:30:04-04:00,242.0,0.63,0.24,0.38095238095238093,17,65.425,0.4978983568972106,0.04726743650145865,1.2360410237555743,0.0864687389356667,-4.27251,0.93,1.1,225.0,1.1432,0.12560000000000002,0.0114,-0.1039,3.2482
2026-07-28 09:56:17.701000-04:00,CRWV,2026-08-14,98.0,P,15,4,31.150000000000002,50,17,76,33.95,50,2026-07-28 06:30:24-04:00,4.0,32.550000000000004,2.8000000000000007,0.08602150537634409,17,65.425,0.4978983568972106,0.04726743650145865,0.9335179031814232,-0.9700074143237759,-3.57851,27.0,29.45,4.0,1.1952,-0.8612000000000001,0.0117,-0.10650000000000001,3.4777
2026-07-28 09:56:17.748000-04:00,CRWV,2026-08-14,99.0,C,381,65,0.45,50,862,5,0.7000000000000001,50,2026-07-28 06:30:19-04:00,273.0,0.5750000000000001,0.25000000000000006,0.4347826086956522,17,65.425,0.5131830340084067,0.04726743650145865,1.2333780510133103,0.08012838623943003,-3.62551,0.86,1.05,251.0,1.1487,0.1189,0.011000000000000001,-0.1004,3.1254
2026-07-28 09:56:18.326000-04:00,CRWV,2026-08-14,99.0,P,18,5,32.1,50,28,5,34.85,50,2026-07-28 06:30:28-04:00,11.0,33.475,2.75,0.08215085884988797,17,65.425,0.5131830340084067,0.04726743650145865,0.8578656524293312,-0.9829285271757652,-4.20351,27.7,30.5,13.0,1.1853,-0.8719,0.0112,-0.09920000000000001,3.2903000000000002
2026-07-28 09:56:17.071000-04:00,CRWV,2026-08-14,100.0,C,734,5,0.45,50,696,5,0.65,50,2026-07-28 06:30:14-04:00,1317.0,0.55,0.2,0.36363636363636365,17,65.425,0.5284677111196026,0.04726743650145865,1.2434095077587501,0.07666240078839204,-2.94851,0.81,0.9500000000000001,1275.0,1.1494,0.1114,0.0105,-0.0959,2.9843
2026-07-28 09:56:18.382000-04:00,CRWV,2026-08-14,100.0,P,110,65,33.95,50,61,5,35.800000000000004,50,2026-07-28 06:30:09-04:00,133.0,34.875,1.8500000000000014,0.05304659498207889,17,65.425,0.5284677111196026,0.04726743650145865,1.2039709237883225,-0.931012429841579,-4.25951,28.650000000000002,31.55,103.0,1.2102000000000002,-0.8737,0.0108,-0.1003,3.2586
2026-07-28 09:56:17.580000-04:00,CRWV,2026-08-14,105.0,C,219,42,0.31,50,52,11,0.4,50,2026-07-28 06:30:04-04:00,381.0,0.355,0.09000000000000002,0.2535211267605635,17,65.425,0.6048910966755827,0.04726743650145865,1.2366859076588619,0.05276893880149132,-3.45751,0.51,0.66,380.0,1.1459000000000001,0.0785,0.0081,-0.0738,2.3051
2026-07-28 09:56:17.608000-04:00,CRWV,2026-08-14,105.0,P,35,5,37.95,50,34,5,40.75,50,2026-07-28 06:30:24-04:00,38.0,39.35,2.799999999999997,0.07115628970775088,17,65.425,0.6048910966755827,0.04726743650145865,,,-3.48551,33.25,36.300000000000004,43.0,1.2143000000000002,-0.9066000000000001,0.008700000000000001,-0.0786,2.6227
2026-07-28 09:56:16.855000-04:00,CRWV,2026-08-14,110.0,C,343,5,0.19,50,873,65,0.81,50,2026-07-28 06:30:19-04:00,850.0,0.5,0.6200000000000001,1.2400000000000002,17,65.425,0.6813144822315629,0.04726743650145865,1.4194028842905786,0.06377893796056174,-2.73251,0.4,0.46,814.0,1.1712,0.0596,0.0064,-0.061000000000000006,1.8644
2026-07-28 09:56:18.319000-04:00,CRWV,2026-08-14,110.0,P,141,22,43.7,50,56,65,45.6,50,2026-07-28 06:30:29-04:00,160.0,44.650000000000006,1.8999999999999986,0.042553191489361666,17,65.425,0.6813144822315629,0.04726743650145865,1.2627543397735916,-0.9598549392354288,-4.19651,38.800000000000004,41.2,158.0,1.4057000000000002,-0.8943000000000001,0.0082,-0.1018,2.871
2026-07-28 09:56:17.594000-04:00,CRWV,2026-08-14,115.0,C,835,65,0.01,50,831,65,0.72,50,2026-07-28 06:30:04-04:00,441.0,0.365,0.71,1.9452054794520548,17,65.425,0.757737867787543,0.04726743650145865,1.4245101053676892,0.04838067361410501,-3.47151,0.2,0.35000000000000003,458.0,1.1589,0.04,0.0047,-0.0439,1.3573000000000002
2026-07-28 09:56:16.313000-04:00,CRWV,2026-08-14,115.0,P,7,76,47.800000000000004,50,18,5,50.550000000000004,50,2026-07-28 06:30:24-04:00,21.0,49.175000000000004,2.75,0.05592272496187087,17,65.425,0.757737867787543,0.04726743650145865,,,-2.19051,43.1,46.2,21.0,1.3688,-0.9248000000000001,0.006500000000000001,-0.0737,2.2292
2026-07-28 09:56:18.334000-04:00,CRWV,2026-08-14,120.0,C,72,11,0.08,50,612,5,0.32,50,2026-07-28 06:30:19-04:00,379.0,0.2,0.24,1.2,17,65.425,0.8341612533435232,0.04726743650145865,1.3655079811634225,0.029446969699168307,-4.21151,0.13,0.27,380.0,1.1808,0.0304,0.0037,-0.0356,1.082
2026-07-28 09:56:16.591000-04:00,CRWV,2026-08-14,120.0,P,154,65,52.75,50,37,5,55.5,50,2026-07-28 06:30:29-04:00,148.0,54.125,2.75,0.050808314087759814,17,65.425,0.8341612533435232,0.04726743650145865,,,-2.46851,47.7,51.1,129.0,1.3312000000000002,-0.9485,0.005,-0.049600000000000005,1.6575
2026-07-28 09:56:17.793000-04:00,CRWV,2026-08-14,125.0,C,153,42,0.06,50,581,5,0.16,50,2026-07-28 06:30:14-04:00,217.0,0.11,0.1,0.9090909090909092,17,65.425,0.9105846388995034,0.04726743650145865,1.321744421537876,0.017721542894618286,-3.67051,0.15,0.2,218.0,1.2232,0.025500000000000002,0.003,-0.031900000000000005,0.9355
2026-07-28 09:56:17.753000-04:00,CRWV,2026-08-14,125.0,P,24,5,57.75,50,19,5,60.65,50,2026-07-28 06:30:09-04:00,1.0,59.2,2.8999999999999986,0.04898648648648646,17,65.425,0.9105846388995034,0.04726743650145865,,,-3.63051,52.85,56.050000000000004,1.0,1.4447,-0.9458000000000001,0.0048000000000000004,-0.057100000000000005,1.7263000000000002
2026-07-28 09:56:17.786000-04:00,CRWV,2026-08-14,130.0,C,201,5,0.02,50,131,42,0.1,50,2026-07-28 06:30:14-04:00,311.0,0.060000000000000005,0.08,1.3333333333333333,17,65.425,0.9870080244554835,0.04726743650145865,1.2865227694425383,0.010476619131884989,-3.66351,0.1,0.28,326.0,1.3121,0.026500000000000003,0.0029000000000000002,-0.035300000000000005,0.9661000000000001
2026-07-28 09:56:18.431000-04:00,CRWV,2026-08-14,130.0,P,20,5,62.75,50,18,76,65.6,50,2026-07-28 06:30:19-04:00,30.0,64.175,2.8499999999999943,0.04440981690689512,17,65.425,0.9870080244554835,0.04726743650145865,,,-4.30851,58.15,61.050000000000004,31.0,1.6081,-0.9355,0.0049,-0.07590000000000001,1.9801000000000002
2026-07-28 09:56:15.417000-04:00,CRWV,2026-08-21,35.0,C,2,4,28.650000000000002,50,2,4,32.6,50,2026-07-28 06:30:30-04:00,17.0,30.625,3.9499999999999993,0.12897959183673466,24,65.425,-0.4650363011081391,0.06644551869323947,1.2009220255395043,0.9854966119558605,-1.29451,34.25,37.75,17.0,1.3121,0.9871000000000001,0.0013000000000000002,-0.0195,0.6147
2026-07-28 09:56:16.419000-04:00,CRWV,2026-08-21,35.0,P,1106,65,0.04,50,16,22,0.21,50,2026-07-28 06:30:24-04:00,1300.0,0.125,0.16999999999999998,1.3599999999999999,24,65.425,-0.4650363011081391,0.06644551869323947,1.2162833847209615,-0.015395882836655606,-2.29651,0.05,0.25,1281.0,1.3531,-0.0148,0.0015,-0.0187,0.6970000000000001
2026-07-28 09:56:16.395000-04:00,CRWV,2026-08-21,37.5,C,43,76,27.45,50,29,5,30.2,50,2026-07-28 06:30:13-04:00,2.0,28.825,2.75,0.09540329575021683,24,65.425,-0.426824608330149,0.06644551869323947,1.5982323010832014,0.9409541426160182,-2.27251,31.8,35.300000000000004,2.0,1.2574,0.9822000000000001,0.0018000000000000002,-0.0239,0.8099000000000001
2026-07-28 09:56:18.431000-04:00,CRWV,2026-08-21,37.5,P,695,65,0.17,50,810,65,0.6,50,2026-07-28 06:30:30-04:00,525.0,0.385,0.42999999999999994,1.1168831168831166,24,65.425,-0.426824608330149,0.06644551869323947,1.3465008010309236,-0.037207390050870925,-4.30851,0.15,0.2,525.0,1.2601,-0.0179,0.0018000000000000002,-0.0204,0.8165
2026-07-28 09:56:18.361000-04:00,CRWV,2026-08-21,40.0,C,13,5,25.1,50,15,5,27.900000000000002,50,2026-07-28 06:30:01-04:00,9.0,26.5,2.8000000000000007,0.1056603773584906,24,65.425,-0.38861291555215893,0.06644551869323947,1.5214239436188266,0.9274237996234036,-4.23851,29.400000000000002,32.9,9.0,1.2355,0.9734,0.0026000000000000003,-0.0318,1.1373
2026-07-28 09:56:16.385000-04:00,CRWV,2026-08-21,40.0,P,814,65,0.17,50,5,73,0.5,50,2026-07-28 06:30:24-04:00,448.0,0.335,0.32999999999999996,0.9850746268656715,24,65.425,-0.38861291555215893,0.06644551869323947,1.1784928130191807,-0.037575067575342236,-2.26251,0.23,0.3,434.0,1.2355,-0.026500000000000003,0.0026000000000000003,-0.027800000000000002,1.1373
2026-07-28 09:56:16.425000-04:00,CRWV,2026-08-21,42.5,C,47,76,22.85,50,38,5,25.6,50,2026-07-28 06:30:18-04:00,15.0,24.225,2.75,0.11351909184726522,24,65.425,-0.35040122277416885,0.06644551869323947,1.455309126535294,0.910528779052293,-2.30251,27.1,30.5,15.0,1.2246000000000001,0.9607,0.0037,-0.042300000000000004,1.5706
2026-07-28 09:56:18.514000-04:00,CRWV,2026-08-21,42.5,P,819,65,0.22,50,214,65,0.74,50,2026-07-28 06:30:30-04:00,139.0,0.48,0.52,1.0833333333333335,24,65.425,-0.35040122277416885,0.06644551869323947,1.1428046942492642,-0.05261858921909235,-4.39151,0.29,0.5,138.0,1.215,-0.038200000000000005,0.0036000000000000003,-0.0371,1.5395
2026-07-28 09:56:16.543000-04:00,CRWV,2026-08-21,45.0,C,36,5,20.8,50,63,76,23.2,50,2026-07-28 06:30:01-04:00,62.0,22.0,2.3999999999999986,0.10909090909090903,24,65.425,-0.31218952999617877,0.06644551869323947,1.394787957584137,0.8901673925551479,-2.42051,25.1,27.75,62.0,1.1712,0.9494,0.0047,-0.0492,1.9280000000000002
2026-07-28 09:56:17.786000-04:00,CRWV,2026-08-21,45.0,P,197,5,0.85,50,38,5,1.0,50,2026-07-28 06:30:24-04:00,31729.0,0.925,0.15000000000000002,0.16216216216216217,24,65.425,-0.31218952999617877,0.06644551869323947,1.2096584774456254,-0.08630048824814018,-3.66351,0.53,0.63,31742.0,1.2027,-0.054200000000000005,0.0049,-0.048600000000000004,2.0398
2026-07-28 09:56:18.002000-04:00,CRWV,2026-08-21,47.5,C,247,5,18.650000000000002,50,385,65,20.55,50,2026-07-28 06:30:18-04:00,40.0,19.6,1.8999999999999986,0.09693877551020401,24,65.425,-0.2739778372181887,0.06644551869323947,1.273406744433681,0.8742929552379513,-3.87951,23.0,25.400000000000002,40.0,1.1740000000000002,0.9278000000000001,0.0063,-0.06380000000000001,2.5447
2026-07-28 09:56:17.786000-04:00,CRWV,2026-08-21,47.5,P,400,5,1.22,50,75,65,1.41,50,2026-07-28 06:30:23-04:00,740.0,1.315,0.18999999999999995,0.14448669201520908,24,65.425,-0.2739778372181887,0.06644551869323947,1.2011215526652324,-0.11570178342878767,-3.66351,0.76,0.9,573.0,1.189,-0.0741,0.0063,-0.061200000000000004,2.5991
2026-07-28 09:56:18.338000-04:00,CRWV,2026-08-21,50.0,C,396,5,16.6,50,576,5,17.8,50,2026-07-28 06:30:29-04:00,223.0,17.200000000000003,1.1999999999999993,0.06976744186046506,24,65.425,-0.23576614444019872,0.06644551869323947,1.1529484610194485,0.8557655735012919,-4.21551,20.7,22.95,224.0,1.0947,0.9139,0.0077,-0.0679,2.9093
2026-07-28 09:56:17.895000-04:00,CRWV,2026-08-21,50.0,P,213,65,1.7,50,7,11,1.85,50,2026-07-28 06:30:06-04:00,2960.0,1.775,0.15000000000000013,0.08450704225352121,24,65.425,-0.23576614444019872,0.06644551869323947,1.184232977761967,-0.14884442188292546,-3.77251,1.03,1.2,2936.0,1.1617,-0.0961,0.0079,-0.0726,3.1591
2026-07-28 09:56:18.361000-04:00,CRWV,2026-08-21,55.0,C,260,5,13.200000000000001,50,832,65,15.3,50,2026-07-28 06:30:12-04:00,230.0,14.25,2.0999999999999996,0.14736842105263157,24,65.425,-0.15934275888421856,0.06644551869323947,1.2814621123554661,0.757399823295877,-4.23851,17.35,18.650000000000002,230.0,1.1528,0.8402000000000001,0.011300000000000001,-0.10790000000000001,4.502400000000001
2026-07-28 09:56:18.275000-04:00,CRWV,2026-08-21,55.0,P,5,47,3.15,50,104,5,3.3000000000000003,50,2026-07-28 06:30:06-04:00,3940.0,3.225,0.15000000000000036,0.046511627906976855,24,65.425,-0.15934275888421856,0.06644551869323947,1.1920877810692188,-0.23379996857174112,-4.15251,2.0,2.08,3894.0,1.1453,-0.15860000000000002,0.0114,-0.1013,4.482
2026-07-28 09:56:17.718000-04:00,CRWV,2026-08-21,60.0,C,129,5,10.200000000000001,50,323,65,10.700000000000001,50,2026-07-28 06:30:29-04:00,1229.0,10.450000000000001,0.5,0.0478468899521531,24,65.425,-0.0829193733282384,0.06644551869323947,1.1428723608780713,0.6734121716390528,-3.59551,13.700000000000001,14.9,1217.0,1.1227,0.7636000000000001,0.0148,-0.1322,5.7107
2026-07-28 09:56:18.144000-04:00,CRWV,2026-08-21,60.0,P,195,65,4.9,50,9,11,5.15,50,2026-07-28 06:30:18-04:00,4565.0,5.025,0.25,0.04975124378109452,24,65.425,-0.0829193733282384,0.06644551869323947,1.1667524843332773,-0.3277081638013437,-4.02151,3.25,3.5,4450.0,1.1244,-0.23650000000000002,0.0148,-0.1264,5.7134
2026-07-28 09:56:18.275000-04:00,CRWV,2026-08-21,62.0,C,466,5,9.05,50,145,5,9.6,50,2026-07-28 06:30:28-04:00,2.0,9.325,0.5499999999999989,0.05898123324396772,24,65.425,-0.05235001910584636,0.06644551869323947,1.1351685853054008,0.6324514507137646,-4.15251,12.5,13.55,2.0,1.1234,0.7278,0.0159,-0.14200000000000002,6.1496
2026-07-28 09:56:18.275000-04:00,CRWV,2026-08-21,62.0,P,703,5,5.75,50,460,65,6.25,50,2026-07-28 06:30:23-04:00,700.0,6.0,0.5,0.08333333333333333,24,65.425,-0.05235001910584636,0.06644551869323947,1.1745351186725688,-0.3680621785996633,-4.15251,3.95,4.2,693.0,1.1225,-0.272,0.0159,-0.13570000000000002,6.148700000000001
2026-07-28 09:56:18.034000-04:00,CRWV,2026-08-21,62.5,C,378,5,8.8,50,279,5,9.35,50,2026-07-28 06:30:07-04:00,41.0,9.075,0.5499999999999989,0.0606060606060605,24,65.425,-0.04470768055024832,0.06644551869323947,1.136067125207861,0.6220574610597878,-3.91151,12.200000000000001,13.25,41.0,1.1248,0.7186,0.0161,-0.1444,6.2512
2026-07-28 09:56:18.057000-04:00,CRWV,2026-08-21,62.5,P,791,5,6.0,50,102,5,6.4,50,2026-07-28 06:30:13-04:00,862.0,6.2,0.40000000000000036,0.06451612903225812,24,65.425,-0.04470768055024832,0.06644551869323947,1.167481035077904,-0.3780856973754767,-3.93451,4.15,4.4,859.0,1.1241,-0.2813,0.0162,-0.1381,6.2506
2026-07-28 09:56:18.276000-04:00,CRWV,2026-08-21,63.0,C,424,5,8.5,50,148,5,9.1,50,2026-07-28 06:30:34-04:00,10.0,8.8,0.5999999999999996,0.06818181818181814,24,65.425,-0.03706534199465028,0.06644551869323947,1.1322412078430455,0.6116607039380144,-4.15351,11.6,12.9,0.0,1.0982,0.7115,0.0167,-0.1427,6.3254
2026-07-28 09:56:18.298000-04:00,CRWV,2026-08-21,63.0,P,308,65,6.25,50,118,5,6.65,50,2026-07-28 06:30:11-04:00,121.0,6.45,0.40000000000000036,0.06201550387596905,24,65.425,-0.03706534199465028,0.06644551869323947,1.1674612509177127,-0.3881919339409742,-4.17551,4.3500000000000005,4.6000000000000005,118.0,1.1248,-0.29050000000000004,0.0164,-0.1403,6.3476
2026-07-28 09:56:18.036000-04:00,CRWV,2026-08-21,64.0,C,125,5,8.15,50,373,5,8.65,50,2026-07-28 06:30:17-04:00,15.0,8.4,0.5,0.05952380952380952,24,65.425,-0.021780664883454315,0.06644551869323947,1.1451773217820225,0.5911142471372843,-3.91351,11.65,12.3,15.0,1.1466,0.6894,0.0166,-0.15360000000000001,6.5408
2026-07-28 09:56:18.432000-04:00,CRWV,2026-08-21,64.0,P,250,65,6.75,50,22,65,7.2,50,2026-07-28 06:30:06-04:00,49.0,6.975,0.4500000000000002,0.06451612903225809,24,65.425,-0.021780664883454315,0.06644551869323947,1.1688431620823057,-0.4083522892155571,-4.30951,4.7,5.0,38.0,1.1203,-0.3088,0.016900000000000002,-0.14350000000000002,6.5258
2026-07-28 09:56:18.130000-04:00,CRWV,2026-08-21,65.0,C,77,5,7.7,50,276,5,8.15,50,2026-07-28 06:30:01-04:00,1215.0,7.925000000000001,0.4500000000000002,0.05678233438485806,24,65.425,-0.006495987772258238,0.06644551869323947,1.1433024583292468,0.5705199006469348,-4.00751,11.15,11.700000000000001,1214.0,1.1487,0.6709,0.016900000000000002,-0.1575,6.7018
2026-07-28 09:56:18.479000-04:00,CRWV,2026-08-21,65.0,P,529,5,7.3,50,74,5,7.7,50,2026-07-28 06:30:23-04:00,6480.0,7.5,0.40000000000000036,0.05333333333333338,24,65.425,-0.006495987772258238,0.06644551869323947,1.1670823665499526,-0.42851953926819897,-4.35651,5.15,5.3500000000000005,6445.0,1.1162,-0.3275,0.017400000000000002,-0.14650000000000002,6.6892000000000005
2026-07-28 09:56:18.267000-04:00,CRWV,2026-08-21,66.0,C,96,5,7.25,50,725,5,7.7,50,2026-07-28 06:30:11-04:00,1.0,7.475,0.4500000000000002,0.0602006688963211,24,65.425,0.008788689338937727,0.06644551869323947,1.1421168132140065,0.5500222960915192,-4.14451,10.55,11.1,1.0,1.1408,0.6525000000000001,0.017400000000000002,-0.15960000000000002,6.8436
2026-07-28 09:56:17.914000-04:00,CRWV,2026-08-21,66.0,P,161,5,7.8500000000000005,50,110,5,8.35,50,2026-07-28 06:30:34-04:00,107.0,8.1,0.4999999999999991,0.06172839506172829,24,65.425,0.008788689338937727,0.06644551869323947,1.1735675358394875,-0.4481459603843433,-3.79151,5.5,5.8,95.0,1.1092,-0.3463,0.0179,-0.1486,6.8361
2026-07-28 09:56:17.682000-04:00,CRWV,2026-08-21,67.0,C,11,11,6.8500000000000005,50,515,5,7.3,50,2026-07-28 06:30:28-04:00,2.0,7.075,0.4499999999999993,0.06360424028268541,24,65.425,0.024073366450133804,0.06644551869323947,1.1453896942952297,0.5299991626872819,-3.55951,10.0,10.55,1.0,1.1374,0.6338,0.0178,-0.162,6.971
2026-07-28 09:56:17.908000-04:00,CRWV,2026-08-21,67.0,P,191,5,8.4,50,65,5,8.85,50,2026-07-28 06:30:23-04:00,443.0,8.625,0.4499999999999993,0.05217391304347818,24,65.425,0.024073366450133804,0.06644551869323947,1.1658572212632283,-0.46844632398241737,-3.78551,5.95,6.3,439.0,1.1097000000000001,-0.3657,0.0182,-0.1514,6.968100000000001
2026-07-28 09:56:18.311000-04:00,CRWV,2026-08-21,67.5,C,620,5,6.5,50,632,5,7.1000000000000005,50,2026-07-28 06:30:13-04:00,43.0,6.800000000000001,0.6000000000000005,0.08823529411764713,24,65.425,0.03171570500573173,0.06644551869323947,1.1347538550784302,0.519062401956326,-4.18851,9.200000000000001,10.3,43.0,1.0997000000000001,0.6247,0.018600000000000002,-0.1579,7.026800000000001
2026-07-28 09:56:18.169000-04:00,CRWV,2026-08-21,67.5,P,656,5,8.700000000000001,50,87,5,9.200000000000001,50,2026-07-28 06:30:07-04:00,2186.0,8.950000000000001,0.5,0.055865921787709494,24,65.425,0.03171570500573173,0.06644551869323947,1.1702509842405633,-0.4779250533475563,-4.04651,6.2,6.5,2186.0,1.108,-0.3753,0.0184,-0.1524,7.027200000000001
2026-07-28 09:56:16.946000-04:00,CRWV,2026-08-21,68.0,C,93,5,6.45,50,127,5,6.8500000000000005,50,2026-07-28 06:30:29-04:00,10.0,6.65,0.40000000000000036,0.060150375939849676,24,65.425,0.03935804356132988,0.06644551869323947,1.1420014562072789,0.5096889440001406,-2.82351,9.5,10.1,3.0,1.1425,0.6149,0.018000000000000002,-0.1651,7.0819
2026-07-28 09:56:18.575000-04:00,CRWV,2026-08-21,68.0,P,616,5,9.0,50,72,5,9.450000000000001,50,2026-07-28 06:30:23-04:00,113.0,9.225000000000001,0.45000000000000107,0.048780487804878155,24,65.425,0.03935804356132988,0.06644551869323947,1.16649294298771,-0.48802319694811147,-4.45251,6.4,6.75,77.0,1.1042,-0.385,0.018600000000000002,-0.153,7.082000000000001
2026-07-28 09:56:17.793000-04:00,CRWV,2026-08-21,69.0,C,138,65,6.0,50,268,65,6.5,50,2026-07-28 06:30:11-04:00,10.0,6.25,0.5,0.08,24,65.425,0.054642720672525735,0.06644551869323947,1.1394888149705262,0.4896255138080278,-3.67051,9.0,9.5,3.0,1.1336000000000002,0.596,0.0184,-0.16590000000000002,7.175800000000001
2026-07-28 09:56:18.479000-04:00,CRWV,2026-08-21,69.0,P,291,5,9.6,50,70,5,10.1,50,2026-07-28 06:30:06-04:00,63.0,9.85,0.5,0.050761421319796954,24,65.425,0.054642720672525735,0.06644551869323947,1.168054085514278,-0.5072199167760534,-4.35651,6.9,7.25,52.0,1.1032,-0.4045,0.0189,-0.15480000000000002,7.1782
2026-07-28 09:56:17.990000-04:00,CRWV,2026-08-21,70.0,C,98,5,5.75,50,321,5,6.1000000000000005,50,2026-07-28 06:30:12-04:00,2277.0,5.925000000000001,0.35000000000000053,0.05907172995780599,24,65.425,0.06992739778372181,0.06644551869323947,1.1453674802642213,0.47086389952649577,-3.86751,8.5,9.0,2022.0,1.1292,0.5769000000000001,0.0187,-0.167,7.253
2026-07-28 09:56:18.027000-04:00,CRWV,2026-08-21,70.0,P,367,5,10.25,50,96,5,10.700000000000001,50,2026-07-28 06:30:18-04:00,5643.0,10.475000000000001,0.45000000000000107,0.042959427207637325,24,65.425,0.06992739778372181,0.06644551869323947,1.1669063982857886,-0.5264099310608215,-3.90451,7.5,7.75,4842.0,1.1063,-0.4238,0.019100000000000002,-0.1567,7.255800000000001
2026-07-28 09:56:17.787000-04:00,CRWV,2026-08-21,71.0,C,69,65,5.3,50,483,5,5.8,50,2026-07-28 06:30:28-04:00,61.0,5.55,0.5,0.0900900900900901,24,65.425,0.08521207489491789,0.06644551869323947,1.1411068636965682,0.4511742354835597,-3.66451,8.05,8.45,5.0,1.1222,0.5577,0.0189,-0.16720000000000002,7.313400000000001
2026-07-28 09:56:17.715000-04:00,CRWV,2026-08-21,71.0,P,112,65,10.9,50,91,5,11.4,50,2026-07-28 06:30:23-04:00,238.0,11.15,0.5,0.04484304932735426,24,65.425,0.08521207489491789,0.06644551869323947,1.1705876917905198,-0.5446285635226049,-3.59251,8.0,8.55,236.0,1.1203,-0.4423,0.019,-0.15990000000000001,7.313700000000001
2026-07-28 09:56:17.787000-04:00,CRWV,2026-08-21,71.5,C,109,5,5.2,50,464,5,5.65,50,2026-07-28 06:30:06-04:00,6.0,5.425000000000001,0.4500000000000002,0.08294930875576038,24,65.425,0.09285441345051582,0.06644551869323947,1.1473583105946992,0.44269207790284876,-3.66451,,,,,,,,
2026-07-28 09:56:18.479000-04:00,CRWV,2026-08-21,71.5,P,57,5,11.25,50,154,5,11.75,50,2026-07-28 06:30:23-04:00,10.0,11.5,0.5,0.043478260869565216,24,65.425,0.09285441345051582,0.06644551869323947,1.173351617390688,-0.5534283584891233,-4.35651,,,,,,,,
2026-07-28 09:56:18.325000-04:00,CRWV,2026-08-21,72.0,C,59,5,5.05,50,112,5,5.3500000000000005,50,2026-07-28 06:30:34-04:00,85.0,5.2,0.3000000000000007,0.05769230769230783,24,65.425,0.10049675200611397,0.06644551869323947,1.1379310402757934,0.43189992423599566,-4.20251,7.6000000000000005,8.05,38.0,1.1224,0.5389,0.019,-0.1681,7.3558
2026-07-28 09:56:17.684000-04:00,CRWV,2026-08-21,72.0,P,60,65,11.55,50,72,5,12.05,50,2026-07-28 06:30:17-04:00,85.0,11.8,0.5,0.0423728813559322,24,65.425,0.10049675200611397,0.06644551869323947,1.1679781511337644,-0.5633548603550029,-3.56151,8.55,8.85,61.0,1.1019,-0.4625,0.0194,-0.158,7.3584000000000005
2026-07-28 09:56:18.279000-04:00,CRWV,2026-08-21,72.5,C,59,5,4.9,50,306,5,5.3,50,2026-07-28 06:30:18-04:00,244.0,5.1,0.39999999999999947,0.07843137254901951,24,65.425,0.10813909056171189,0.06644551869323947,1.1467167589693668,0.4241134727620569,-4.15651,7.4,7.8500000000000005,236.0,1.1234,0.5296000000000001,0.019100000000000002,-0.1685,7.3706000000000005
2026-07-28 09:56:18.479000-04:00,CRWV,2026-08-21,72.5,P,339,5,11.85,50,88,5,12.4,50,2026-07-28 06:30:07-04:00,1065.0,12.125,0.5500000000000007,0.0453608247422681,24,65.425,0.10813909056171189,0.06644551869323947,1.1657184317536813,-0.572759272277638,-4.35651,8.75,9.15,1068.0,1.0964,-0.47240000000000004,0.0195,-0.1574,7.3734
2026-07-28 09:56:17.795000-04:00,CRWV,2026-08-21,73.0,C,71,5,4.7,50,498,5,5.2,50,2026-07-28 06:30:34-04:00,64.0,4.95,0.5,0.10101010101010101,24,65.425,0.11578142911731004,0.06644551869323947,1.1473466102166772,0.41513609105284227,-3.67251,6.8,7.6000000000000005,12.0,1.0941,0.5177,0.0196,-0.1645,7.3837
2026-07-28 09:56:18.515000-04:00,CRWV,2026-08-21,73.0,P,155,65,12.25,50,235,5,12.8,50,2026-07-28 06:30:17-04:00,123.0,12.525,0.5500000000000007,0.04391217564870265,24,65.425,0.11578142911731004,0.06644551869323947,1.1742065898210379,-0.580277979764652,-4.39251,9.0,9.450000000000001,133.0,1.0929,-0.4823,0.0196,-0.157,7.3838
2026-07-28 09:56:18.576000-04:00,CRWV,2026-08-21,73.5,C,71,5,4.55,50,525,5,5.05,50,2026-07-28 06:30:23-04:00,0.0,4.8,0.5,0.10416666666666667,24,65.425,0.12342376767290797,0.06644551869323947,1.1473641472939982,0.40616378541989895,-4.45351,,,,,,,,
2026-07-28 09:56:18.574000-04:00,CRWV,2026-08-21,73.5,P,62,5,12.6,50,82,5,13.1,50,2026-07-28 06:30:34-04:00,0.0,12.85,0.5,0.038910505836575876,24,65.425,0.12342376767290797,0.06644551869323947,1.1707317872877605,-0.5896800649027374,-4.45151,,,,,,,,
2026-07-28 09:56:17.787000-04:00,CRWV,2026-08-21,74.0,C,134,5,4.45,50,526,5,4.8500000000000005,50,2026-07-28 06:30:11-04:00,62.0,4.65,0.40000000000000036,0.08602150537634416,24,65.425,0.1310661062285059,0.06644551869323947,1.1467713699415836,0.39718699046969697,-3.66451,6.8,7.2,48.0,1.1203,0.5015000000000001,0.019200000000000002,-0.16840000000000002,7.3909
2026-07-28 09:56:17.941000-04:00,CRWV,2026-08-21,74.0,P,120,65,12.950000000000001,50,159,42,13.450000000000001,50,2026-07-28 06:30:06-04:00,178.0,13.200000000000001,0.5,0.03787878787878787,24,65.425,0.1310661062285059,0.06644551869323947,1.170455655286901,-0.5984424827412269,-3.81851,9.6,10.05,81.0,1.0926,-0.5013000000000001,0.019700000000000002,-0.157,7.3909
2026-07-28 09:56:18.525000-04:00,CRWV,2026-08-21,75.0,C,355,5,4.2,50,744,5,4.55,50,2026-07-28 06:30:29-04:00,3682.0,4.375,0.34999999999999964,0.07999999999999992,24,65.425,0.14635078333970197,0.06644551869323947,1.1476485436641248,0.37996072635940953,-4.40251,6.5,6.8,3654.0,1.1241,0.4837,0.019100000000000002,-0.16870000000000002,7.3848
2026-07-28 09:56:18.074000-04:00,CRWV,2026-08-21,75.0,P,110,65,13.700000000000001,50,518,5,14.25,50,2026-07-28 06:30:23-04:00,4319.0,13.975000000000001,0.5499999999999989,0.039355992844364855,24,65.425,0.14635078333970197,0.06644551869323947,1.1797552338633215,-0.6137491134747071,-3.95151,10.200000000000001,10.8,4366.0,1.1005,-0.5191,0.0195,-0.1577,7.3825
2026-07-28 09:56:18.575000-04:00,CRWV,2026-08-21,76.0,C,145,65,3.9,50,633,5,4.3,50,2026-07-28 06:30:28-04:00,68.0,4.1,0.3999999999999999,0.09756097560975609,24,65.425,0.16163546045089805,0.06644551869323947,1.1461840914051125,0.36272573341916076,-4.45251,6.05,6.45,67.0,1.1184,0.465,0.019100000000000002,-0.1673,7.3626000000000005
2026-07-28 09:56:18.479000-04:00,CRWV,2026-08-21,76.0,P,97,65,14.450000000000001,50,215,5,14.950000000000001,50,2026-07-28 06:30:34-04:00,105.0,14.700000000000001,0.5,0.03401360544217687,24,65.425,0.16163546045089805,0.06644551869323947,1.1791349841010295,-0.6304304413962459,-4.35651,10.9,11.65,24.0,1.1183,-0.5349,0.019100000000000002,-0.1597,7.3626000000000005
2026-07-28 09:56:16.947000-04:00,CRWV,2026-08-21,77.0,C,183,42,3.65,50,1,31,3.9,50,2026-07-28 06:30:17-04:00,54.0,3.775,0.25,0.06622516556291391,24,65.425,0.17692013756209413,0.06644551869323947,1.1343088351478992,0.3436051864411368,-2.82451,5.65,6.15,47.0,1.1176000000000001,0.44720000000000004,0.019,-0.1663,7.3262
2026-07-28 09:56:18.275000-04:00,CRWV,2026-08-21,77.0,P,103,65,15.15,50,210,42,15.700000000000001,50,2026-07-28 06:30:11-04:00,57.0,15.425,0.5500000000000007,0.035656401944894695,24,65.425,0.17692013756209413,0.06644551869323947,1.176251913607313,-0.6471610796328907,-4.15251,11.450000000000001,12.25,57.0,1.108,-0.5542,0.019200000000000002,-0.15710000000000002,7.3226
2026-07-28 09:56:17.588000-04:00,CRWV,2026-08-21,77.5,C,14,11,3.6,50,8,73,3.8000000000000003,50,2026-07-28 06:30:24-04:00,468.0,3.7,0.20000000000000018,0.0540540540540541,24,65.425,0.18456247611769205,0.06644551869323947,1.141579533575445,0.33716728328110124,-3.46551,5.5,5.9,473.0,1.1128,0.43770000000000003,0.019100000000000002,-0.165,7.3007
2026-07-28 09:56:16.946000-04:00,CRWV,2026-08-21,77.5,P,84,5,15.55,50,122,5,16.1,50,2026-07-28 06:30:01-04:00,1718.0,15.825000000000001,0.5500000000000007,0.034755134281200674,24,65.425,0.18456247611769205,0.06644551869323947,1.1799876578465076,-0.6542387102368395,-2.82351,11.8,12.65,1723.0,1.1131,-0.5622,0.019100000000000002,-0.1573,7.3009
2026-07-28 09:56:17.487000-04:00,CRWV,2026-08-21,78.0,C,159,5,3.4,50,420,65,3.8000000000000003,50,2026-07-28 06:30:23-04:00,63.0,3.6,0.40000000000000036,0.1111111111111112,24,65.425,0.19220481467328998,0.06644551869323947,1.1443266562191508,0.3298627790151616,-3.36451,5.3500000000000005,5.7,58.0,1.1101,0.42850000000000005,0.019,-0.16390000000000002,7.272200000000001
2026-07-28 09:56:18.525000-04:00,CRWV,2026-08-21,78.0,P,115,5,15.9,50,109,5,16.5,50,2026-07-28 06:30:34-04:00,42.0,16.2,0.5999999999999996,0.037037037037037014,24,65.425,0.19220481467328998,0.06644551869323947,1.1791947942723717,-0.6621791721745853,-4.40251,12.1,13.0,39.0,1.1121,-0.5710000000000001,0.019,-0.1565,7.2734000000000005
2026-07-28 09:56:16.431000-04:00,CRWV,2026-08-21,79.0,C,16,11,3.25,50,18,11,3.5500000000000003,50,2026-07-28 06:30:17-04:00,63.0,3.4000000000000004,0.30000000000000027,0.08823529411764713,24,65.425,0.20748949178448606,0.06644551869323947,1.1483379756450298,0.3153442243999715,-2.30851,5.05,5.4,63.0,1.1114,0.4116,0.0188,-0.1626,7.2091
2026-07-28 09:56:17.786000-04:00,CRWV,2026-08-21,79.0,P,70,5,16.7,50,102,5,17.3,50,2026-07-28 06:30:11-04:00,27.0,17.0,0.6000000000000014,0.035294117647058906,24,65.425,0.20748949178448606,0.06644551869323947,1.1842328270003581,-0.6761909254487195,-3.66351,12.8,13.700000000000001,27.0,1.1138000000000001,-0.5878,0.0188,-0.15510000000000002,7.2109000000000005
2026-07-28 09:56:18.547000-04:00,CRWV,2026-08-21,80.0,C,6,43,3.1,50,145,5,3.3000000000000003,50,2026-07-28 06:30:01-04:00,7368.0,3.2,0.20000000000000018,0.06250000000000006,24,65.425,0.22277416889568213,0.06644551869323947,1.1503690706299414,0.30090272339666513,-4.42451,4.7,5.05,7216.0,1.1039,0.3934,0.0188,-0.15960000000000002,7.126
2026-07-28 09:56:18.575000-04:00,CRWV,2026-08-21,80.0,P,732,5,17.35,50,85,5,18.0,50,2026-07-28 06:30:12-04:00,6586.0,17.675,0.6499999999999986,0.03677510608203669,24,65.425,0.22277416889568213,0.06644551869323947,1.1662951970570696,-0.6951855582763125,-4.45251,13.6,13.950000000000001,6613.0,1.0882,-0.6095,0.019,-0.149,7.1103000000000005
2026-07-28 09:56:18.028000-04:00,CRWV,2026-08-21,81.0,C,76,5,2.83,50,242,5,3.2,50,2026-07-28 06:30:06-04:00,74.0,3.015,0.3700000000000001,0.12271973466003319,24,65.425,0.2380588460068782,0.06644551869323947,1.1530113364705503,0.28715112877765336,-3.90551,4.4,4.8500000000000005,73.0,1.108,0.3778,0.018500000000000003,-0.1582,7.042000000000001
2026-07-28 09:56:17.484000-04:00,CRWV,2026-08-21,81.0,P,445,65,17.0,50,129,65,18.85,50,2026-07-28 06:30:28-04:00,65.0,17.925,1.8500000000000014,0.10320781032078111,24,65.425,0.2380588460068782,0.06644551869323947,1.069880995810837,-0.7348781941155351,-3.36151,14.200000000000001,14.75,65.0,1.0856000000000001,-0.6267,0.0188,-0.1464,7.0145
2026-07-28 09:56:18.275000-04:00,CRWV,2026-08-21,82.0,C,141,65,2.62,50,9,5,2.87,50,2026-07-28 06:30:06-04:00,83.0,2.745,0.25,0.09107468123861566,24,65.425,0.2533435231180743,0.06644551869323947,1.1385377580831948,0.2694652971391503,-4.15251,4.15,4.5,81.0,1.1032,0.3608,0.0183,-0.15510000000000002,6.9369000000000005
2026-07-28 09:56:16.591000-04:00,CRWV,2026-08-21,82.0,P,289,65,17.900000000000002,50,154,5,19.75,50,2026-07-28 06:30:17-04:00,28.0,18.825000000000003,1.8499999999999979,0.0982735723771579,24,65.425,0.2533435231180743,0.06644551869323947,1.0845928752375271,-0.7451299274074177,-2.46851,14.9,15.5,28.0,1.085,-0.6431,0.018500000000000003,-0.1438,6.9099
2026-07-28 09:56:17.692000-04:00,CRWV,2026-08-21,82.5,C,129,5,2.5500000000000003,50,171,5,2.8000000000000003,50,2026-07-28 06:30:24-04:00,1539.0,2.6750000000000003,0.25,0.09345794392523364,24,65.425,0.2609858616736722,0.06644551869323947,1.1420630136642522,0.2636030464991926,-3.56951,4.0,4.4,1490.0,1.1044,0.3532,0.0181,-0.15410000000000001,6.885400000000001
2026-07-28 09:56:17.050000-04:00,CRWV,2026-08-21,82.5,P,227,5,19.35,50,149,5,20.1,50,2026-07-28 06:30:18-04:00,826.0,19.725,0.75,0.03802281368821293,24,65.425,0.2609858616736722,0.06644551869323947,1.1735516999046312,-0.7281752478000423,-2.92751,15.3,15.950000000000001,831.0,1.092,-0.6494,0.0183,-0.1438,6.8658
2026-07-28 09:56:17.795000-04:00,CRWV,2026-08-21,83.0,C,220,5,2.44,50,100,5,2.69,50,2026-07-28 06:30:11-04:00,240.0,2.565,0.25,0.09746588693957116,24,65.425,0.26862820022927014,0.06644551869323947,1.137825619696897,0.255806882320486,-3.67251,3.85,4.25,139.0,1.1007,0.3446,0.018000000000000002,-0.1522,6.8236
2026-07-28 09:56:17.628000-04:00,CRWV,2026-08-21,83.0,P,695,65,18.35,50,179,5,20.55,50,2026-07-28 06:30:23-04:00,489.0,19.450000000000003,2.1999999999999993,0.1131105398457583,24,65.425,0.26862820022927014,0.06644551869323947,1.0451646436679471,-0.7701858000816859,-3.50551,15.65,16.4,489.0,1.0958,-0.6564,0.0181,-0.1431,6.815300000000001
2026-07-28 09:56:18.525000-04:00,CRWV,2026-08-21,84.0,C,151,5,2.27,50,296,5,2.56,50,2026-07-28 06:30:23-04:00,208.0,2.415,0.29000000000000004,0.12008281573498966,24,65.425,0.2839128773404662,0.06644551869323947,1.1407827920597604,0.2436557058183892,-4.40251,3.6,3.95,210.0,1.0944,0.328,0.0178,-0.1484,6.692900000000001
2026-07-28 09:56:18.176000-04:00,CRWV,2026-08-21,84.0,P,501,65,19.900000000000002,50,160,65,21.400000000000002,50,2026-07-28 06:30:17-04:00,203.0,20.650000000000002,1.5,0.07263922518159806,24,65.425,0.2839128773404662,0.06644551869323947,1.1147470064078546,-0.7634991730769707,-4.05351,16.35,17.5,196.0,1.1167,-0.6666000000000001,0.0175,-0.14400000000000002,6.7362
2026-07-28 09:56:17.973000-04:00,CRWV,2026-08-21,85.0,C,169,5,2.16,50,179,5,2.37,50,2026-07-28 06:30:06-04:00,2611.0,2.265,0.20999999999999996,0.09271523178807944,24,65.425,0.2991975544516623,0.06644551869323947,1.1419834596076341,0.23154918422548004,-3.85051,3.4,3.8000000000000003,2589.0,1.1029,0.3153,0.0173,-0.1471,6.5842
2026-07-28 09:56:17.786000-04:00,CRWV,2026-08-21,85.0,P,762,5,20.900000000000002,50,247,5,22.25,50,2026-07-28 06:30:12-04:00,3765.0,21.575000000000003,1.3499999999999979,0.06257242178447266,24,65.425,0.2991975544516623,0.06644551869323947,1.130440877490018,-0.7716334999178633,-3.66351,16.95,17.75,3930.0,1.0648,-0.6943,0.0177,-0.1317,6.4958
2026-07-28 09:56:18.027000-04:00,CRWV,2026-08-21,86.0,C,194,5,2.0,50,116,5,2.22,50,2026-07-28 06:30:11-04:00,74.0,2.1100000000000003,0.2200000000000002,0.10426540284360197,24,65.425,0.31448223156285837,0.06644551869323947,1.1403731538930606,0.21917141023237585,-3.90451,3.15,3.5500000000000003,22.0,1.0973,0.29960000000000003,0.017,-0.14300000000000002,6.4381
2026-07-28 09:56:18.027000-04:00,CRWV,2026-08-21,86.0,P,245,5,20.55,50,110,5,23.25,50,2026-07-28 06:30:06-04:00,2.0,21.9,2.6999999999999993,0.12328767123287669,24,65.425,0.31448223156285837,0.06644551869323947,1.01880679524822,-0.8161193037677963,-3.90451,17.85,19.05,2.0,1.1135000000000002,-0.6962,0.016900000000000002,-0.1375,6.4777000000000005
2026-07-28 09:56:17.050000-04:00,CRWV,2026-08-21,87.0,C,158,5,1.87,50,264,65,2.1,50,2026-07-28 06:30:34-04:00,7.0,1.985,0.22999999999999998,0.1158690176322418,24,65.425,0.3297669086740542,0.06644551869323947,1.143027989073516,0.2084680164493149,-2.92751,,,,,,,,
2026-07-28 09:56:17.051000-04:00,CRWV,2026-08-21,87.0,P,166,5,21.5,50,81,5,23.95,50,2026-07-28 06:30:17-04:00,16.0,22.725,2.4499999999999993,0.10781078107810778,24,65.425,0.3297669086740542,0.06644551869323947,1.0059636827646492,-0.8314946794737186,-2.92851,,,,,,,,
2026-07-28 09:56:17.660000-04:00,CRWV,2026-08-21,87.5,C,8,5,1.85,50,161,65,2.0100000000000002,50,2026-07-28 06:30:29-04:00,3589.0,1.9300000000000002,0.16000000000000014,0.08290155440414515,24,65.425,0.3374092472296524,0.06644551869323947,1.1453216223990668,0.20356832926244395,-3.53751,2.94,3.25,3594.0,1.1036000000000001,0.2807,0.0164,-0.1395,6.2443
2026-07-28 09:56:18.212000-04:00,CRWV,2026-08-21,87.5,P,348,65,23.05,50,125,5,24.5,50,2026-07-28 06:30:18-04:00,1516.0,23.775,1.4499999999999993,0.06098843322818084,24,65.425,0.3374092472296524,0.06644551869323947,1.1415337471363556,-0.7974850323164284,-4.08951,18.75,20.35,1518.0,1.0985,-0.7206,0.0165,-0.1298,6.2297
2026-07-28 09:56:17.787000-04:00,CRWV,2026-08-21,90.0,C,93,5,1.53,50,385,5,1.73,50,2026-07-28 06:30:29-04:00,4851.0,1.63,0.19999999999999996,0.12269938650306747,24,65.425,0.37562094000764246,0.06644551869323947,1.1455346428453779,0.17770766467350047,-3.66451,2.45,2.72,4456.0,1.0929,0.24580000000000002,0.0155,-0.129,5.8349
2026-07-28 09:56:18.030000-04:00,CRWV,2026-08-21,90.0,P,583,5,25.6,50,657,5,26.7,50,2026-07-28 06:30:06-04:00,4286.0,26.15,1.0999999999999979,0.04206500956022936,24,65.425,0.37562094000764246,0.06644551869323947,1.1820272775377583,-0.8122839211380715,-3.90751,20.75,22.45,4438.0,1.0988,-0.7525000000000001,0.0155,-0.1212,5.855700000000001
2026-07-28 09:56:18.589000-04:00,CRWV,2026-08-21,92.5,C,70,5,1.29,50,509,5,1.47,50,2026-07-28 06:30:29-04:00,1189.0,1.38,0.17999999999999994,0.13043478260869562,24,65.425,0.41383263278563254,0.06644551869323947,1.1471433531159076,0.1550328535318345,-4.46651,2.07,2.37,1195.0,1.097,0.21780000000000002,0.014400000000000001,-0.12100000000000001,5.455
2026-07-28 09:56:16.441000-04:00,CRWV,2026-08-21,92.5,P,138,65,27.95,50,110,65,29.05,50,2026-07-28 06:30:18-04:00,1134.0,28.5,1.1000000000000014,0.038596491228070226,24,65.425,0.41383263278563254,0.06644551869323947,1.2117456182938635,-0.8276087679524837,-2.31851,23.0,24.650000000000002,1134.0,1.1189,-0.7759,0.014400000000000001,-0.11620000000000001,5.5435
2026-07-28 09:56:18.088000-04:00,CRWV,2026-08-21,95.0,C,71,5,1.1,50,585,5,1.25,50,2026-07-28 06:30:01-04:00,1379.0,1.175,0.1499999999999999,0.127659574468085,24,65.425,0.4520443255636226,0.06644551869323947,1.15082880999998,0.13549552880888172,-3.96551,1.8,1.99,1432.0,1.0973,0.19160000000000002,0.0134,-0.112,5.0535000000000005
2026-07-28 09:56:16.801000-04:00,CRWV,2026-08-21,95.0,P,613,5,29.900000000000002,50,611,5,31.2,50,2026-07-28 06:30:23-04:00,4385.0,30.55,1.2999999999999972,0.04255319148936161,24,65.425,0.4520443255636226,0.06644551869323947,1.1589898695028267,-0.8623494023773767,-2.67851,25.05,26.6,4397.0,1.0888,-0.8108000000000001,0.0134,-0.1008,5.0137
2026-07-28 09:56:17.786000-04:00,CRWV,2026-08-21,97.5,C,708,5,0.86,50,816,5,1.08,50,2026-07-28 06:30:23-04:00,2303.0,0.97,0.22000000000000008,0.2268041237113403,24,65.425,0.4902560183416127,0.06644551869323947,1.1452483115533043,0.11593053991275348,-3.66351,1.54,1.73,2255.0,1.1029,0.1695,0.0123,-0.1042,4.6795
2026-07-28 09:56:16.390000-04:00,CRWV,2026-08-21,97.5,P,2,76,32.4,50,62,65,33.55,50,2026-07-28 06:30:01-04:00,590.0,32.974999999999994,1.1499999999999986,0.03487490523123575,24,65.425,0.4902560183416127,0.06644551869323947,1.193913526336871,-0.8717194374237289,-2.26751,27.5,28.95,590.0,1.1285,-0.8232,0.012400000000000001,-0.0998,4.8061
2026-07-28 09:56:18.590000-04:00,CRWV,2026-08-21,100.0,C,10,9,0.81,50,570,5,0.91,50,2026-07-28 06:30:18-04:00,66202.0,0.8600000000000001,0.09999999999999998,0.11627906976744182,24,65.425,0.5284677111196026,0.06644551869323947,1.1606121470361506,0.10375459498442619,-4.46751,1.3,1.44,66142.0,1.0994000000000002,0.1472,0.011300000000000001,-0.0947,4.2675
2026-07-28 09:56:16.803000-04:00,CRWV,2026-08-21,100.0,P,172,65,34.65,50,76,5,36.0,50,2026-07-28 06:30:06-04:00,3207.0,35.325,1.3500000000000014,0.03821656050955418,24,65.425,0.5284677111196026,0.06644551869323947,1.2026314028513492,-0.8860455256444213,-2.68051,29.6,31.55,3216.0,1.1535,-0.8377,0.0114,-0.096,4.5496
2026-07-28 09:56:18.325000-04:00,CRWV,2026-08-21,105.0,C,37,5,0.5700000000000001,50,733,5,0.66,50,2026-07-28 06:30:29-04:00,3489.0,0.615,0.08999999999999997,0.1463414634146341,24,65.425,0.6048910966755827,0.06644551869323947,1.1634283253780915,0.07789738304120257,-4.20251,0.9500000000000001,1.06,2280.0,1.1049,0.1131,0.009300000000000001,-0.0792,3.5542000000000002
2026-07-28 09:56:18.447000-04:00,CRWV,2026-08-21,105.0,P,506,65,38.7,50,38,5,40.65,50,2026-07-28 06:30:18-04:00,3580.0,39.675,1.9499999999999957,0.04914933837429101,24,65.425,0.6048910966755827,0.06644551869323947,1.0415001846787038,-0.94725384329083,-4.32451,34.15,36.25,3580.0,1.1719000000000002,-0.8694000000000001,0.0097,-0.0824,3.9303000000000003
2026-07-28 09:56:18.046000-04:00,CRWV,2026-08-21,110.0,C,230,42,0.4,50,107,5,0.46,50,2026-07-28 06:30:23-04:00,4745.0,0.43000000000000005,0.06,0.1395348837209302,24,65.425,0.6813144822315629,0.06644551869323947,1.1613434331523695,0.05730095684506143,-3.92351,0.6900000000000001,0.79,4684.0,1.1131,0.08710000000000001,0.0076,-0.0659,2.9365
2026-07-28 09:56:17.455000-04:00,CRWV,2026-08-21,110.0,P,353,65,44.300000000000004,50,66,5,45.5,50,2026-07-28 06:30:01-04:00,3036.0,44.900000000000006,1.1999999999999957,0.026726057906458697,24,65.425,0.6813144822315629,0.06644551869323947,1.23733064644886,-0.9281235618255749,-3.33251,38.4,41.1,3043.0,1.1377000000000002,-0.907,0.0078000000000000005,-0.0597,3.0808
2026-07-28 09:56:17.605000-04:00,CRWV,2026-08-21,115.0,C,37,76,0.29,50,125,65,0.39,50,2026-07-28 06:30:06-04:00,4380.0,0.33999999999999997,0.10000000000000003,0.29411764705882365,24,65.425,0.757737867787543,0.06644551869323947,1.1852592446951478,0.04595615490113833,-3.48251,0.51,0.61,3119.0,1.1261,0.068,0.006200000000000001,-0.055200000000000006,2.4339
2026-07-28 09:56:17.941000-04:00,CRWV,2026-08-21,115.0,P,639,65,48.5,50,145,65,50.550000000000004,50,2026-07-28 06:30:12-04:00,976.0,49.525000000000006,2.0500000000000043,0.04139323573952557,24,65.425,0.757737867787543,0.06644551869323947,1.1084486373297961,-0.9658234113532961,-3.81851,43.2,46.25,977.0,1.2143000000000002,-0.913,0.007,-0.060200000000000004,2.9314
2026-07-28 09:56:16.429000-04:00,CRWV,2026-08-21,120.0,C,1,31,0.23,50,14,11,0.27,50,2026-07-28 06:30:18-04:00,16998.0,0.25,0.04000000000000001,0.16000000000000003,24,65.425,0.8341612533435232,0.06644551869323947,1.1917876404556316,0.03491421757646587,-2.30651,0.42,0.5,16981.0,1.1548,0.0562,0.005200000000000001,-0.0488,2.0986000000000002
2026-07-28 09:56:17.786000-04:00,CRWV,2026-08-21,120.0,P,451,65,54.1,50,70,76,55.5,50,2026-07-28 06:30:29-04:00,1486.0,54.8,1.3999999999999986,0.02554744525547443,24,65.425,0.8341612533435232,0.06644551869323947,1.3530588021500853,-0.9403637293000309,-3.66351,47.95,51.2,1501.0,1.2403,-0.9272,0.006,-0.052000000000000005,2.5611
2026-07-28 09:56:17.859000-04:00,CRWV,2026-08-21,125.0,C,105,42,0.16,50,203,65,0.24,50,2026-07-28 06:30:12-04:00,3563.0,0.2,0.07999999999999999,0.3999999999999999,24,65.425,0.9105846388995034,0.06644551869323947,1.2126502141846542,0.02825422054821828,-3.73651,0.3,0.45,3604.0,1.1753,0.0458,0.0044,-0.042100000000000005,1.7827000000000002
2026-07-28 09:56:18.267000-04:00,CRWV,2026-08-21,125.0,P,5,31,57.800000000000004,50,1,43,60.45,50,2026-07-28 06:30:29-04:00,401.0,59.125,2.6499999999999986,0.04482029598308666,24,65.425,0.9105846388995034,0.06644551869323947,,,-4.14451,53.15,55.9,401.0,1.2957,-0.9331,0.0053,-0.050100000000000006,2.3999
2026-07-28 09:56:17.979000-04:00,CRWV,2026-08-21,130.0,C,120,42,0.13,50,120,42,0.19,50,2026-07-28 06:30:23-04:00,5352.0,0.16,0.06,0.375,24,65.425,0.9870080244554835,0.06644551869323947,1.23096778976033,0.022878208121486655,-3.85651,0.17,0.39,5251.0,1.1822000000000001,0.0357,0.0035,-0.0347,1.4581000000000002
2026-07-28 09:56:16.484000-04:00,CRWV,2026-08-21,130.0,P,5,31,62.75,50,5,31,65.95,50,2026-07-28 06:30:29-04:00,340.0,64.35,3.200000000000003,0.04972804972804978,24,65.425,0.9870080244554835,0.06644551869323947,1.1392282488514456,-0.985485715058493,-2.36151,58.2,60.550000000000004,341.0,1.2998,-0.9462,0.0045000000000000005,-0.04,2.0243
2026-07-28 09:56:17.786000-04:00,CRWV,2026-08-21,135.0,C,164,42,0.1,50,731,5,0.19,50,2026-07-28 06:30:12-04:00,3554.0,0.14500000000000002,0.09,0.6206896551724137,24,65.425,1.0634314100114635,0.06644551869323947,1.268401386310107,0.020447112274362318,-3.66351,0.14,0.32,3558.0,1.2027,0.0296,0.003,-0.0302,1.2492
2026-07-28 09:56:16.484000-04:00,CRWV,2026-08-21,135.0,P,5,31,67.75,50,5,31,70.95,50,2026-07-28 06:30:18-04:00,311.0,69.35,3.200000000000003,0.046142754145638114,24,65.425,1.0634314100114635,0.06644551869323947,1.210518451867428,-0.9845222412587313,-2.36151,62.6,66.05,312.0,1.3415000000000001,-0.9511000000000001,0.004,-0.0371,1.8756000000000002
2026-07-28 09:56:17.846000-04:00,CRWV,2026-08-21,140.0,C,2,9,0.1,50,120,5,0.19,50,2026-07-28 06:30:06-04:00,5393.0,0.14500000000000002,0.09,0.6206896551724137,24,65.425,1.1398547955674436,0.06644551869323947,1.3203043827308747,0.01979665118134463,-3.72351,0.12,0.18,5375.0,1.1808,0.0204,0.0022,-0.0217,0.9151
2026-07-28 09:56:16.430000-04:00,CRWV,2026-08-21,140.0,P,2,4,72.75,50,5,31,76.15,50,2026-07-28 06:30:01-04:00,119.0,74.45,3.4000000000000057,0.04566823371390202,24,65.425,1.1398547955674436,0.06644551869323947,1.394934388542392,-0.9731433487603122,-2.30751,68.15,70.7,157.0,1.457,-0.9442,0.0041,-0.0471,2.0843000000000003
2026-07-28 09:56:18.402000-04:00,CRWV,2026-08-21,145.0,C,9,6,0.1,50,540,5,0.18,50,2026-07-28 06:30:23-04:00,3285.0,0.14,0.07999999999999999,0.5714285714285713,24,65.425,1.2162781811234238,0.06644551869323947,1.363548145274956,0.01869096226496394,-4.27951,0.12,0.27,3310.0,1.2724,0.0239,0.0023,-0.026600000000000002,1.0427
2026-07-28 09:56:16.484000-04:00,CRWV,2026-08-21,145.0,P,5,31,77.75,50,5,31,80.9,50,2026-07-28 06:30:06-04:00,84.0,79.325,3.1500000000000057,0.03971005357705648,24,65.425,1.2162781811234238,0.06644551869323947,1.3076267308113922,-0.9855669678861109,-2.36151,72.0,76.35000000000001,84.0,1.3777000000000001,-0.9641000000000001,0.003,-0.026000000000000002,1.459
2026-07-28 09:56:17.785000-04:00,CRWV,2026-08-21,150.0,C,119,65,0.05,50,491,5,0.12,50,2026-07-28 06:30:01-04:00,5767.0,0.08499999999999999,0.06999999999999999,0.8235294117647058,24,65.425,1.292701566679404,0.06644551869323947,1.3251336545601058,0.012186247343193143,-3.66251,0.11,0.14,5759.0,1.241,0.016,0.0017000000000000001,-0.018600000000000002,0.7454000000000001
2026-07-28 09:56:16.484000-04:00,CRWV,2026-08-21,150.0,P,5,31,82.75,50,5,31,85.8,50,2026-07-28 06:30:18-04:00,120.0,84.275,3.049999999999997,0.036191041234055144,24,65.425,1.292701566679404,0.06644551869323947,1.280288815501413,-0.9904050515020564,-2.36151,78.10000000000001,81.0,120.0,1.6402,-0.9368000000000001,0.004,-0.0608,2.2969
2026-07-28 09:56:17.661000-04:00,CRWV,2026-08-21,155.0,C,11,5,0.02,50,1022,65,0.26,50,2026-07-28 06:30:29-04:00,1542.0,0.14,0.24000000000000002,1.7142857142857142,24,65.425,1.369124952235384,0.06644551869323947,1.4565253568678795,0.017727611853764737,-3.53851,0.07,0.18,1542.0,1.2875,0.015700000000000002,0.0016,-0.0189,0.7327
2026-07-28 09:56:16.360000-04:00,CRWV,2026-08-21,155.0,P,1,11,87.60000000000001,50,1,11,91.9,50,2026-07-28 06:30:01-04:00,0.0,89.75,4.299999999999997,0.04791086350974927,24,65.425,1.369124952235384,0.06644551869323947,1.7894184967150641,-0.9488747746641234,-2.23751,82.55,86.0,0.0,1.5582,-0.9565,0.0031000000000000003,-0.038,1.7077
2026-07-28 09:56:17.786000-04:00,CRWV,2026-08-21,160.0,C,1,5,0.06,50,521,5,0.33,50,2026-07-28 06:30:12-04:00,1854.0,0.195,0.27,1.3846153846153846,24,65.425,1.4455483377913643,0.06644551869323947,1.5681188682143203,0.022521292873990673,-3.66351,0.06,0.2,1860.0,1.3421,0.0162,0.0016,-0.020200000000000003,0.7506
2026-07-28 09:56:16.361000-04:00,CRWV,2026-08-21,160.0,P,1,11,92.60000000000001,50,1,11,96.9,50,2026-07-28 06:30:06-04:00,0.0,94.75,4.299999999999997,0.045382585751978864,24,65.425,1.4455483377913643,0.06644551869323947,1.8462304697865435,-0.9490855327899476,-2.23851,87.60000000000001,90.5,0.0,1.4583000000000002,-0.9737,0.0022,-0.0171,1.1276000000000002
2026-07-28 09:56:18.462000-04:00,CRWV,2026-08-21,165.0,C,26,76,0.01,50,454,65,0.2,50,2026-07-28 06:30:23-04:00,1126.0,0.10500000000000001,0.19,1.8095238095238093,24,65.425,1.5219717233473444,0.06644551869323947,1.4881105797547531,0.01343457030228495,-4.33951,0.05,0.15,1126.0,1.3394000000000001,0.0128,0.0013000000000000002,-0.0164,0.6127
2026-07-28 09:56:16.364000-04:00,CRWV,2026-08-21,165.0,P,5,31,97.75,50,1,11,101.9,50,2026-07-28 06:30:23-04:00,0.0,99.825,4.150000000000006,0.041572752316554024,24,65.425,1.5219717233473444,0.06644551869323947,1.9422987564238425,-0.9443570838038478,-2.24151,92.10000000000001,96.0,0.0,1.5144,-0.9732000000000001,0.0022,-0.0184,1.1464
2026-07-28 09:56:18.102000-04:00,CRWV,2026-08-21,170.0,C,230,42,0.01,50,825,65,0.17,50,2026-07-28 06:30:01-04:00,879.0,0.09000000000000001,0.16,1.7777777777777777,24,65.425,1.5983951089033246,0.06644551869323947,1.5000342581503605,0.011604870718458431,-3.97951,0.04,0.19,878.0,1.3968,0.013600000000000001,0.0013000000000000002,-0.0181,0.6474000000000001
2026-07-28 09:56:16.361000-04:00,CRWV,2026-08-21,170.0,P,1,11,102.60000000000001,50,1,11,106.9,50,2026-07-28 06:30:12-04:00,0.0,104.75,4.299999999999997,0.04105011933174221,24,65.425,1.5983951089033246,0.06644551869323947,1.9545781961232056,-0.9493446502897385,-2.23851,97.60000000000001,100.5,0.0,1.5677,-0.9728,0.0021000000000000003,-0.0196,1.1611
2026-07-28 09:56:18.479000-04:00,CRWV,2026-08-21,175.0,C,38,11,0.02,50,457,65,0.21,50,2026-07-28 06:30:06-04:00,1647.0,0.11499999999999999,0.19,1.6521739130434785,24,65.425,1.6748184944593048,0.06644551869323947,1.5833472792726457,0.013880911790954705,-4.35651,0.02,0.18,1645.0,1.4187,0.0123,0.0012000000000000001,-0.016900000000000002,0.5944
2026-07-28 09:56:16.361000-04:00,CRWV,2026-08-21,175.0,P,1,11,107.60000000000001,50,1,11,111.9,50,2026-07-28 06:30:29-04:00,0.0,109.75,4.299999999999997,0.03917995444191341,24,65.425,1.6748184944593048,0.06644551869323947,2.0063449764476187,-0.9494072718532057,-2.23851,102.10000000000001,106.0,0.0,1.6197000000000001,-0.9723,0.0021000000000000003,-0.020800000000000003,1.1762000000000001
2026-07-28 09:56:18.382000-04:00,CRWV,2026-08-21,180.0,C,42,11,0.01,50,479,5,0.18,50,2026-07-28 06:30:23-04:00,822.0,0.095,0.16999999999999998,1.789473684210526,24,65.425,1.751241880015285,0.06644551869323947,1.5843192071804697,0.011664131177622081,-4.25951,0.02,0.11,821.0,1.3722,0.0079,0.0008,-0.0111,0.403
2026-07-28 09:56:16.360000-04:00,CRWV,2026-08-21,180.0,P,1,11,112.60000000000001,50,1,11,116.9,50,2026-07-28 06:30:23-04:00,0.0,114.75,4.299999999999997,0.037472766884531564,24,65.425,1.751241880015285,0.06644551869323947,2.0566420630088675,-0.9494328103216446,-2.23751,107.55,111.0,0.0,1.822,-0.9566,0.0027,-0.0444,1.703
2026-07-28 09:56:18.027000-04:00,CRWV,2026-08-21,185.0,C,20,11,0.01,50,266,5,0.13,50,2026-07-28 06:30:24-04:00,520.0,0.07,0.12000000000000001,1.7142857142857142,24,65.425,1.827665265571265,0.06644551869323947,1.5649529795224595,0.008917514160004528,-3.90451,0.02,0.38,515.0,1.6238000000000001,0.0205,0.0016,-0.029900000000000003,0.9186000000000001
2026-07-28 09:56:16.361000-04:00,CRWV,2026-08-21,185.0,P,1,11,117.60000000000001,50,1,11,121.9,50,2026-07-28 06:30:23-04:00,0.0,119.75,4.299999999999997,0.03590814196242169,24,65.425,1.827665265571265,0.06644551869323947,2.1055587172422277,-0.949425798994956,-2.23851,112.10000000000001,116.0,0.0,1.7195,-0.9715,0.002,-0.023200000000000002,1.2062000000000002
2026-07-28 09:56:17.051000-04:00,CRWV,2026-08-21,190.0,C,16,11,0.01,50,281,5,0.12,50,2026-07-28 06:30:01-04:00,447.0,0.065,0.11,1.6923076923076923,24,65.425,1.9040886511272452,0.06644551869323947,1.5857295685819686,0.008244499004908912,-2.92851,0.01,0.11,453.0,1.4406,0.0076,0.0007,-0.011300000000000001,0.392
2026-07-28 09:56:16.361000-04:00,CRWV,2026-08-21,190.0,P,1,11,122.60000000000001,50,1,11,126.9,50,2026-07-28 06:30:01-04:00,0.0,124.75,4.299999999999997,0.03446893787575148,24,65.425,1.9040886511272452,0.06644551869323947,2.1531760416792505,-0.9493900787161412,-2.23851,117.60000000000001,120.5,0.0,1.7673,-0.9711000000000001,0.002,-0.0244,1.2206000000000001
2026-07-28 09:56:18.180000-04:00,CRWV,2026-08-21,195.0,C,0,1,0.0,50,482,5,0.11,50,2026-07-28 06:30:30-04:00,114.0,0.055,0.11,2.0,24,65.425,1.9805120366832254,0.06644551869323947,1.5897467370508453,0.007059881134287439,-4.05751,0.01,0.15,114.0,1.5171000000000001,0.0094,0.0009000000000000001,-0.0143,0.4703
2026-07-28 09:56:16.361000-04:00,CRWV,2026-08-21,195.0,P,1,11,127.60000000000001,50,1,11,131.9,50,2026-07-28 06:30:18-04:00,0.0,129.75,4.299999999999997,0.033140655105973006,24,65.425,1.9805120366832254,0.06644551869323947,2.1995679679886324,-0.9493289251582138,-2.23851,122.55,126.0,0.0,1.9633,-0.9563,0.0025,-0.048,1.7123000000000002
2026-07-28 09:56:17.186000-04:00,CRWV,2026-08-21,200.0,C,0,1,0.0,50,1241,65,0.14,50,2026-07-28 06:30:01-04:00,1124.0,0.07,0.14,2.0,24,65.425,2.056935422239205,0.06644551869323947,1.6627528028834895,0.008490700823992675,-3.06351,0.0,0.05,1127.0,1.3531,0.0029000000000000002,0.00030000000000000003,-0.0045000000000000005,0.169
2026-07-28 09:56:16.361000-04:00,CRWV,2026-08-21,200.0,P,1,11,132.6,50,1,11,136.9,50,2026-07-28 06:30:01-04:00,0.0,134.75,4.300000000000011,0.031910946196660565,24,65.425,2.056935422239205,0.06644551869323947,2.2448020967899165,-0.9492451489663372,-2.23851,127.60000000000001,130.5,0.0,1.8603,-0.9702000000000001,0.0019,-0.0268,1.2515
2026-07-28 09:56:17.785000-04:00,CRWV,2026-08-21,210.0,C,1,31,0.01,50,102,5,0.09,50,2026-07-28 06:30:07-04:00,901.0,0.049999999999999996,0.08,1.6,24,65.425,2.2097821933511654,0.06644551869323947,1.6640168805906705,0.006232163311359239,-3.66251,0.0,0.1,901.0,1.5335,0.0061,0.0006000000000000001,-0.0099,0.32280000000000003
2026-07-28 09:56:16.361000-04:00,CRWV,2026-08-21,210.0,P,1,11,142.6,50,1,11,146.9,50,2026-07-28 06:30:12-04:00,0.0,144.75,4.300000000000011,0.029706390328152064,24,65.425,2.2097821933511654,0.06644551869323947,2.3320399163290744,-0.9490191075221955,-2.23851,137.55,141.0,0.0,2.0952,-0.9558000000000001,0.0024000000000000002,-0.051800000000000006,1.7296
2026-07-28 09:56:16.295000-04:00,CRWV,2026-08-28,40.0,C,2,5,25.35,50,3,4,28.1,50,2026-07-28 06:30:15-04:00,0.0,26.725,2.75,0.10289990645463049,31,65.425,-0.38861291555215893,0.0856236008850203,1.41350859225848,0.9198313961596464,-2.17251,,,,,,,,
2026-07-28 09:56:17.761000-04:00,CRWV,2026-08-28,40.0,P,631,5,0.41000000000000003,50,572,5,0.8300000000000001,50,2026-07-28 06:30:10-04:00,3.0,0.6200000000000001,0.42000000000000004,0.6774193548387096,31,65.425,-0.38861291555215893,0.0856236008850203,1.1925348020654236,-0.055531460740417815,-3.63851,,,,,,,,
2026-07-28 09:56:15.413000-04:00,CRWV,2026-08-28,45.0,C,3,5,21.05,50,4,4,23.5,50,2026-07-28 06:30:24-04:00,1.0,22.275,2.4499999999999993,0.1099887766554433,31,65.425,-0.31218952999617877,0.0856236008850203,1.2963643513152365,0.881888123141391,-1.29051,,,,,,,,
2026-07-28 09:56:16.390000-04:00,CRWV,2026-08-28,45.0,P,22,4,1.1500000000000001,50,5,11,1.3800000000000001,50,2026-07-28 06:30:20-04:00,7.0,1.2650000000000001,0.22999999999999998,0.1818181818181818,31,65.425,-0.31218952999617877,0.0856236008850203,1.1729563959157836,-0.10184869112484862,-2.26751,,,,,,,,
2026-07-28 09:56:18.214000-04:00,CRWV,2026-08-28,50.0,C,176,5,17.05,50,375,5,19.0,50,2026-07-28 06:30:24-04:00,4.0,18.025,1.9499999999999993,0.10818307905686543,31,65.425,-0.23576614444019872,0.0856236008850203,1.1889795312606153,0.830408243362571,-4.09151,21.650000000000002,23.05,3.0,1.1063,0.8915000000000001,0.008,-0.0714,3.9007
2026-07-28 09:56:17.024000-04:00,CRWV,2026-08-28,50.0,P,572,5,2.02,50,18,76,2.59,50,2026-07-28 06:30:24-04:00,228.0,2.3049999999999997,0.5699999999999998,0.24728850325379606,31,65.425,-0.23576614444019872,0.0856236008850203,1.1600380612428105,-0.16576146659826163,-2.90151,1.34,1.75,176.0,1.1412,-0.1136,0.008,-0.0709,4.0342
2026-07-28 09:56:17.969000-04:00,CRWV,2026-08-28,55.0,C,5,31,13.700000000000001,50,5,31,15.1,50,2026-07-28 06:30:14-04:00,7.0,14.4,1.3999999999999986,0.09722222222222213,31,65.425,-0.15934275888421856,0.0856236008850203,1.149774142132502,0.755974921283051,-3.84651,17.75,19.150000000000002,7.0,1.0997000000000001,0.8283,0.011000000000000001,-0.09570000000000001,5.3367
2026-07-28 09:56:18.256000-04:00,CRWV,2026-08-28,55.0,P,421,5,3.5500000000000003,50,447,5,4.2,50,2026-07-28 06:30:09-04:00,214.0,3.875,0.6499999999999999,0.16774193548387095,31,65.425,-0.15934275888421856,0.0856236008850203,1.1616851644973099,-0.2451690575578358,-4.13351,2.37,2.9,188.0,1.1268,-0.1754,0.0109,-0.0937,5.412
2026-07-28 09:56:17.920000-04:00,CRWV,2026-08-28,60.0,C,124,5,10.8,50,675,5,12.15,50,2026-07-28 06:30:09-04:00,27.0,11.475000000000001,1.3499999999999996,0.11764705882352937,31,65.425,-0.0829193733282384,0.0856236008850203,1.151380907509395,0.6680930971661331,-3.79751,14.200000000000001,15.55,26.0,1.0756000000000001,0.7544000000000001,0.013900000000000001,-0.11470000000000001,6.5974
2026-07-28 09:56:17.280000-04:00,CRWV,2026-08-28,60.0,P,155,5,5.55,50,157,5,6.1000000000000005,50,2026-07-28 06:30:05-04:00,366.0,5.825,0.5500000000000007,0.09442060085836922,31,65.425,-0.0829193733282384,0.0856236008850203,1.1459440809782229,-0.33173722459823307,-3.15751,3.9,4.2,300.0,1.0998,-0.24810000000000001,0.0137,-0.11180000000000001,6.633900000000001
2026-07-28 09:56:18.399000-04:00,CRWV,2026-08-28,65.0,C,18,60,8.35,50,692,5,9.5,50,2026-07-28 06:30:29-04:00,2.0,8.925,1.1500000000000004,0.12885154061624654,31,65.425,-0.006495987772258238,0.0856236008850203,1.1376731172132848,0.5774660077353867,-4.27651,11.4,12.6,2.0,1.0885,0.6685,0.0159,-0.1328,7.6044
2026-07-28 09:56:18.683000-04:00,CRWV,2026-08-28,65.0,P,314,5,7.9,50,80,65,8.700000000000001,50,2026-07-28 06:30:14-04:00,499.0,8.3,0.8000000000000007,0.09638554216867477,31,65.425,-0.006495987772258238,0.0856236008850203,1.1380501201932047,-0.4225161590538148,-4.56051,5.7,6.5,352.0,1.1012,-0.33190000000000003,0.015700000000000002,-0.1279,7.608700000000001
2026-07-28 09:56:18.275000-04:00,CRWV,2026-08-28,70.0,C,8,76,6.5,50,497,5,7.4,50,2026-07-28 06:30:05-04:00,155.0,6.95,0.9000000000000004,0.1294964028776979,31,65.425,0.06992739778372181,0.0856236008850203,1.141062618018585,0.48957808713598766,-4.15251,8.950000000000001,9.950000000000001,138.0,1.0806,0.5812,0.0172,-0.1414,8.188
2026-07-28 09:56:17.689000-04:00,CRWV,2026-08-28,70.0,P,395,5,10.65,50,86,5,11.700000000000001,50,2026-07-28 06:30:24-04:00,487.0,11.175,1.0500000000000007,0.09395973154362422,31,65.425,0.06992739778372181,0.0856236008850203,1.1238281333785887,-0.5126081633541815,-3.56651,8.15,8.85,394.0,1.0885,-0.4184,0.0171,-0.13540000000000002,8.1866
2026-07-28 09:56:18.439000-04:00,CRWV,2026-08-28,71.0,C,7,76,6.05,50,545,5,7.45,50,2026-07-28 06:30:10-04:00,20.0,6.75,1.4000000000000004,0.20740740740740746,31,65.425,0.08521207489491789,0.0856236008850203,1.1607968668218656,0.47539383811675234,-4.31651,8.5,9.55,4.0,1.0824,0.5639000000000001,0.0173,-0.1426,8.2543
2026-07-28 09:56:17.713000-04:00,CRWV,2026-08-28,71.0,P,377,5,9.6,50,28,11,12.65,50,2026-07-28 06:30:05-04:00,14.0,11.125,3.0500000000000007,0.2741573033707866,31,65.425,0.08521207489491789,0.0856236008850203,1.0322094865294955,-0.5435480265442934,-3.59051,8.4,9.5,13.0,1.0759,-0.4364,0.017400000000000002,-0.1348,8.255600000000001
2026-07-28 09:56:18.673000-04:00,CRWV,2026-08-28,72.0,C,42,11,5.8,50,542,5,6.9,50,2026-07-28 06:30:24-04:00,4.0,6.35,1.1000000000000005,0.173228346456693,31,65.425,0.10049675200611397,0.0856236008850203,1.152300925864035,0.4577325129764106,-4.55051,8.1,9.0,2.0,1.0771,0.5463,0.0175,-0.1427,8.3056
2026-07-28 09:56:18.525000-04:00,CRWV,2026-08-28,72.0,P,393,5,10.4,50,20,11,13.05,50,2026-07-28 06:30:20-04:00,34.0,11.725000000000001,2.6500000000000004,0.2260127931769723,31,65.425,0.10049675200611397,0.0856236008850203,1.0234620710508355,-0.5633954041691844,-4.40251,9.200000000000001,9.950000000000001,20.0,1.0819,-0.45330000000000004,0.017400000000000002,-0.13620000000000002,8.3047
2026-07-28 09:56:18.418000-04:00,CRWV,2026-08-28,73.0,C,279,5,5.3500000000000005,50,684,5,6.5,50,2026-07-28 06:30:29-04:00,40.0,5.925000000000001,1.1499999999999995,0.1940928270042193,31,65.425,0.11578142911731004,0.0856236008850203,1.1384495591277193,0.4392296294581716,-4.29551,7.7,8.6,33.0,1.0783,0.5292,0.0176,-0.1434,8.339500000000001
2026-07-28 09:56:17.679000-04:00,CRWV,2026-08-28,73.0,P,369,5,12.05,50,15,76,13.75,50,2026-07-28 06:30:20-04:00,32.0,12.9,1.6999999999999993,0.13178294573643404,31,65.425,0.11578142911731004,0.0856236008850203,1.0890565626290776,-0.5693184289778024,-3.55651,9.6,10.55,30.0,1.0715000000000001,-0.4713,0.0177,-0.1353,8.3404
2026-07-28 09:56:18.504000-04:00,CRWV,2026-08-28,74.0,C,12,4,5.05,50,495,5,6.1000000000000005,50,2026-07-28 06:30:29-04:00,16.0,5.575,1.0500000000000007,0.18834080717488802,31,65.425,0.1310661062285059,0.0856236008850203,1.1324847861566678,0.4220955737669714,-4.38151,7.25,8.2,13.0,1.074,0.5118,0.0177,-0.1431,8.3583
2026-07-28 09:56:18.576000-04:00,CRWV,2026-08-28,74.0,P,335,5,12.450000000000001,50,49,5,14.450000000000001,50,2026-07-28 06:30:15-04:00,15.0,13.450000000000001,2.0,0.1486988847583643,31,65.425,0.1310661062285059,0.0856236008850203,1.0696728047193176,-0.5897863592535804,-4.45351,10.3,11.200000000000001,15.0,1.0806,-0.4874,0.0176,-0.1366,8.357800000000001
2026-07-28 09:56:17.721000-04:00,CRWV,2026-08-28,75.0,C,16,76,4.95,50,530,5,5.9,50,2026-07-28 06:30:09-04:00,195.0,5.425000000000001,0.9500000000000002,0.1751152073732719,31,65.425,0.14635078333970197,0.0856236008850203,1.1514345045892904,0.40996263823102697,-3.59851,7.15,7.8,193.0,1.0891,0.4968,0.017400000000000002,-0.14500000000000002,8.3617
2026-07-28 09:56:18.576000-04:00,CRWV,2026-08-28,75.0,P,184,5,14.200000000000001,50,79,5,15.15,50,2026-07-28 06:30:04-04:00,258.0,14.675,0.9499999999999993,0.06473594548551954,31,65.425,0.14635078333970197,0.0856236008850203,1.139202235938047,-0.5923848303642893,-4.45351,10.950000000000001,11.85,276.0,1.0844,-0.5037,0.0175,-0.1369,8.361600000000001
2026-07-28 09:56:18.501000-04:00,CRWV,2026-08-28,76.0,C,133,5,4.55,50,501,5,5.75,50,2026-07-28 06:30:24-04:00,22.0,5.15,1.2000000000000002,0.23300970873786409,31,65.425,0.16163546045089805,0.0856236008850203,1.1519311631524203,0.39485295150462363,-4.37851,6.65,7.4,12.0,1.0786,0.47890000000000005,0.0176,-0.1434,8.3504
2026-07-28 09:56:17.660000-04:00,CRWV,2026-08-28,76.0,P,143,5,14.8,50,1,31,15.5,50,2026-07-28 06:30:19-04:00,66.0,15.15,0.6999999999999993,0.04620462046204616,31,65.425,0.16163546045089805,0.0856236008850203,1.105938787173738,-0.6146736743916307,-3.53751,11.5,12.55,65.0,1.0824,-0.5204,0.0175,-0.1363,8.350900000000001
2026-07-28 09:56:17.732000-04:00,CRWV,2026-08-28,77.0,C,146,5,4.3500000000000005,50,585,5,5.0,50,2026-07-28 06:30:14-04:00,80.0,4.675000000000001,0.6499999999999995,0.13903743315508008,31,65.425,0.17692013756209413,0.0856236008850203,1.1231533618663816,0.37379096915684806,-3.60951,6.3,7.1000000000000005,78.0,1.0818,0.4631,0.0175,-0.1433,8.3263
2026-07-28 09:56:18.275000-04:00,CRWV,2026-08-28,77.0,P,245,5,15.6,50,8,69,16.65,50,2026-07-28 06:30:29-04:00,119.0,16.125,1.049999999999999,0.06511627906976737,31,65.425,0.17692013756209413,0.0856236008850203,1.1390250310085797,-0.6227582237412372,-4.15251,12.15,13.200000000000001,119.0,1.0824,-0.5367000000000001,0.0175,-0.13570000000000002,8.326500000000001
2026-07-28 09:56:17.715000-04:00,CRWV,2026-08-28,78.0,C,57,5,4.1,50,500,5,4.95,50,2026-07-28 06:30:29-04:00,12.0,4.525,0.8500000000000005,0.18784530386740342,31,65.425,0.19220481467328998,0.0856236008850203,1.1371922606579459,0.36221266586911316,-3.59251,6.0,6.75,12.0,1.0821,0.44720000000000004,0.017400000000000002,-0.1426,8.2888
2026-07-28 09:56:18.296000-04:00,CRWV,2026-08-28,78.0,P,439,5,14.6,50,58,65,17.5,50,2026-07-28 06:30:14-04:00,59.0,16.05,2.9000000000000004,0.18068535825545173,31,65.425,0.19220481467328998,0.0856236008850203,1.0232681129418089,-0.6653077999217172,-4.17351,12.8,13.85,57.0,1.0806,-0.5529000000000001,0.017400000000000002,-0.13470000000000001,8.2882
2026-07-28 09:56:18.698000-04:00,CRWV,2026-08-28,79.0,C,52,1,3.85,50,18,5,4.45,50,2026-07-28 06:30:04-04:00,22.0,4.15,0.6000000000000001,0.14457831325301207,31,65.425,0.20748949178448606,0.0856236008850203,1.1180423626202036,0.3434081308676533,-4.57551,5.8,6.3500000000000005,20.0,1.0841,0.4319,0.0172,-0.14200000000000002,8.2401
2026-07-28 09:56:17.662000-04:00,CRWV,2026-08-28,79.0,P,464,5,16.1,50,8,73,18.1,50,2026-07-28 06:30:24-04:00,61.0,17.1,2.0,0.11695906432748537,31,65.425,0.20748949178448606,0.0856236008850203,1.0638832936835532,-0.6700152114367693,-3.53951,13.450000000000001,14.55,62.0,1.0806,-0.5686,0.0173,-0.1336,8.2378
2026-07-28 09:56:17.280000-04:00,CRWV,2026-08-28,80.0,C,8,76,3.7,50,102,5,4.2,50,2026-07-28 06:30:14-04:00,158.0,3.95,0.5,0.12658227848101264,31,65.425,0.22277416889568213,0.0856236008850203,1.121800994283033,0.3303124438113173,-3.15751,5.4,6.05,129.0,1.0783,0.41540000000000005,0.0172,-0.14,8.1736
2026-07-28 09:56:17.670000-04:00,CRWV,2026-08-28,80.0,P,236,5,17.8,50,116,5,19.05,50,2026-07-28 06:30:14-04:00,134.0,18.425,1.25,0.06784260515603799,31,65.425,0.22277416889568213,0.0856236008850203,1.1433067409419158,-0.6644206369787076,-3.54751,14.200000000000001,15.200000000000001,140.0,1.0815000000000001,-0.5838,0.0172,-0.1325,8.176400000000001
2026-07-28 09:56:18.564000-04:00,CRWV,2026-08-28,81.0,C,232,5,3.35,50,551,5,4.3500000000000005,50,2026-07-28 06:30:24-04:00,135.0,3.8500000000000005,1.0000000000000004,0.2597402597402598,31,65.425,0.2380588460068782,0.0856236008850203,1.138652456759687,0.3209863912670984,-4.44151,5.05,5.8,134.0,1.0771,0.4001,0.0171,-0.1385,8.098600000000001
2026-07-28 09:56:17.573000-04:00,CRWV,2026-08-28,81.0,P,374,5,17.95,50,80,5,19.7,50,2026-07-28 06:30:19-04:00,13.0,18.825,1.75,0.09296148738379814,31,65.425,0.2380588460068782,0.0856236008850203,1.0875515520919319,-0.6921988710192797,-3.45051,14.8,15.950000000000001,12.0,1.0768,-0.5999,0.0171,-0.13040000000000002,8.0983
2026-07-28 09:56:18.468000-04:00,CRWV,2026-08-28,82.0,C,301,5,3.15,50,589,5,4.0,50,2026-07-28 06:30:29-04:00,24.0,3.575,0.8500000000000001,0.2377622377622378,31,65.425,0.2533435231180743,0.0856236008850203,1.1284537860051727,0.3052704978352161,-4.34551,4.75,5.5,20.0,1.0742,0.38470000000000004,0.016900000000000002,-0.1366,8.0104
2026-07-28 09:56:17.660000-04:00,CRWV,2026-08-28,82.0,P,181,5,17.8,50,5,11,20.650000000000002,50,2026-07-28 06:30:14-04:00,77.0,19.225,2.8500000000000014,0.14824447334200266,31,65.425,0.2533435231180743,0.0856236008850203,1.0265636811655443,-0.722788544099016,-3.53751,15.35,16.75,75.0,1.0718,-0.6157,0.017,-0.12810000000000002,8.007200000000001
2026-07-28 09:56:17.526000-04:00,CRWV,2026-08-28,83.0,C,22,69,3.1,50,215,5,3.5500000000000003,50,2026-07-28 06:30:09-04:00,69.0,3.325,0.4500000000000002,0.1353383458646617,31,65.425,0.26862820022927014,0.0856236008850203,1.120061360173243,0.2902801981697974,-3.40351,4.5,5.2,69.0,1.0733000000000001,0.37,0.0167,-0.1348,7.914300000000001
2026-07-28 09:56:16.483000-04:00,CRWV,2026-08-28,83.0,P,13,4,19.55,50,8,11,21.400000000000002,50,2026-07-28 06:30:04-04:00,8.0,20.475,1.8500000000000014,0.09035409035409042,31,65.425,0.26862820022927014,0.0856236008850203,1.0945966024398903,-0.7166638815442674,-2.36051,16.0,17.45,9.0,1.0636,-0.6321,0.016900000000000002,-0.12510000000000002,7.898700000000001
2026-07-28 09:56:17.280000-04:00,CRWV,2026-08-28,84.0,C,262,65,2.85,50,744,5,3.75,50,2026-07-28 06:30:09-04:00,108.0,3.3,0.8999999999999999,0.2727272727272727,31,65.425,0.2839128773404662,0.0856236008850203,1.1446604861719325,0.28456730069360864,-3.15751,4.25,4.8500000000000005,28.0,1.067,0.3543,0.0166,-0.132,7.7986
2026-07-28 09:56:17.500000-04:00,CRWV,2026-08-28,84.0,P,7,11,20.25,50,6,76,22.25,50,2026-07-28 06:30:04-04:00,49.0,21.25,2.0,0.09411764705882353,31,65.425,0.2839128773404662,0.0856236008850203,1.0880324332528355,-0.7310392899808793,-3.37751,17.0,18.1,50.0,1.0745,-0.6438,0.0165,-0.12480000000000001,7.8125
2026-07-28 09:56:17.783000-04:00,CRWV,2026-08-28,85.0,C,571,5,2.57,50,1,60,3.1,50,2026-07-28 06:30:19-04:00,178.0,2.835,0.5300000000000002,0.18694885361552038,31,65.425,0.2991975544516623,0.0856236008850203,1.098965609285288,0.2599661791254002,-3.66051,4.0,4.65,151.0,1.068,0.3408,0.016300000000000002,-0.1302,7.6871
2026-07-28 09:56:16.368000-04:00,CRWV,2026-08-28,85.0,P,12,4,21.3,50,5,76,23.05,50,2026-07-28 06:30:24-04:00,142.0,22.175,1.75,0.07891770011273957,31,65.425,0.2991975544516623,0.0856236008850203,1.1038278356292537,-0.7386521960123384,-2.24551,17.5,19.0,125.0,1.0668,-0.6594,0.016300000000000002,-0.1216,7.6846000000000005
2026-07-28 09:56:17.782000-04:00,CRWV,2026-08-28,86.0,C,487,65,2.42,50,603,5,3.35,50,2026-07-28 06:30:29-04:00,34.0,2.885,0.9300000000000002,0.32235701906412484,31,65.425,0.31448223156285837,0.0856236008850203,1.1336179064053524,0.25815128003096094,-3.65951,3.8000000000000003,4.4,31.0,1.0692000000000002,0.3276,0.0161,-0.1283,7.569
2026-07-28 09:56:16.326000-04:00,CRWV,2026-08-28,86.0,P,7,4,21.5,50,5,31,23.85,50,2026-07-28 06:30:09-04:00,21.0,22.675,2.3500000000000014,0.10363836824696808,31,65.425,0.31448223156285837,0.0856236008850203,1.0479097624280125,-0.7667686560292033,-2.20351,18.35,19.7,19.0,1.067,-0.6729,0.0161,-0.1194,7.563700000000001
2026-07-28 09:56:17.711000-04:00,CRWV,2026-08-28,87.0,C,6,11,2.32,50,26,4,3.15,50,2026-07-28 06:30:19-04:00,70.0,2.735,0.8300000000000001,0.303473491773309,31,65.425,0.3297669086740542,0.0856236008850203,1.135039999579672,0.24741891874645888,-3.58851,3.6,4.2,72.0,1.0712000000000002,0.3151,0.0158,-0.1264,7.4472000000000005
2026-07-28 09:56:18.429000-04:00,CRWV,2026-08-28,87.0,P,7,4,22.35,50,5,31,24.85,50,2026-07-28 06:30:09-04:00,31.0,23.6,2.5,0.1059322033898305,31,65.425,0.3297669086740542,0.0856236008850203,1.0607801460013004,-0.7742487268320724,-4.30651,19.1,20.6,30.0,1.0736,-0.6842,0.0158,-0.1182,7.4534
2026-07-28 09:56:18.532000-04:00,CRWV,2026-08-28,88.0,C,7,31,2.22,50,16,4,3.5,50,2026-07-28 06:30:04-04:00,77.0,2.8600000000000003,1.2799999999999998,0.44755244755244744,31,65.425,0.3450515857852503,0.0856236008850203,1.181020719367211,0.2495408490411522,-4.40951,3.5,4.0,77.0,1.0791,0.3045,0.0154,-0.1255,7.3375
2026-07-28 09:56:17.988000-04:00,CRWV,2026-08-28,88.0,P,41,5,23.25,50,18,5,25.8,50,2026-07-28 06:30:24-04:00,57.0,24.525,2.5500000000000007,0.10397553516819576,31,65.425,0.3450515857852503,0.0856236008850203,1.0727720712185709,-0.781542797488866,-3.86551,19.45,21.55,53.0,1.0545,-0.7021000000000001,0.015600000000000001,-0.1126,7.264
2026-07-28 09:56:17.223000-04:00,CRWV,2026-08-28,89.0,C,7,31,2.08,50,28,4,3.0,50,2026-07-28 06:30:14-04:00,71.0,2.54,0.9199999999999999,0.3622047244094488,31,65.425,0.3603362628964464,0.0856236008850203,1.1520032838392111,0.2311454889039205,-3.10051,3.25,3.8000000000000003,71.0,1.0745,0.29100000000000004,0.0152,-0.1223,7.1866
2026-07-28 09:56:15.410000-04:00,CRWV,2026-08-28,89.0,P,9,4,23.55,50,4,5,26.650000000000002,50,2026-07-28 06:30:09-04:00,22.0,25.1,3.1000000000000014,0.12350597609561757,31,65.425,0.3603362628964464,0.0856236008850203,1.0188714140648525,-0.8085679170997628,-1.28751,20.650000000000002,22.400000000000002,22.0,1.0847,-0.7061000000000001,0.0151,-0.11520000000000001,7.2189000000000005
2026-07-28 09:56:17.185000-04:00,CRWV,2026-08-28,90.0,C,255,65,2.0,50,595,5,2.58,50,2026-07-28 06:30:24-04:00,446.0,2.29,0.5800000000000001,0.2532751091703057,31,65.425,0.37562094000764246,0.0856236008850203,1.1321057683341444,0.21546500166039434,-3.06251,3.0,3.5500000000000003,431.0,1.0657,0.2766,0.0149,-0.1184,7.013800000000001
2026-07-28 09:56:17.592000-04:00,CRWV,2026-08-28,90.0,P,120,5,25.900000000000002,50,85,5,27.400000000000002,50,2026-07-28 06:30:04-04:00,77.0,26.650000000000002,1.5,0.05628517823639775,31,65.425,0.37562094000764246,0.0856236008850203,1.1438073433526252,-0.7811660150688353,-3.46951,21.5,22.75,75.0,1.0551000000000001,-0.7264,0.015000000000000001,-0.1076,6.9759
2026-07-28 09:56:17.786000-04:00,CRWV,2026-08-28,91.0,C,373,65,1.81,50,591,5,2.5,50,2026-07-28 06:30:19-04:00,198.0,2.1550000000000002,0.69,0.3201856148491879,31,65.425,0.39090561711883853,0.0856236008850203,1.1307620329206969,0.2054456678421751,-3.66351,2.84,3.4,197.0,1.0695000000000001,0.2661,0.0146,-0.1165,6.88
2026-07-28 09:56:16.615000-04:00,CRWV,2026-08-28,91.0,P,7,11,26.150000000000002,50,7,11,28.150000000000002,50,2026-07-28 06:30:29-04:00,4.0,27.150000000000002,2.0,0.07366482504604051,31,65.425,0.39090561711883853,0.0856236008850203,1.0750575015677373,-0.8110189797104492,-2.49251,22.2,23.6,4.0,1.0490000000000002,-0.7398,0.014700000000000001,-0.1039,6.800400000000001
2026-07-28 09:56:16.534000-04:00,CRWV,2026-08-28,92.0,C,16,11,1.74,50,19,11,2.85,50,2026-07-28 06:30:14-04:00,62.0,2.295,1.11,0.4836601307189543,31,65.425,0.4061902942300344,0.0856236008850203,1.1789582749958212,0.20995579970278894,-2.41151,2.66,3.25,61.0,1.0692000000000002,0.2548,0.0143,-0.1139,6.728000000000001
2026-07-28 09:56:16.298000-04:00,CRWV,2026-08-28,92.0,P,5,4,26.7,50,3,5,29.3,50,2026-07-28 06:30:29-04:00,9.0,28.0,2.6000000000000014,0.0928571428571429,31,65.425,0.4061902942300344,0.0856236008850203,1.0681027775193055,-0.8223630707486108,-2.17551,23.05,24.95,10.0,1.0888,-0.7394000000000001,0.0142,-0.1081,6.805700000000001
2026-07-28 09:56:18.482000-04:00,CRWV,2026-08-28,93.0,C,34,69,1.62,50,792,5,3.0500000000000003,50,2026-07-28 06:30:19-04:00,46.0,2.335,1.4300000000000002,0.6124197002141328,31,65.425,0.42147497134123046,0.0856236008850203,1.2085759963211133,0.20930997530996354,-4.35951,2.5100000000000002,3.0500000000000003,46.0,1.0677,0.24350000000000002,0.014,-0.111,6.5681
2026-07-28 09:56:15.411000-04:00,CRWV,2026-08-28,93.0,P,5,4,27.75,50,3,5,30.25,50,2026-07-28 06:30:09-04:00,7.0,29.0,2.5,0.08620689655172414,31,65.425,0.42147497134123046,0.0856236008850203,1.090157690111022,-0.8246438509339227,-1.28851,23.85,25.650000000000002,8.0,1.0762,-0.7539,0.013900000000000001,-0.1032,6.6044
2026-07-28 09:56:16.799000-04:00,CRWV,2026-08-28,94.0,C,9,76,1.58,50,18,4,2.89,50,2026-07-28 06:30:04-04:00,122.0,2.2350000000000003,1.31,0.5861297539149888,31,65.425,0.43675964845242654,0.0856236008850203,1.2121288889118966,0.2017003659669664,-2.67651,2.36,2.89,121.0,1.0663,0.2326,0.013600000000000001,-0.108,6.4051
2026-07-28 09:56:15.410000-04:00,CRWV,2026-08-28,94.0,P,6,4,28.8,50,3,5,31.150000000000002,50,2026-07-28 06:30:24-04:00,17.0,29.975,2.3500000000000014,0.0783986655546289,31,65.425,0.43675964845242654,0.0856236008850203,1.1067235383144856,-0.8282964751340377,-1.28751,25.05,26.55,16.0,1.1078000000000001,-0.7551,0.0135,-0.1061,6.5873
2026-07-28 09:56:18.158000-04:00,CRWV,2026-08-28,95.0,C,584,5,1.37,50,577,5,1.8900000000000001,50,2026-07-28 06:30:19-04:00,342.0,1.6300000000000001,0.52,0.31901840490797545,31,65.425,0.4520443255636226,0.0856236008850203,1.1141669960118077,0.16567142233639115,-4.03551,2.22,2.75,319.0,1.0668,0.22260000000000002,0.013300000000000001,-0.10550000000000001,6.2496
2026-07-28 09:56:18.705000-04:00,CRWV,2026-08-28,95.0,P,323,5,28.8,50,12,11,31.75,50,2026-07-28 06:30:29-04:00,40.0,30.275,2.9499999999999993,0.09744013212221303,31,65.425,0.4520443255636226,0.0856236008850203,0.9681456305638069,-0.8777630774955916,-4.58251,25.400000000000002,27.45,47.0,1.0721,-0.7757000000000001,0.013300000000000001,-0.097,6.2748
2026-07-28 09:56:18.698000-04:00,CRWV,2026-08-28,96.0,C,329,65,1.36,50,631,5,1.8900000000000001,50,2026-07-28 06:30:04-04:00,132.0,1.625,0.53,0.3261538461538462,31,65.425,0.46732900267481847,0.0856236008850203,1.1332784377868712,0.16328097159067212,-4.57551,2.23,2.5500000000000003,100.0,1.0745,0.2152,0.0129,-0.1041,6.1283
2026-07-28 09:56:16.326000-04:00,CRWV,2026-08-28,96.0,P,5,4,29.900000000000002,50,5,31,32.8,50,2026-07-28 06:30:29-04:00,6.0,31.35,2.899999999999995,0.09250398724082919,31,65.425,0.46732900267481847,0.0856236008850203,1.0069761631688292,-0.8735616832629554,-2.20351,26.3,28.5,33.0,1.0917000000000001,-0.7795000000000001,0.0129,-0.09770000000000001,6.2128000000000005
2026-07-28 09:56:17.661000-04:00,CRWV,2026-08-28,97.0,C,15,73,1.28,50,308,5,2.31,50,2026-07-28 06:30:19-04:00,37.0,1.795,1.03,0.5738161559888579,31,65.425,0.48261367978601455,0.0856236008850203,1.1886963976798006,0.17123935073493474,-3.53851,1.97,2.44,29.0,1.0645,0.2028,0.0126,-0.09960000000000001,5.9175
2026-07-28 09:56:15.410000-04:00,CRWV,2026-08-28,97.0,P,5,4,31.5,50,3,5,33.75,50,2026-07-28 06:30:14-04:00,29.0,32.625,2.25,0.06896551724137931,31,65.425,0.48261367978601455,0.0856236008850203,1.092810031035732,-0.8558504521314849,-1.28751,27.2,29.25,36.0,1.0844,-0.7911,0.0126,-0.0936,6.021
2026-07-28 09:56:16.976000-04:00,CRWV,2026-08-28,98.0,C,439,65,1.1300000000000001,50,456,65,2.21,50,2026-07-28 06:30:09-04:00,117.0,1.67,1.0799999999999998,0.6467065868263473,31,65.425,0.4978983568972106,0.0856236008850203,1.182224712083124,0.16206092856309756,-2.85351,1.92,2.29,116.0,1.0683,0.19490000000000002,0.0123,-0.0976,5.7774
2026-07-28 09:56:18.275000-04:00,CRWV,2026-08-28,98.0,P,124,5,32.6,50,6,7,34.5,50,2026-07-28 06:30:24-04:00,58.0,33.55,1.8999999999999986,0.05663189269746643,31,65.425,0.4978983568972106,0.0856236008850203,1.0949452558294608,-0.8624025477249452,-4.15251,28.05,30.150000000000002,8.0,1.0859,-0.7997000000000001,0.0123,-0.091,5.8719
2026-07-28 09:56:18.680000-04:00,CRWV,2026-08-28,99.0,C,305,5,1.04,50,503,65,2.43,50,2026-07-28 06:30:19-04:00,82.0,1.735,1.3900000000000001,0.8011527377521614,31,65.425,0.5131830340084067,0.0856236008850203,1.2153088711048905,0.16399265529935414,-4.55751,1.74,2.2800000000000002,80.0,1.073,0.18760000000000002,0.0119,-0.09570000000000001,5.6437
2026-07-28 09:56:17.345000-04:00,CRWV,2026-08-28,99.0,P,4,4,33.5,50,5,31,35.7,50,2026-07-28 06:30:29-04:00,6.0,34.6,2.200000000000003,0.06358381502890181,31,65.425,0.5131830340084067,0.0856236008850203,1.1261141079496588,-0.8605493717693176,-3.22251,29.0,31.0,4.0,1.0897000000000001,-0.8073,0.0119,-0.0889,5.736000000000001
2026-07-28 09:56:17.297000-04:00,CRWV,2026-08-28,100.0,C,776,5,1.0,50,600,5,1.41,50,2026-07-28 06:30:19-04:00,356.0,1.205,0.4099999999999999,0.34024896265560156,31,65.425,0.5284677111196026,0.0856236008850203,1.113234347293839,0.12924611469474157,-3.17451,1.6500000000000001,2.18,344.0,1.0748,0.1797,0.011600000000000001,-0.09330000000000001,5.495
2026-07-28 09:56:16.411000-04:00,CRWV,2026-08-28,100.0,P,11,4,34.300000000000004,50,5,31,36.45,50,2026-07-28 06:30:29-04:00,78.0,35.375,2.1499999999999986,0.06077738515901056,31,65.425,0.5284677111196026,0.0856236008850203,1.0897770009117107,-0.8772242235272303,-2.28851,30.25,32.0,62.0,1.1312,-0.8035,0.011600000000000001,-0.09380000000000001,5.805400000000001
2026-07-28 09:56:17.703000-04:00,CRWV,2026-08-28,105.0,C,15,76,0.8300000000000001,50,1,5,1.0,50,2026-07-28 06:30:14-04:00,185.0,0.915,0.16999999999999993,0.18579234972677588,31,65.425,0.6048910966755827,0.0856236008850203,1.1203719728281478,0.10213041791022981,-3.58051,1.25,1.59,161.0,1.0712000000000002,0.1413,0.0099,-0.0794,4.696000000000001
2026-07-28 09:56:16.327000-04:00,CRWV,2026-08-28,105.0,P,3,4,38.9,50,5,31,41.15,50,2026-07-28 06:30:09-04:00,49.0,40.025,2.25,0.05621486570893192,31,65.425,0.6048910966755827,0.0856236008850203,1.078506019495876,-0.9084505863258587,-2.20451,34.65,36.85,22.0,1.1627,-0.8324,0.0102,-0.08600000000000001,5.2557
2026-07-28 09:56:17.486000-04:00,CRWV,2026-08-28,110.0,C,373,5,0.56,50,641,5,0.91,50,2026-07-28 06:30:05-04:00,203.0,0.7350000000000001,0.35,0.4761904761904761,31,65.425,0.6813144822315629,0.0856236008850203,1.140430451994688,0.08367597239268243,-3.36351,1.0,1.19,167.0,1.0783,0.1129,0.008400000000000001,-0.0683,4.0173000000000005
2026-07-28 09:56:15.410000-04:00,CRWV,2026-08-28,110.0,P,4,4,43.15,50,2,4,45.800000000000004,50,2026-07-28 06:30:24-04:00,29.0,44.475,2.6500000000000057,0.05958403597526713,31,65.425,0.6813144822315629,0.0856236008850203,0.9229886557971568,-0.9622298967348919,-1.28751,39.050000000000004,41.4,31.0,1.1418000000000001,-0.8697,0.0088,-0.069,4.4404
2026-07-28 09:56:17.602000-04:00,CRWV,2026-08-28,115.0,C,16,11,0.46,50,642,5,0.6900000000000001,50,2026-07-28 06:30:19-04:00,116.0,0.5750000000000001,0.23000000000000004,0.4,31,65.425,0.757737867787543,0.0856236008850203,1.1514045705060036,0.06728215645764019,-3.47951,0.72,0.91,106.0,1.0765,0.08800000000000001,0.007,-0.0568,3.349
2026-07-28 09:56:16.391000-04:00,CRWV,2026-08-28,115.0,P,3,4,48.0,50,5,31,51.2,50,2026-07-28 06:30:19-04:00,19.0,49.6,3.200000000000003,0.06451612903225812,31,65.425,0.757737867787543,0.0856236008850203,1.066003361575823,-0.9497268391884911,-2.26851,43.4,46.4,18.0,1.1449,-0.8947,0.007500000000000001,-0.0574,3.8173000000000004
2026-07-28 09:56:17.643000-04:00,CRWV,2026-08-28,120.0,C,704,5,0.32,50,185,65,0.55,50,2026-07-28 06:30:19-04:00,378.0,0.43500000000000005,0.23000000000000004,0.5287356321839081,31,65.425,0.8341612533435232,0.0856236008850203,1.153633142085422,0.05273685823668625,-3.52051,0.5,0.72,330.0,1.0777,0.0688,0.0058000000000000005,-0.0472,2.7789
2026-07-28 09:56:16.327000-04:00,CRWV,2026-08-28,120.0,P,3,4,52.9,50,5,31,55.85,50,2026-07-28 06:30:29-04:00,11.0,54.375,2.950000000000003,0.054252873563218444,31,65.425,0.8341612533435232,0.0856236008850203,0.9919071759884077,-0.9734439909817633,-2.20451,48.050000000000004,51.300000000000004,5.0,1.1541000000000001,-0.9137000000000001,0.006500000000000001,-0.048,3.2979000000000003
2026-07-28 09:56:17.703000-04:00,CRWV,2026-08-28,125.0,C,1,1,0.26,50,695,5,0.79,50,2026-07-28 06:30:14-04:00,109.0,0.525,0.53,1.0095238095238095,31,65.425,0.9105846388995034,0.0856236008850203,1.2555844905101314,0.058217417229988515,-3.58051,0.45,0.56,110.0,1.097,0.0572,0.0049,-0.041600000000000005,2.407
2026-07-28 09:56:15.410000-04:00,CRWV,2026-08-28,125.0,P,3,4,57.800000000000004,50,3,5,60.9,50,2026-07-28 06:30:04-04:00,0.0,59.35,3.0999999999999943,0.05223251895534953,31,65.425,0.9105846388995034,0.0856236008850203,1.0373733864069528,-0.975621688421193,-1.28751,53.45,56.300000000000004,0.0,1.2827,-0.9029,0.0063,-0.060200000000000004,3.5976000000000004
2026-07-28 09:56:17.594000-04:00,CRWV,2026-08-28,130.0,C,448,65,0.19,50,419,65,0.42,50,2026-07-28 06:30:09-04:00,278.0,0.305,0.22999999999999998,0.7540983606557377,31,65.425,0.9870080244554835,0.0856236008850203,1.19515528809011,0.03757307856987914,-3.47151,0.33,0.45,265.0,1.1042,0.0459,0.0041,-0.0351,2.0197000000000003
2026-07-28 09:56:16.295000-04:00,CRWV,2026-08-28,130.0,P,3,5,62.75,50,3,5,66.65,50,2026-07-28 06:30:05-04:00,32.0,64.7,3.9000000000000057,0.06027820710973733,31,65.425,0.9870080244554835,0.0856236008850203,1.3156391972473123,-0.9432847266638296,-2.17251,57.65,61.2,32.0,1.2041,-0.9354,0.0049,-0.037200000000000004,2.6435
2026-07-28 09:56:15.410000-04:00,CRWV,2026-09-04,40.0,C,3,5,24.95,50,3,5,28.400000000000002,50,2026-07-28 06:30:05-04:00,0.0,26.675,3.450000000000003,0.12933458294283046,38,65.425,-0.38861291555215893,0.10480168307680111,1.2540051114177533,0.9228355017051028,-1.28751,,,,,,,,
2026-07-28 09:56:18.667000-04:00,CRWV,2026-09-04,40.0,P,679,5,0.46,50,652,5,1.1400000000000001,50,2026-07-28 06:30:29-04:00,16.0,0.8,0.6800000000000002,0.8500000000000002,38,65.425,-0.38861291555215893,0.10480168307680111,1.1504912888182937,-0.06456435792211512,-4.54451,,,,,,,,
2026-07-28 09:56:16.374000-04:00,CRWV,2026-09-04,45.0,C,6,11,20.95,50,5,31,23.85,50,2026-07-28 06:30:10-04:00,0.0,22.4,2.900000000000002,0.1294642857142858,38,65.425,-0.31218952999617877,0.10480168307680111,1.1955051365425216,0.8790746502985021,-2.25151,,,,,,,,
2026-07-28 09:56:18.624000-04:00,CRWV,2026-09-04,45.0,P,526,5,1.19,50,644,5,2.0100000000000002,50,2026-07-28 06:30:05-04:00,3.0,1.6,0.8200000000000003,0.5125000000000002,38,65.425,-0.31218952999617877,0.10480168307680111,1.146870726652442,-0.11430903852378216,-4.50151,,,,,,,,
2026-07-28 09:56:18.588000-04:00,CRWV,2026-09-04,50.0,C,99,5,17.25,50,358,5,19.7,50,2026-07-28 06:30:29-04:00,0.0,18.475,2.4499999999999993,0.1326116373477672,38,65.425,-0.23576614444019872,0.10480168307680111,1.1526410537737108,0.8205347291201293,-4.46551,22.2,23.7,0.0,1.1271,0.8725,0.008,-0.0736,4.8287
2026-07-28 09:56:18.259000-04:00,CRWV,2026-09-04,50.0,P,706,5,1.95,50,3,7,3.0,50,2026-07-28 06:30:15-04:00,68.0,2.475,1.05,0.42424242424242425,38,65.425,-0.23576614444019872,0.10480168307680111,1.0822631585317664,-0.17015878629171066,-4.13651,1.68,2.27,66.0,1.1278000000000001,-0.1275,0.0079,-0.0687,4.831300000000001
2026-07-28 09:56:15.414000-04:00,CRWV,2026-09-04,55.0,C,3,5,13.6,50,3,5,15.700000000000001,50,2026-07-28 06:30:10-04:00,0.0,14.65,2.1000000000000014,0.14334470989761103,38,65.425,-0.15934275888421856,0.10480168307680111,1.0731115458069957,0.7531201246458605,-1.29151,17.05,20.25,0.0,1.0250000000000001,0.8244,0.0108,-0.0825,5.977
2026-07-28 09:56:16.814000-04:00,CRWV,2026-09-04,55.0,P,311,65,2.81,50,6,11,4.9,50,2026-07-28 06:30:05-04:00,43.0,3.8550000000000004,2.0900000000000003,0.5421530479896239,38,65.425,-0.15934275888421856,0.10480168307680111,1.0491143642468874,-0.24442560174243633,-2.69151,2.48,3.6,27.0,1.09,-0.1847,0.0105,-0.08460000000000001,6.1715
2026-07-28 09:56:18.543000-04:00,CRWV,2026-09-04,60.0,C,756,5,10.6,50,629,5,12.950000000000001,50,2026-07-28 06:30:15-04:00,0.0,11.775,2.3500000000000014,0.19957537154989397,38,65.425,-0.0829193733282384,0.10480168307680111,1.076807264984283,0.6677037900650341,-4.42051,14.950000000000001,16.4,0.0,1.0791,0.7441,0.0128,-0.1066,7.4432
2026-07-28 09:56:16.349000-04:00,CRWV,2026-09-04,60.0,P,5,76,4.7,50,5,31,7.15,50,2026-07-28 06:30:10-04:00,35.0,5.925000000000001,2.45,0.41350210970464135,38,65.425,-0.0829193733282384,0.10480168307680111,1.0513232417543044,-0.3315121566297691,-2.22651,4.3,4.8500000000000005,22.0,1.0689,-0.2549,0.0129,-0.0995,7.4289000000000005
2026-07-28 09:56:16.420000-04:00,CRWV,2026-09-04,65.0,C,712,5,8.3,50,811,5,11.450000000000001,50,2026-07-28 06:30:29-04:00,2.0,9.875,3.1500000000000004,0.31898734177215193,38,65.425,-0.006495987772258238,0.10480168307680111,1.1407016853400676,0.5841989210597598,-2.29751,11.9,13.3,0.0,1.0545,0.6668000000000001,0.0148,-0.11710000000000001,8.411900000000001
2026-07-28 09:56:17.661000-04:00,CRWV,2026-09-04,65.0,P,653,5,6.65,50,5,9,9.15,50,2026-07-28 06:30:15-04:00,93.0,7.9,2.5,0.3164556962025316,38,65.425,-0.006495987772258238,0.10480168307680111,0.9834520096973202,-0.4239995290118178,-3.53851,5.7,7.1000000000000005,88.0,1.0358,-0.3325,0.0151,-0.1086,8.406
2026-07-28 09:56:18.808000-04:00,CRWV,2026-09-04,70.0,C,10,60,6.95,50,481,5,8.15,50,2026-07-28 06:30:05-04:00,4.0,7.550000000000001,1.2000000000000002,0.15894039735099338,38,65.425,0.06992739778372181,0.10480168307680111,1.1003245016580687,0.4996381395907299,-4.68551,9.3,10.9,0.0,1.0484,0.5852,0.016,-0.12430000000000001,9.0196
2026-07-28 09:56:16.628000-04:00,CRWV,2026-09-04,70.0,P,462,5,10.55,50,225,5,12.65,50,2026-07-28 06:30:20-04:00,42.0,11.600000000000001,2.0999999999999996,0.18103448275862064,38,65.425,0.06992739778372181,0.10480168307680111,1.0698203700541993,-0.5043678633057704,-2.50551,8.1,9.8,34.0,1.0387,-0.4151,0.0162,-0.1163,9.0218
2026-07-28 09:56:18.910000-04:00,CRWV,2026-09-04,71.0,C,343,65,6.25,50,659,5,8.8,50,2026-07-28 06:30:10-04:00,5.0,7.525,2.5500000000000007,0.33887043189368776,38,65.425,0.08521207489491789,0.10480168307680111,1.1390137875560153,0.48921689629120435,-4.78751,8.15,10.450000000000001,0.0,1.0088000000000001,0.5665,0.016800000000000002,-0.1208,9.102500000000001
2026-07-28 09:56:17.787000-04:00,CRWV,2026-09-04,71.0,P,586,5,11.25,50,257,5,13.25,50,2026-07-28 06:30:05-04:00,37.0,12.25,2.0,0.16326530612244897,38,65.425,0.08521207489491789,0.10480168307680111,1.0704445352292804,-0.5206054109988913,-3.66451,7.9,10.450000000000001,34.0,1.0018,-0.4338,0.016900000000000002,-0.1129,9.1042
2026-07-28 09:56:18.712000-04:00,CRWV,2026-09-04,72.0,C,387,65,6.05,50,674,5,7.95,50,2026-07-28 06:30:24-04:00,13.0,7.0,1.9000000000000004,0.27142857142857146,38,65.425,0.10049675200611397,0.10480168307680111,1.1168137433918095,0.47069911935862485,-4.58951,8.6,9.950000000000001,0.0,1.052,0.5532,0.0162,-0.1263,9.148900000000001
2026-07-28 09:56:17.699000-04:00,CRWV,2026-09-04,72.0,P,210,42,11.0,50,335,5,14.15,50,2026-07-28 06:30:20-04:00,14.0,12.575,3.1500000000000004,0.25049701789264417,38,65.425,0.10049675200611397,0.10480168307680111,1.030639360345545,-0.5432887971114005,-3.57651,9.5,10.65,14.0,1.0378,-0.44780000000000003,0.0164,-0.11760000000000001,9.1523
2026-07-28 09:56:16.973000-04:00,CRWV,2026-09-04,73.0,C,9,69,5.65,50,33,42,7.65,50,2026-07-28 06:30:24-04:00,0.0,6.65,2.0,0.3007518796992481,38,65.425,0.11578142911731004,0.10480168307680111,1.1136719115600098,0.4550164802248915,-2.85051,7.8,9.5,0.0,1.0289000000000001,0.5351,0.0166,-0.1242,9.195400000000001
2026-07-28 09:56:17.786000-04:00,CRWV,2026-09-04,73.0,P,324,5,11.55,50,82,5,14.9,50,2026-07-28 06:30:15-04:00,10.0,13.225000000000001,3.3499999999999996,0.25330812854442336,38,65.425,0.11578142911731004,0.10480168307680111,1.0275572237559711,-0.560214412220932,-3.66351,9.65,11.9,6.0,1.05,-0.4627,0.016300000000000002,-0.1193,9.1912
2026-07-28 09:56:16.417000-04:00,CRWV,2026-09-04,74.0,C,726,5,5.05,50,733,5,7.3,50,2026-07-28 06:30:05-04:00,0.0,6.175,2.25,0.3643724696356275,38,65.425,0.1310661062285059,0.10480168307680111,1.0939106486211039,0.43647480602536265,-2.29451,7.8,9.35,0.0,1.0629,0.5228,0.0161,-0.12840000000000001,9.2162
2026-07-28 09:56:17.666000-04:00,CRWV,2026-09-04,74.0,P,397,5,12.55,50,144,5,15.6,50,2026-07-28 06:30:24-04:00,1.0,14.075,3.049999999999999,0.21669626998223795,38,65.425,0.1310661062285059,0.10480168307680111,1.0467756069034222,-0.572489687610534,-3.54351,10.8,12.0,1.0,1.0528,-0.4782,0.016300000000000002,-0.1199,9.217600000000001
2026-07-28 09:56:19.031000-04:00,CRWV,2026-09-04,75.0,C,440,5,5.0,50,697,5,7.55,50,2026-07-28 06:30:20-04:00,43.0,6.275,2.55,0.40637450199203184,38,65.425,0.14635078333970197,0.10480168307680111,1.1415810971758662,0.4307573831725727,-4.90851,6.1000000000000005,9.0,11.0,0.9933000000000001,0.4985,0.0173,-0.1203,9.231300000000001
2026-07-28 09:56:17.601000-04:00,CRWV,2026-09-04,75.0,P,361,5,14.1,50,1,6,15.85,50,2026-07-28 06:30:29-04:00,31.0,14.975,1.75,0.11686143572621036,38,65.425,0.14635078333970197,0.10480168307680111,1.0706175942330887,-0.5830660528457987,-3.47851,10.450000000000001,12.55,5.0,0.9965,-0.501,0.0172,-0.11320000000000001,9.231300000000001
2026-07-28 09:56:16.417000-04:00,CRWV,2026-09-04,76.0,C,623,5,4.8500000000000005,50,662,5,6.7,50,2026-07-28 06:30:15-04:00,20.0,5.775,1.8499999999999996,0.32034632034632027,38,65.425,0.16163546045089805,0.10480168307680111,1.1156491616556776,0.4115083361021163,-2.29451,7.25,8.3,21.0,1.0563,0.4913,0.016300000000000002,-0.12760000000000002,9.2292
2026-07-28 09:56:17.494000-04:00,CRWV,2026-09-04,76.0,P,366,5,15.1,50,254,42,16.85,50,2026-07-28 06:30:10-04:00,5.0,15.975000000000001,1.7500000000000018,0.10954616588419415,38,65.425,0.16163546045089805,0.10480168307680111,1.1053484276839667,-0.5906048831383007,-3.37151,10.6,14.65,5.0,1.0493000000000001,-0.5096,0.0164,-0.1192,9.2287
2026-07-28 09:56:18.553000-04:00,CRWV,2026-09-04,77.0,C,275,5,4.6000000000000005,50,648,5,6.55,50,2026-07-28 06:30:05-04:00,9.0,5.575,1.9499999999999993,0.3497757847533631,38,65.425,0.17692013756209413,0.10480168307680111,1.1244855282876134,0.39937352213258986,-4.43051,5.7,8.25,4.0,1.0074,0.4685,0.017,-0.12140000000000001,9.2027
2026-07-28 09:56:17.643000-04:00,CRWV,2026-09-04,77.0,P,461,5,14.700000000000001,50,313,5,17.8,50,2026-07-28 06:30:10-04:00,4.0,16.25,3.0999999999999996,0.19076923076923075,38,65.425,0.17692013756209413,0.10480168307680111,1.0499715467180883,-0.6171644363700457,-3.52051,12.700000000000001,15.450000000000001,3.0,1.1362,-0.512,0.0151,-0.1293,9.2271
2026-07-28 09:56:18.918000-04:00,CRWV,2026-09-04,78.0,C,479,5,4.25,50,589,5,5.8500000000000005,50,2026-07-28 06:30:24-04:00,7.0,5.050000000000001,1.6000000000000005,0.3168316831683169,38,65.425,0.19220481467328998,0.10480168307680111,1.0918210735937084,0.3783428147698753,-4.79551,6.55,7.65,7.0,1.0578,0.4616,0.0162,-0.12710000000000002,9.188600000000001
2026-07-28 09:56:16.788000-04:00,CRWV,2026-09-04,78.0,P,35,4,15.3,50,10,5,18.45,50,2026-07-28 06:30:20-04:00,3.0,16.875,3.1499999999999986,0.1866666666666666,38,65.425,0.19220481467328998,0.10480168307680111,1.0353540936974703,-0.6351455331625186,-2.66551,13.35,14.700000000000001,3.0,1.0592000000000001,-0.5381,0.0162,-0.11950000000000001,9.1891
2026-07-28 09:56:18.567000-04:00,CRWV,2026-09-04,79.0,C,302,5,4.15,50,624,5,5.5,50,2026-07-28 06:30:29-04:00,29.0,4.825,1.3499999999999996,0.2797927461139896,38,65.425,0.20748949178448606,0.10480168307680111,1.094570583749968,0.3653781863965276,-4.44451,5.45,7.4,23.0,1.0185,0.4398,0.0167,-0.1216,9.126100000000001
2026-07-28 09:56:16.757000-04:00,CRWV,2026-09-04,79.0,P,16,42,16.65,50,16,42,19.45,50,2026-07-28 06:30:15-04:00,1.0,18.049999999999997,2.8000000000000007,0.15512465373961226,38,65.425,0.20748949178448606,0.10480168307680111,1.0884913584420535,-0.6360855398990151,-2.63451,12.700000000000001,15.3,1.0,0.9831000000000001,-0.5669000000000001,0.0172,-0.10930000000000001,9.101
2026-07-28 09:56:19.006000-04:00,CRWV,2026-09-04,80.0,C,185,5,4.0,50,630,5,5.25,50,2026-07-28 06:30:10-04:00,140.0,4.625,1.25,0.2702702702702703,38,65.425,0.22277416889568213,0.10480168307680111,1.0991499430654057,0.3532513747757983,-4.88351,6.15,6.95,87.0,1.0666,0.4343,0.0159,-0.1269,9.1061
2026-07-28 09:56:16.372000-04:00,CRWV,2026-09-04,80.0,P,12,5,17.2,50,5,31,19.900000000000002,50,2026-07-28 06:30:05-04:00,12.0,18.55,2.700000000000003,0.14555256064690042,38,65.425,0.22277416889568213,0.10480168307680111,1.0551214779375528,-0.6579302671102524,-2.24951,14.6,16.7,8.0,1.0885,-0.5615,0.015600000000000001,-0.1217,9.1213
2026-07-28 09:56:16.854000-04:00,CRWV,2026-09-04,81.0,C,15,11,3.6,50,6,31,5.95,50,2026-07-28 06:30:05-04:00,9.0,4.775,2.35,0.4921465968586387,38,65.425,0.2380588460068782,0.10480168307680111,1.1472377955949802,0.35235129003987364,-2.73151,4.0,6.7,2.0,0.9661000000000001,0.39880000000000004,0.0172,-0.1129,8.9328
2026-07-28 09:56:16.298000-04:00,CRWV,2026-09-04,81.0,P,3,5,18.3,50,3,5,21.0,50,2026-07-28 06:30:29-04:00,2.0,19.65,2.6999999999999993,0.13740458015267173,38,65.425,0.2380588460068782,0.10480168307680111,1.0972256696866554,-0.6601284632688091,-2.17551,15.0,17.25,2.0,1.0633000000000001,-0.5802,0.0158,-0.11750000000000001,9.043800000000001
2026-07-28 09:56:17.045000-04:00,CRWV,2026-09-04,82.0,C,8,11,3.4,50,5,31,5.75,50,2026-07-28 06:30:10-04:00,3.0,4.575,2.35,0.5136612021857924,38,65.425,0.2533435231180743,0.10480168307680111,1.1499070049007198,0.34083019887524657,-2.92251,4.8,6.3500000000000005,3.0,1.0217,0.39680000000000004,0.016300000000000002,-0.11910000000000001,8.921100000000001
2026-07-28 09:56:15.414000-04:00,CRWV,2026-09-04,82.0,P,3,5,19.05,50,3,5,21.85,50,2026-07-28 06:30:05-04:00,2.0,20.450000000000003,2.8000000000000007,0.136919315403423,38,65.425,0.2533435231180743,0.10480168307680111,1.0997275987046613,-0.6720318166346461,-1.29151,16.05,18.8,2.0,1.1285,-0.5806,0.0149,-0.12490000000000001,9.042200000000001
2026-07-28 09:56:17.670000-04:00,CRWV,2026-09-04,83.0,C,10,5,3.25,50,5,31,5.5,50,2026-07-28 06:30:24-04:00,3.0,4.375,2.25,0.5142857142857142,38,65.425,0.26862820022927014,0.10480168307680111,1.1513962259795583,0.32935117585987184,-3.54751,4.6000000000000005,5.95,3.0,1.0182,0.3821,0.0161,-0.1173,8.8253
2026-07-28 09:56:16.364000-04:00,CRWV,2026-09-04,83.0,P,6,11,19.85,50,5,31,22.8,50,2026-07-28 06:30:20-04:00,1.0,21.325000000000003,2.9499999999999993,0.13833528722157087,38,65.425,0.26862820022927014,0.10480168307680111,1.1109303681080798,-0.6812272308814922,-2.24151,16.4,18.45,1.0,1.0479,-0.6109,0.0158,-0.1131,8.8718
2026-07-28 09:56:18.367000-04:00,CRWV,2026-09-04,84.0,C,564,5,3.15,50,255,65,4.4,50,2026-07-28 06:30:15-04:00,2.0,3.7750000000000004,1.2500000000000004,0.3311258278145696,38,65.425,0.2839128773404662,0.10480168307680111,1.098228386949052,0.30348492004697636,-4.24451,4.05,5.75,1.0,1.0053,0.3652,0.0161,-0.11420000000000001,8.6995
2026-07-28 09:56:15.414000-04:00,CRWV,2026-09-04,84.0,P,3,5,20.05,50,3,5,23.2,50,2026-07-28 06:30:10-04:00,0.0,21.625,3.1499999999999986,0.145664739884393,38,65.425,0.2839128773404662,0.10480168307680111,1.0429596899169253,-0.7122702477394174,-1.29151,16.85,20.3,0.0,1.0947,-0.6134000000000001,0.0151,-0.11810000000000001,8.855400000000001
2026-07-28 09:56:18.701000-04:00,CRWV,2026-09-04,85.0,C,357,5,2.93,50,726,5,4.3500000000000005,50,2026-07-28 06:30:29-04:00,15.0,3.6400000000000006,1.4200000000000004,0.39010989010989017,38,65.425,0.2991975544516623,0.10480168307680111,1.1053585427677333,0.2939586264571184,-4.57851,3.2,5.45,14.0,0.9659000000000001,0.3412,0.0164,-0.1071,8.4901
2026-07-28 09:56:15.414000-04:00,CRWV,2026-09-04,85.0,P,4,5,21.3,50,4,5,23.95,50,2026-07-28 06:30:29-04:00,2.0,22.625,2.6499999999999986,0.11712707182320435,38,65.425,0.2991975544516623,0.10480168307680111,1.068665807667003,-0.7165232087167984,-1.29151,16.85,20.0,0.0,0.9917,-0.6518,0.0161,-0.1023,8.5546
2026-07-28 09:56:17.699000-04:00,CRWV,2026-09-04,86.0,C,19,76,2.91,50,18,5,4.3500000000000005,50,2026-07-28 06:30:05-04:00,1.0,3.6300000000000003,1.4400000000000004,0.3966942148760331,38,65.425,0.31448223156285837,0.10480168307680111,1.1288369693574358,0.28942322817071875,-3.57651,2.87,5.45,0.0,0.9740000000000001,0.33,0.016,-0.10650000000000001,8.3801
2026-07-28 09:56:16.416000-04:00,CRWV,2026-09-04,86.0,P,7,11,21.7,50,5,31,24.75,50,2026-07-28 06:30:24-04:00,1.0,23.225,3.0500000000000007,0.1313240043057051,38,65.425,0.31448223156285837,0.10480168307680111,1.0368003905153422,-0.7374362701226425,-2.29351,19.0,21.150000000000002,0.0,1.0951,-0.6382,0.014700000000000001,-0.11520000000000001,8.6712
2026-07-28 09:56:16.854000-04:00,CRWV,2026-09-04,87.0,C,13,76,2.5100000000000002,50,12,65,4.75,50,2026-07-28 06:30:15-04:00,1.0,3.63,2.2399999999999998,0.6170798898071624,38,65.425,0.3297669086740542,0.10480168307680111,1.1531379977533445,0.2855073798891158,-2.73151,3.6,5.05,0.0,1.0194,0.3297,0.015300000000000001,-0.11130000000000001,8.3779
2026-07-28 09:56:16.366000-04:00,CRWV,2026-09-04,87.0,P,6,11,22.95,50,5,31,25.900000000000002,50,2026-07-28 06:30:14-04:00,0.0,24.425,2.950000000000003,0.12077789150460605,38,65.425,0.3297669086740542,0.10480168307680111,1.0899401769814714,-0.7325226690222295,-2.24351,19.35,21.150000000000002,0.0,1.0264,-0.6682,0.0152,-0.1037,8.397400000000001
2026-07-28 09:56:18.797000-04:00,CRWV,2026-09-04,88.0,C,1,5,2.9,50,9,73,3.75,50,2026-07-28 06:30:10-04:00,4.0,3.325,0.8500000000000001,0.2556390977443609,38,65.425,0.3450515857852503,0.10480168307680111,1.1338198096691126,0.26972189213195236,-4.67451,3.45,4.75,3.0,1.0188000000000001,0.3173,0.0151,-0.1095,8.2456
2026-07-28 09:56:16.366000-04:00,CRWV,2026-09-04,88.0,P,6,11,24.1,50,5,31,26.5,50,2026-07-28 06:30:05-04:00,56.0,25.3,2.3999999999999986,0.09486166007905132,38,65.425,0.3450515857852503,0.10480168307680111,1.0957027317964947,-0.7413640159594126,-2.24351,20.2,22.400000000000002,54.0,1.0586,-0.6716000000000001,0.014700000000000001,-0.1066,8.3627
2026-07-28 09:56:18.025000-04:00,CRWV,2026-09-04,89.0,C,383,65,2.4,50,386,65,4.45,50,2026-07-28 06:30:20-04:00,24.0,3.425,2.0500000000000003,0.5985401459854016,38,65.425,0.3603362628964464,0.10480168307680111,1.1711554855257782,0.27026869879953996,-3.90251,2.23,4.9,10.0,0.9769000000000001,0.2928,0.0152,-0.1013,7.957400000000001
2026-07-28 09:56:15.414000-04:00,CRWV,2026-09-04,89.0,P,3,5,24.45,50,3,5,27.55,50,2026-07-28 06:30:29-04:00,11.0,26.0,3.1000000000000014,0.11923076923076928,38,65.425,0.3603362628964464,0.10480168307680111,1.074314452477726,-0.7580148112138985,-1.29151,21.05,23.0,0.0,1.0504,-0.6856,0.0146,-0.10350000000000001,8.2124
2026-07-28 09:56:17.744000-04:00,CRWV,2026-09-04,90.0,C,296,65,2.32,50,166,5,3.5500000000000003,50,2026-07-28 06:30:24-04:00,29.0,2.935,1.2300000000000004,0.41908006814310067,38,65.425,0.37562094000764246,0.10480168307680111,1.1219898557473027,0.24640537966485754,-3.62151,3.85,4.3,16.0,1.0645,0.3068,0.0142,-0.1126,8.127
2026-07-28 09:56:15.414000-04:00,CRWV,2026-09-04,90.0,P,3,5,25.400000000000002,50,3,5,28.2,50,2026-07-28 06:30:29-04:00,13.0,26.8,2.799999999999997,0.10447761194029839,38,65.425,0.37562094000764246,0.10480168307680111,1.0660873734671408,-0.7704654866626874,-1.29151,20.650000000000002,23.8,2.0,0.9751000000000001,-0.7195,0.0149,-0.0901,7.795000000000001
2026-07-28 09:56:18.029000-04:00,CRWV,2026-09-04,91.0,C,409,65,2.0100000000000002,50,14,73,3.5,50,2026-07-28 06:30:15-04:00,5.0,2.755,1.4899999999999998,0.5408348457350272,38,65.425,0.39090561711883853,0.10480168307680111,1.116327938236805,0.23522802311197244,-3.90651,2.91,4.15,1.0,1.0206,0.2828,0.0143,-0.10400000000000001,7.827800000000001
2026-07-28 09:56:15.414000-04:00,CRWV,2026-09-04,91.0,P,3,5,26.25,50,3,5,29.1,50,2026-07-28 06:30:10-04:00,1.0,27.675,2.8500000000000014,0.10298102981029815,38,65.425,0.39090561711883853,0.10480168307680111,1.0682610281603149,-0.7793865228081596,-1.29151,21.45,24.400000000000002,1.0,0.9599000000000001,-0.7359,0.014700000000000001,-0.08560000000000001,7.5647
2026-07-28 09:56:16.359000-04:00,CRWV,2026-09-04,92.0,C,9,11,1.9000000000000001,50,5,31,3.15,50,2026-07-28 06:30:05-04:00,47.0,2.525,1.2499999999999998,0.495049504950495,38,65.425,0.4061902942300344,0.10480168307680111,1.1014102964340629,0.22153305381661698,-2.23651,2.22,3.95,44.0,0.9845,0.2606,0.0142,-0.09630000000000001,7.5155
2026-07-28 09:56:16.352000-04:00,CRWV,2026-09-04,92.0,P,6,11,26.8,50,5,31,29.8,50,2026-07-28 06:30:24-04:00,10.0,28.3,3.0,0.10600706713780919,38,65.425,0.4061902942300344,0.10480168307680111,1.0279134921912565,-0.8013666344621904,-2.22951,23.7,25.150000000000002,0.0,1.0481,-0.7198,0.013800000000000002,-0.0971,7.792000000000001
2026-07-28 09:56:16.326000-04:00,CRWV,2026-09-04,93.0,C,13,76,1.75,50,7,76,3.95,50,2026-07-28 06:30:20-04:00,45.0,2.85,2.2,0.7719298245614036,38,65.425,0.42147497134123046,0.10480168307680111,1.1728746377601698,0.23381747974502481,-2.20351,2.58,3.8000000000000003,43.0,1.0211000000000001,0.2614,0.0137,-0.1,7.5269
2026-07-28 09:56:16.632000-04:00,CRWV,2026-09-04,93.0,P,6,11,28.0,50,5,31,31.05,50,2026-07-28 06:30:20-04:00,13.0,29.525,3.0500000000000007,0.1033022861981372,38,65.425,0.42147497134123046,0.10480168307680111,1.0861859437179835,-0.7920299566790481,-2.50951,24.45,25.95,2.0,1.0425,-0.732,0.013600000000000001,-0.0942,7.6223
2026-07-28 09:56:16.417000-04:00,CRWV,2026-09-04,94.0,C,18,76,1.77,50,10,69,3.5500000000000003,50,2026-07-28 06:30:20-04:00,58.0,2.66,1.7800000000000002,0.6691729323308271,38,65.425,0.43675964845242654,0.10480168307680111,1.1635347671420686,0.2225549755876317,-2.29451,2.46,3.6,34.0,1.0211000000000001,0.2511,0.0134,-0.0979,7.3706000000000005
2026-07-28 09:56:16.326000-04:00,CRWV,2026-09-04,94.0,P,6,11,28.8,50,5,31,31.900000000000002,50,2026-07-28 06:30:29-04:00,2.0,30.35,3.1000000000000014,0.1021416803953872,38,65.425,0.43675964845242654,0.10480168307680111,1.0772444263699654,-0.8033955325747912,-2.20351,25.150000000000002,28.25,1.0,1.1295,-0.7166,0.0129,-0.1057,7.8344000000000005
2026-07-28 09:56:18.275000-04:00,CRWV,2026-09-04,95.0,C,283,5,1.79,50,195,5,2.85,50,2026-07-28 06:30:15-04:00,63.0,2.3200000000000003,1.06,0.4568965517241379,38,65.425,0.4520443255636226,0.10480168307680111,1.1280035160355284,0.20374812713939983,-4.15251,2.13,3.45,36.0,1.0091,0.2373,0.0132,-0.09380000000000001,7.1492
2026-07-28 09:56:15.414000-04:00,CRWV,2026-09-04,95.0,P,3,5,29.5,50,3,5,32.8,50,2026-07-28 06:30:10-04:00,1.0,31.15,3.299999999999997,0.10593900481540923,38,65.425,0.4520443255636226,0.10480168307680111,1.062269722238836,-0.8163393417028671,-1.29151,26.150000000000002,28.6,1.0,1.109,-0.7321000000000001,0.0128,-0.1004,7.62
2026-07-28 09:56:17.002000-04:00,CRWV,2026-09-04,100.0,C,402,65,1.36,50,49,11,2.31,50,2026-07-28 06:30:24-04:00,112.0,1.835,0.95,0.5177111716621253,38,65.425,0.5284677111196026,0.10480168307680111,1.133522239360626,0.1679561966823489,-2.87951,1.92,2.81,13.0,1.0437,0.2031,0.011600000000000001,-0.0886,6.5385
2026-07-28 09:56:16.344000-04:00,CRWV,2026-09-04,100.0,P,5,31,35.15,50,2,4,37.0,50,2026-07-28 06:30:10-04:00,1.0,36.075,1.8500000000000014,0.051282051282051315,38,65.425,0.5284677111196026,0.10480168307680111,1.1422782685944142,-0.8294700800019088,-2.22151,29.0,32.7,1.0,0.9916,-0.8137000000000001,0.011600000000000001,-0.07,6.203
2026-07-28 09:56:16.947000-04:00,CRWV,2026-09-04,105.0,C,484,65,1.0,50,487,65,2.65,50,2026-07-28 06:30:24-04:00,19.0,1.825,1.65,0.9041095890410958,38,65.425,0.6048910966755827,0.10480168307680111,1.2143999230868319,0.15938703372263796,-2.82451,1.6500000000000001,2.05,2.0,1.0478,0.16640000000000002,0.0102,-0.0785,5.776000000000001
2026-07-28 09:56:16.296000-04:00,CRWV,2026-09-04,105.0,P,3,5,38.7,50,2,4,41.85,50,2026-07-28 06:30:19-04:00,0.0,40.275000000000006,3.1499999999999986,0.07821229050279326,38,65.425,0.6048910966755827,0.10480168307680111,1.0586547646241424,-0.8844987484107798,-2.17351,34.65,37.65,0.0,1.1299000000000001,-0.8084,0.010400000000000001,-0.0821,6.310700000000001
2026-07-28 09:56:18.914000-04:00,CRWV,2026-09-04,110.0,C,572,65,0.65,50,510,65,2.3000000000000003,50,2026-07-28 06:30:24-04:00,13.0,1.475,1.6500000000000004,1.1186440677966103,38,65.425,0.6813144822315629,0.10480168307680111,1.2181395694704544,0.1333536322028816,-4.79151,0.99,2.08,13.0,1.0671000000000002,0.1405,0.009000000000000001,-0.0714,5.163600000000001
2026-07-28 09:56:15.411000-04:00,CRWV,2026-09-04,110.0,P,3,5,43.4,50,3,5,46.7,50,2026-07-28 06:30:20-04:00,17.0,45.05,3.3000000000000043,0.0732519422863486,38,65.425,0.6813144822315629,0.10480168307680111,1.0764158213218964,-0.9041918792691317,-1.28851,38.35,42.5,4.0,1.0874000000000001,-0.8534,0.0091,-0.0639,5.3118
2026-07-28 09:56:18.327000-04:00,CRWV,2026-09-04,115.0,C,5,5,0.5700000000000001,50,10,5,1.53,50,2026-07-28 06:30:15-04:00,1.0,1.05,0.96,0.9142857142857143,38,65.425,0.757737867787543,0.10480168307680111,1.184755868257854,0.10225062367927779,-4.20451,0.64,1.34,1.0,1.0203,0.1009,0.0074,-0.054,4.0877
2026-07-28 09:56:16.295000-04:00,CRWV,2026-09-04,115.0,P,3,5,48.2,50,3,5,51.45,50,2026-07-28 06:30:10-04:00,2.0,49.825,3.25,0.06522829904666332,38,65.425,0.757737867787543,0.10480168307680111,1.0790681529056887,-0.9234971607685152,-2.17251,43.35,46.9,0.0,1.1029,-0.8759,0.008,-0.0563,4.7389
2026-07-28 09:56:19-04:00,CRWV,2026-09-04,120.0,C,394,5,0.41000000000000003,50,401,5,1.17,50,2026-07-28 06:30:29-04:00,5.0,0.79,0.7599999999999999,0.962025316455696,38,65.425,0.8341612533435232,0.10480168307680111,1.1718746501391608,0.08088316572487597,-4.87751,0.01,1.56,2.0,1.0273,0.0819,0.0063,-0.0466,3.5029000000000003
2026-07-28 09:56:17.005000-04:00,CRWV,2026-09-04,120.0,P,5,31,54.1,50,5,31,56.2,50,2026-07-28 06:30:05-04:00,0.0,55.150000000000006,2.1000000000000014,0.038077969174977355,38,65.425,0.8341612533435232,0.10480168307680111,1.24313626671842,-0.9026055806478035,-2.88251,48.15,51.65,0.0,1.1237000000000001,-0.8929,0.007,-0.050100000000000006,4.2661
2026-07-28 09:56:18.315000-04:00,CRWV,2026-09-04,125.0,C,6,76,0.3,50,241,5,1.02,50,2026-07-28 06:30:05-04:00,3.0,0.66,0.72,1.0909090909090908,38,65.425,0.9105846388995034,0.10480168307680111,1.1852144973751282,0.06870483962920837,-4.19251,0.68,0.9,0.0,1.0882,0.07930000000000001,0.0058000000000000005,-0.048100000000000004,3.4183000000000003
2026-07-28 09:56:15.410000-04:00,CRWV,2026-09-04,125.0,P,3,5,57.95,50,3,5,61.300000000000004,50,2026-07-28 06:30:24-04:00,0.0,59.625,3.3500000000000014,0.05618448637316564,38,65.425,0.9105846388995034,0.10480168307680111,1.1348787684185462,-0.9415653213669021,-1.28751,52.550000000000004,56.5,0.0,1.0894000000000001,-0.9203,0.0058000000000000005,-0.0359,3.4275
2026-07-28 09:56:16.530000-04:00,CRWV,2026-09-18,35.0,C,7,65,30.400000000000002,50,7,65,33.25,50,2026-07-28 06:30:15-04:00,44.0,31.825000000000003,2.849999999999998,0.08955223880597007,52,65.425,-0.4650363011081391,0.14315784746036275,1.3416221209866055,0.9327301985058779,-2.40751,35.25,37.6,44.0,1.135,0.9683,0.0023,-0.023700000000000002,1.9189
2026-07-28 09:56:18.935000-04:00,CRWV,2026-09-18,35.0,P,567,5,0.56,50,89,65,0.72,50,2026-07-28 06:30:25-04:00,2835.0,0.64,0.15999999999999992,0.24999999999999986,52,65.425,-0.4650363011081391,0.14315784746036275,1.1374724787224677,-0.04639707355130973,-4.81251,0.44,0.62,2829.0,1.1767,-0.035300000000000005,0.0024000000000000002,-0.023,2.1037
2026-07-28 09:56:15.424000-04:00,CRWV,2026-09-18,37.5,C,5,6,28.25,50,5,6,31.0,50,2026-07-28 06:30:10-04:00,9.0,29.625,2.75,0.09282700421940929,52,65.425,-0.426824608330149,0.14315784746036275,1.3004877862345092,0.9173928815453283,-1.30151,32.45,36.050000000000004,9.0,1.1706,0.9514,0.0031000000000000003,-0.0333,2.7165
2026-07-28 09:56:17.692000-04:00,CRWV,2026-09-18,37.5,P,235,5,0.81,50,245,5,1.0,50,2026-07-28 06:30:05-04:00,412.0,0.905,0.18999999999999995,0.2099447513812154,52,65.425,-0.426824608330149,0.14315784746036275,1.1255094929376788,-0.06274366418263111,-3.56951,0.6,0.7000000000000001,409.0,1.1275,-0.044000000000000004,0.003,-0.0263,2.5115000000000003
2026-07-28 09:56:16.309000-04:00,CRWV,2026-09-18,40.0,C,5,6,26.150000000000002,50,5,6,28.75,50,2026-07-28 06:30:00-04:00,37.0,27.450000000000003,2.599999999999998,0.0947176684881602,52,65.425,-0.38861291555215893,0.14315784746036275,1.256400896960101,0.9003774571550176,-2.18651,30.7,33.1,37.0,1.1159000000000001,0.9414,0.0038,-0.0366,3.1503
2026-07-28 09:56:17.410000-04:00,CRWV,2026-09-18,40.0,P,236,5,1.1400000000000001,50,816,5,1.3900000000000001,50,2026-07-28 06:30:20-04:00,830.0,1.2650000000000001,0.25,0.19762845849802368,52,65.425,-0.38861291555215893,0.14315784746036275,1.1208911440732345,-0.08309850645891415,-3.28751,0.8200000000000001,0.92,828.0,1.1063,-0.057300000000000004,0.0038,-0.0318,3.1016000000000004
2026-07-28 09:56:16.360000-04:00,CRWV,2026-09-18,42.5,C,18,11,24.0,50,19,11,25.95,50,2026-07-28 06:30:15-04:00,45.0,24.975,1.9499999999999993,0.07807807807807804,52,65.425,-0.35040122277416885,0.14315784746036275,1.142013025227255,0.8900010825457868,-2.23751,28.5,30.95,45.0,1.1036000000000001,0.9245000000000001,0.0047,-0.043500000000000004,3.8375000000000004
2026-07-28 09:56:17.585000-04:00,CRWV,2026-09-18,42.5,P,462,5,1.55,50,304,5,1.76,50,2026-07-28 06:30:25-04:00,279.0,1.655,0.20999999999999996,0.12688821752265858,52,65.425,-0.35040122277416885,0.14315784746036275,1.1041091843394237,-0.10491137298027486,-3.46251,1.12,1.23,276.0,1.0941,-0.0742,0.0047,-0.038400000000000004,3.7891000000000004
2026-07-28 09:56:18.932000-04:00,CRWV,2026-09-18,45.0,C,310,5,22.05,50,727,65,23.900000000000002,50,2026-07-28 06:30:10-04:00,81.0,22.975,1.8500000000000014,0.08052230685527753,52,65.425,-0.31218952999617877,0.14315784746036275,1.1246107146561632,0.8653224382956799,-4.80951,26.150000000000002,28.25,81.0,0.9977,0.9185000000000001,0.0055000000000000005,-0.042,4.0637
2026-07-28 09:56:18.030000-04:00,CRWV,2026-09-18,45.0,P,455,65,2.06,50,193,5,2.23,50,2026-07-28 06:30:05-04:00,1931.0,2.145,0.16999999999999993,0.07925407925407922,52,65.425,-0.31218952999617877,0.14315784746036275,1.092487455849304,-0.1303593940379435,-3.90751,1.42,1.58,1495.0,1.0742,-0.0926,0.0057,-0.044500000000000005,4.4771
2026-07-28 09:56:16.419000-04:00,CRWV,2026-09-18,47.5,C,139,5,20.25,50,207,5,21.6,50,2026-07-28 06:30:00-04:00,46.0,20.925,1.3500000000000014,0.06451612903225813,52,65.425,-0.2739778372181887,0.14315784746036275,1.0861844771484235,0.8406829892098102,-2.29651,23.95,26.5,46.0,1.0132,0.8925000000000001,0.0067,-0.0514,4.9882
2026-07-28 09:56:17.605000-04:00,CRWV,2026-09-18,47.5,P,322,65,2.57,50,98,5,2.83,50,2026-07-28 06:30:20-04:00,886.0,2.7,0.26000000000000023,0.09629629629629638,52,65.425,-0.2739778372181887,0.14315784746036275,1.0774314706766654,-0.15816083869148945,-3.48251,1.85,2.11,901.0,1.0718,-0.11620000000000001,0.0067,-0.0523,5.2759
2026-07-28 09:56:17.046000-04:00,CRWV,2026-09-18,50.0,C,225,65,18.55,50,746,65,20.25,50,2026-07-28 06:30:15-04:00,182.0,19.4,1.6999999999999993,0.08762886597938141,52,65.425,-0.23576614444019872,0.14315784746036275,1.1178119354015503,0.8049871544072909,-2.92351,22.3,24.400000000000002,171.0,1.0270000000000001,0.8638,0.0078000000000000005,-0.0608,5.8921
2026-07-28 09:56:17.527000-04:00,CRWV,2026-09-18,50.0,P,388,5,3.3000000000000003,50,140,5,3.5500000000000003,50,2026-07-28 06:30:25-04:00,4953.0,3.4250000000000003,0.25,0.072992700729927,52,65.425,-0.23576614444019872,0.14315784746036275,1.0750890696787625,-0.19017725569422317,-3.40451,2.4,2.64,4930.0,1.0642,-0.1416,0.0078000000000000005,-0.0594,6.0505
2026-07-28 09:56:18.276000-04:00,CRWV,2026-09-18,55.0,C,129,5,15.5,50,777,65,16.65,50,2026-07-28 06:30:10-04:00,287.0,16.075,1.1499999999999986,0.07153965785381018,52,65.425,-0.15934275888421856,0.14315784746036275,1.0916539149389297,0.7387183686494926,-4.15351,19.400000000000002,20.8,286.0,1.0704,0.7983,0.0097,-0.08020000000000001,7.5898
2026-07-28 09:56:18.275000-04:00,CRWV,2026-09-18,55.0,P,129,5,5.05,50,95,5,5.25,50,2026-07-28 06:30:05-04:00,3558.0,5.15,0.20000000000000018,0.03883495145631071,52,65.425,-0.15934275888421856,0.14315784746036275,1.0651005683310846,-0.2594092731180999,-4.15251,3.7,4.0,3520.0,1.0481,-0.1991,0.0098,-0.0726,7.5315
2026-07-28 09:56:18.486000-04:00,CRWV,2026-09-18,60.0,C,217,5,12.65,50,784,5,13.3,50,2026-07-28 06:30:00-04:00,250.0,12.975000000000001,0.6500000000000004,0.05009633911368017,52,65.425,-0.0829193733282384,0.14315784746036275,1.0498075207775532,0.6662857220715885,-4.36351,15.9,17.25,229.0,1.0229000000000001,0.7365,0.0118,-0.08850000000000001,8.8093
2026-07-28 09:56:18.515000-04:00,CRWV,2026-09-18,60.0,P,847,5,7.1000000000000005,50,127,5,7.45,50,2026-07-28 06:30:00-04:00,10612.0,7.275,0.34999999999999964,0.04810996563573878,52,65.425,-0.0829193733282384,0.14315784746036275,1.0539938748054178,-0.33376005217440485,-4.39251,5.4,5.7,10530.0,1.0326,-0.2641,0.0117,-0.0835,8.821900000000001
2026-07-28 09:56:17.769000-04:00,CRWV,2026-09-18,62.5,C,110,5,11.450000000000001,50,334,5,11.950000000000001,50,2026-07-28 06:30:25-04:00,84.0,11.700000000000001,0.5,0.04273504273504273,52,65.425,-0.04470768055024832,0.14315784746036275,1.0444009941727252,0.6279953742511287,-3.64651,15.05,15.700000000000001,84.0,1.0475,0.7001000000000001,0.0123,-0.096,9.376800000000001
2026-07-28 09:56:17.308000-04:00,CRWV,2026-09-18,62.5,P,749,5,8.35,50,121,5,8.700000000000001,50,2026-07-28 06:30:20-04:00,8919.0,8.525,0.3500000000000014,0.04105571847507348,52,65.425,-0.04470768055024832,0.14315784746036275,1.052489778731547,-0.37180074893310433,-3.18551,6.45,6.8,8923.0,1.0336,-0.2992,0.012400000000000001,-0.08850000000000001,9.3683
2026-07-28 09:56:18.295000-04:00,CRWV,2026-09-18,65.0,C,140,65,10.3,50,741,5,10.85,50,2026-07-28 06:30:20-04:00,817.0,10.575,0.5499999999999989,0.052009456264775315,52,65.425,-0.006495987772258238,0.14315784746036275,1.0445230461290942,0.5899109851121656,-4.17251,13.75,14.3,837.0,1.0443,0.6651,0.0129,-0.1,9.8251
2026-07-28 09:56:16.994000-04:00,CRWV,2026-09-18,65.0,P,261,65,9.700000000000001,50,20,11,10.0,50,2026-07-28 06:30:05-04:00,7507.0,9.850000000000001,0.29999999999999893,0.03045685279187806,52,65.425,-0.006495987772258238,0.14315784746036275,1.0485505142683544,-0.40983719129842067,-2.87151,7.55,7.95,7516.0,1.0304,-0.3346,0.0131,-0.09230000000000001,9.8233
2026-07-28 09:56:18.242000-04:00,CRWV,2026-09-18,67.5,C,125,5,9.3,50,610,5,9.8,50,2026-07-28 06:30:01-04:00,174.0,9.55,0.5,0.05235602094240837,52,65.425,0.03171570500573173,0.14315784746036275,1.0451330714664349,0.5524979394676517,-4.11951,12.5,13.0,114.0,1.0399,0.6298,0.0134,-0.10310000000000001,10.1859
2026-07-28 09:56:19.026000-04:00,CRWV,2026-09-18,67.5,P,225,65,11.1,50,108,5,11.5,50,2026-07-28 06:30:20-04:00,1276.0,11.3,0.40000000000000036,0.0353982300884956,52,65.425,0.03171570500573173,0.14315784746036275,1.047869199646749,-0.44722946996538726,-4.90351,8.75,9.200000000000001,1266.0,1.0267,-0.3704,0.013600000000000001,-0.0951,10.188600000000001
2026-07-28 09:56:18.105000-04:00,CRWV,2026-09-18,70.0,C,149,65,8.3,50,763,5,8.85,50,2026-07-28 06:30:15-04:00,750.0,8.575,0.5499999999999989,0.06413994169096197,52,65.425,0.06992739778372181,0.14315784746036275,1.0417011718156532,0.5154903264138518,-3.98251,11.35,11.85,608.0,1.0383,0.5946,0.013800000000000002,-0.10540000000000001,10.4571
2026-07-28 09:56:17.370000-04:00,CRWV,2026-09-18,70.0,P,249,65,12.65,50,113,65,13.05,50,2026-07-28 06:30:25-04:00,7081.0,12.850000000000001,0.40000000000000036,0.031128404669260725,52,65.425,0.06992739778372181,0.14315784746036275,1.0482695254583898,-0.4836191186961072,-3.24751,10.05,10.35,6877.0,1.0153,-0.4066,0.014100000000000001,-0.09630000000000001,10.4656
2026-07-28 09:56:18.275000-04:00,CRWV,2026-09-18,72.5,C,186,65,7.45,50,237,5,7.8500000000000005,50,2026-07-28 06:30:05-04:00,2683.0,7.65,0.40000000000000036,0.05228758169934645,52,65.425,0.10813909056171189,0.14315784746036275,1.0348067962157041,0.4788077867358639,-4.15251,10.3,10.75,2536.0,1.0351000000000001,0.5596,0.014100000000000001,-0.1068,10.6409
2026-07-28 09:56:17.278000-04:00,CRWV,2026-09-18,72.5,P,834,5,14.1,50,141,5,14.700000000000001,50,2026-07-28 06:30:15-04:00,1787.0,14.4,0.6000000000000014,0.04166666666666676,52,65.425,0.10813909056171189,0.14315784746036275,1.0401649701241458,-0.5202775281957991,-3.15551,11.450000000000001,11.85,1525.0,1.0165,-0.442,0.0143,-0.0978,10.6478
2026-07-28 09:56:18.239000-04:00,CRWV,2026-09-18,75.0,C,121,5,6.7,50,918,5,7.2,50,2026-07-28 06:30:10-04:00,1623.0,6.95,0.5,0.07194244604316546,52,65.425,0.14635078333970197,0.14315784746036275,1.0427605341414694,0.44604136901755276,-4.11651,9.25,9.700000000000001,1517.0,1.0269000000000001,0.5245000000000001,0.0143,-0.1068,10.741100000000001
2026-07-28 09:56:16.802000-04:00,CRWV,2026-09-18,75.0,P,720,5,15.75,50,143,5,16.5,50,2026-07-28 06:30:05-04:00,3923.0,16.125,0.75,0.046511627906976744,52,65.425,0.14635078333970197,0.14315784746036275,1.0418277080012492,-0.5541462200879947,-2.67951,12.950000000000001,13.3,3855.0,1.0116,-0.47740000000000005,0.0145,-0.0978,10.744200000000001
2026-07-28 09:56:18.158000-04:00,CRWV,2026-09-18,77.5,C,150,65,6.0,50,713,5,6.4,50,2026-07-28 06:30:05-04:00,1102.0,6.2,0.40000000000000036,0.06451612903225812,52,65.425,0.18456247611769205,0.14315784746036275,1.038154541022532,0.41235339443156377,-4.03551,8.4,8.8,936.0,1.0282,0.4913,0.0143,-0.10690000000000001,10.7589
2026-07-28 09:56:18.479000-04:00,CRWV,2026-09-18,77.5,P,217,65,17.6,50,97,5,18.25,50,2026-07-28 06:30:00-04:00,3082.0,17.925,0.6499999999999986,0.036262203626220284,52,65.425,0.18456247611769205,0.14315784746036275,1.0437461341283036,-0.5863628614914269,-4.35651,14.5,14.9,2974.0,1.0094,-0.5117,0.0146,-0.09730000000000001,10.7568
2026-07-28 09:56:17.280000-04:00,CRWV,2026-09-18,80.0,C,189,65,5.3500000000000005,50,679,5,5.75,50,2026-07-28 06:30:00-04:00,4111.0,5.550000000000001,0.39999999999999947,0.07207207207207196,52,65.425,0.22277416889568213,0.14315784746036275,1.0368243562452695,0.38086348093625444,-3.15751,7.55,7.8500000000000005,4069.0,1.0195,0.45740000000000003,0.014400000000000001,-0.1053,10.7001
2026-07-28 09:56:17.180000-04:00,CRWV,2026-09-18,80.0,P,153,65,19.6,50,6,31,20.0,50,2026-07-28 06:30:20-04:00,4174.0,19.8,0.3999999999999986,0.02020202020202013,52,65.425,0.22277416889568213,0.14315784746036275,1.0465616471488013,-0.6166619775116745,-3.05751,16.15,16.55,4517.0,1.0065,-0.5451,0.0145,-0.096,10.6926
2026-07-28 09:56:17.655000-04:00,CRWV,2026-09-18,82.5,C,202,65,4.8,50,862,5,5.25,50,2026-07-28 06:30:20-04:00,1595.0,5.025,0.4500000000000002,0.08955223880597017,52,65.425,0.2609858616736722,0.14315784746036275,1.0422774277690978,0.35286415881674826,-3.53251,6.8,7.15,1591.0,1.0201,0.4262,0.0142,-0.1041,10.577300000000001
2026-07-28 09:56:18.186000-04:00,CRWV,2026-09-18,82.5,P,354,5,21.3,50,118,5,22.05,50,2026-07-28 06:30:15-04:00,829.0,21.675,0.75,0.03460207612456747,52,65.425,0.2609858616736722,0.14315784746036275,1.0428167247636004,-0.6469875031657644,-4.06351,17.900000000000002,18.3,815.0,1.0065,-0.5767,0.014400000000000001,-0.0944,10.5618
2026-07-28 09:56:16.571000-04:00,CRWV,2026-09-18,85.0,C,186,5,4.3,50,675,5,4.6000000000000005,50,2026-07-28 06:30:15-04:00,2455.0,4.45,0.3000000000000007,0.0674157303370788,52,65.425,0.2991975544516623,0.14315784746036275,1.0360808377117199,0.3233461840308757,-2.44851,6.05,6.4,2423.0,1.0126,0.3945,0.014,-0.1013,10.3835
2026-07-28 09:56:17.382000-04:00,CRWV,2026-09-18,85.0,P,327,5,23.2,50,150,5,24.05,50,2026-07-28 06:30:25-04:00,4374.0,23.625,0.8500000000000014,0.03597883597883604,52,65.425,0.2991975544516623,0.14315784746036275,1.0409116872268933,-0.6752335572194711,-3.25951,19.650000000000002,20.1,4342.0,1.0018,-0.6081,0.0142,-0.0916,10.3637
2026-07-28 09:56:17.754000-04:00,CRWV,2026-09-18,87.5,C,188,5,3.85,50,324,65,4.15,50,2026-07-28 06:30:25-04:00,749.0,4.0,0.30000000000000027,0.07500000000000007,52,65.425,0.3374092472296524,0.14315784746036275,1.0379686536794224,0.29783916847998865,-3.63151,5.45,5.8,744.0,1.0135,0.3662,0.0137,-0.099,10.150500000000001
2026-07-28 09:56:19.129000-04:00,CRWV,2026-09-18,87.5,P,590,5,25.3,50,74,5,26.05,50,2026-07-28 06:30:10-04:00,809.0,25.675,0.75,0.029211295034079845,52,65.425,0.3374092472296524,0.14315784746036275,1.0444885779445736,-0.7001576573964101,-5.00651,21.45,22.3,805.0,1.0135,-0.6337,0.0137,-0.09040000000000001,10.150500000000001
2026-07-28 09:56:18.275000-04:00,CRWV,2026-09-18,90.0,C,189,65,3.45,50,753,5,3.75,50,2026-07-28 06:30:10-04:00,11860.0,3.6,0.2999999999999998,0.08333333333333329,52,65.425,0.37562094000764246,0.14315784746036275,1.0403508126208505,0.27422739001560803,-4.15251,4.8500000000000005,5.15,11348.0,1.0066,0.3371,0.0134,-0.0954,9.851700000000001
2026-07-28 09:56:17.786000-04:00,CRWV,2026-09-18,90.0,P,687,5,27.150000000000002,50,283,5,28.25,50,2026-07-28 06:30:05-04:00,4507.0,27.700000000000003,1.0999999999999979,0.03971119133573999,52,65.425,0.37562094000764246,0.14315784746036275,1.0396289468574826,-0.72600243829723,-3.66351,23.1,24.55,4521.0,1.0151000000000001,-0.6604,0.013300000000000001,-0.08750000000000001,9.8795
2026-07-28 09:56:18.385000-04:00,CRWV,2026-09-18,92.5,C,289,5,3.0500000000000003,50,495,5,3.45,50,2026-07-28 06:30:20-04:00,901.0,3.25,0.3999999999999999,0.12307692307692306,52,65.425,0.41383263278563254,0.14315784746036275,1.04385503617259,0.25266992361219476,-4.26251,4.3500000000000005,4.7,899.0,1.0085,0.312,0.013000000000000001,-0.0925,9.543800000000001
2026-07-28 09:56:17.650000-04:00,CRWV,2026-09-18,92.5,P,374,65,29.2,50,81,5,30.35,50,2026-07-28 06:30:00-04:00,1311.0,29.775,1.1500000000000021,0.03862300587741401,52,65.425,0.41383263278563254,0.14315784746036275,1.03524336785535,-0.7501381034470593,-3.52751,25.35,26.05,1310.0,1.0041,-0.6893,0.013000000000000001,-0.0828,9.5258
2026-07-28 09:56:17.672000-04:00,CRWV,2026-09-18,95.0,C,526,5,2.63,50,814,5,3.1,50,2026-07-28 06:30:00-04:00,1149.0,2.865,0.4700000000000002,0.1640488656195463,52,65.425,0.4520443255636226,0.14315784746036275,1.0379088644828867,0.22962180415908573,-3.54951,3.9,4.25,1140.0,1.0088000000000001,0.28800000000000003,0.0125,-0.0892,9.2039
2026-07-28 09:56:16.400000-04:00,CRWV,2026-09-18,95.0,P,362,65,31.35,50,128,65,32.65,50,2026-07-28 06:30:20-04:00,1579.0,32.0,1.2999999999999972,0.04062499999999991,52,65.425,0.4520443255636226,0.14315784746036275,1.045225246534139,-0.7679626699995266,-2.27751,27.25,28.55,1574.0,1.0219,-0.7078,0.012400000000000001,-0.0815,9.265600000000001
2026-07-28 09:56:18.864000-04:00,CRWV,2026-09-18,97.5,C,168,5,2.46,50,288,5,2.65,50,2026-07-28 06:30:05-04:00,724.0,2.5549999999999997,0.18999999999999995,0.07436399217221133,52,65.425,0.4902560183416127,0.14315784746036275,1.0369317061281322,0.20972737362488736,-4.74151,3.5,3.8000000000000003,711.0,1.0074,0.2649,0.012,-0.0854,8.8343
2026-07-28 09:56:18.597000-04:00,CRWV,2026-09-18,97.5,P,385,65,33.55,50,109,5,34.800000000000004,50,2026-07-28 06:30:10-04:00,700.0,34.175,1.250000000000007,0.03657644476956861,52,65.425,0.4902560183416127,0.14315784746036275,1.0443595517798259,-0.7878040158711486,-4.47451,29.45,30.650000000000002,700.0,1.0304,-0.7275,0.0119,-0.0789,8.9588
2026-07-28 09:56:17.580000-04:00,CRWV,2026-09-18,100.0,C,202,5,2.19,50,627,5,2.41,50,2026-07-28 06:30:20-04:00,7196.0,2.3,0.2200000000000002,0.09565217391304356,52,65.425,0.5284677111196026,0.14315784746036275,1.0393080315073053,0.19242167104078683,-3.45751,3.15,3.45,7178.0,1.0096,0.24450000000000002,0.0115,-0.082,8.4711
2026-07-28 09:56:18.565000-04:00,CRWV,2026-09-18,100.0,P,297,65,35.85,50,38,11,37.050000000000004,50,2026-07-28 06:30:15-04:00,6055.0,36.45,1.2000000000000028,0.03292181069958855,52,65.425,0.5284677111196026,0.14315784746036275,1.0534087682753748,-0.8029137898563699,-4.44251,31.05,32.4,6053.0,0.9781000000000001,-0.7661,0.011600000000000001,-0.06770000000000001,8.2666
2026-07-28 09:56:17.787000-04:00,CRWV,2026-09-18,105.0,C,843,5,1.67,50,587,5,1.98,50,2026-07-28 06:30:24-04:00,1088.0,1.825,0.31000000000000005,0.16986301369863016,52,65.425,0.6048910966755827,0.14315784746036275,1.0370489382794374,0.15960082326283792,-3.66451,2.58,2.77,1080.0,1.01,0.2066,0.010400000000000001,-0.0745,7.7007
2026-07-28 09:56:16.428000-04:00,CRWV,2026-09-18,105.0,P,566,65,39.800000000000004,50,60,65,41.65,50,2026-07-28 06:30:10-04:00,2141.0,40.725,1.8499999999999943,0.04542664211172484,52,65.425,0.6048910966755827,0.14315784746036275,1.015485432533174,-0.8474356575953749,-2.30551,35.800000000000004,36.9,2141.0,1.0129000000000001,-0.7923,0.010400000000000001,-0.0645,7.722600000000001
2026-07-28 09:56:18.515000-04:00,CRWV,2026-09-18,110.0,C,227,5,1.4000000000000001,50,155,5,1.54,50,2026-07-28 06:30:05-04:00,6923.0,1.4700000000000002,0.1399999999999999,0.09523809523809516,52,65.425,0.6813144822315629,0.14315784746036275,1.0394109919553742,0.1332341079435228,-4.39251,2.07,2.25,6915.0,1.0103,0.1739,0.0094,-0.067,6.9274000000000004
2026-07-28 09:56:18.717000-04:00,CRWV,2026-09-18,110.0,P,639,65,44.5,50,5,11,46.300000000000004,50,2026-07-28 06:30:00-04:00,2365.0,45.400000000000006,1.8000000000000043,0.0396475770925111,52,65.425,0.6813144822315629,0.14315784746036275,1.0257954778094525,-0.8710078012903574,-4.59451,39.65,42.1,2363.0,1.022,-0.8221,0.0094,-0.057800000000000004,7.0261000000000005
2026-07-28 09:56:17.786000-04:00,CRWV,2026-09-18,115.0,C,91,5,1.1300000000000001,50,648,5,1.27,50,2026-07-28 06:30:20-04:00,6067.0,1.2000000000000002,0.1399999999999999,0.11666666666666657,52,65.425,0.757737867787543,0.14315784746036275,1.0447388257382229,0.11199080390087107,-3.66351,1.67,1.83,6052.0,1.0115,0.1463,0.008400000000000001,-0.059800000000000006,6.1855
2026-07-28 09:56:17.071000-04:00,CRWV,2026-09-18,115.0,P,11,76,49.6,50,5,31,51.0,50,2026-07-28 06:30:15-04:00,1443.0,50.3,1.3999999999999986,0.027833001988071544,52,65.425,0.757737867787543,0.14315784746036275,1.070493962184077,-0.8804272043012196,-2.94851,44.550000000000004,46.95,1443.0,1.0727,-0.8338,0.0086,-0.057600000000000005,6.7251
2026-07-28 09:56:18.130000-04:00,CRWV,2026-09-18,120.0,C,18,11,0.92,50,753,5,1.07,50,2026-07-28 06:30:25-04:00,14896.0,0.9950000000000001,0.15000000000000002,0.15075376884422112,52,65.425,0.8341612533435232,0.14315784746036275,1.0528562258251106,0.09502845486111045,-4.00751,1.34,1.5,14912.0,1.0126,0.1228,0.0074,-0.0531,5.4849000000000006
2026-07-28 09:56:16.485000-04:00,CRWV,2026-09-18,120.0,P,6,31,54.35,50,5,31,55.85,50,2026-07-28 06:30:10-04:00,2322.0,55.1,1.5,0.02722323049001815,52,65.425,0.8341612533435232,0.14315784746036275,1.0886406580688066,-0.8950825683912864,-2.36251,49.15,51.7,2322.0,1.0853000000000002,-0.8546,0.0077,-0.0519,6.1585
2026-07-28 09:56:18.186000-04:00,CRWV,2026-09-18,125.0,C,359,65,0.72,50,789,5,0.92,50,2026-07-28 06:30:00-04:00,4257.0,0.8200000000000001,0.20000000000000007,0.2439024390243903,52,65.425,0.9105846388995034,0.14315784746036275,1.058361369398519,0.08024001309609069,-4.06351,1.1,1.23,4244.0,1.0153,0.1033,0.006500000000000001,-0.047,4.8501
2026-07-28 09:56:16.734000-04:00,CRWV,2026-09-18,125.0,P,716,65,57.95,50,5,31,60.7,50,2026-07-28 06:30:20-04:00,2280.0,59.325,2.75,0.04635482511588706,52,65.425,0.9105846388995034,0.14315784746036275,0.9224652356946218,-0.9520854706178725,-2.61151,53.45,56.25,2281.0,1.0431000000000001,-0.8884000000000001,0.0067,-0.0386,5.1231
2026-07-28 09:56:17.664000-04:00,CRWV,2026-09-18,130.0,C,482,5,0.59,50,749,5,0.73,50,2026-07-28 06:30:25-04:00,7276.0,0.6599999999999999,0.14,0.21212121212121215,52,65.425,0.9870080244554835,0.14315784746036275,1.058070032339315,0.06655814704961724,-3.54151,0.87,1.01,7189.0,1.0156,0.0863,0.0057,-0.0412,4.2485
2026-07-28 09:56:16.677000-04:00,CRWV,2026-09-18,130.0,P,5,31,63.1,50,12,11,65.7,50,2026-07-28 06:30:15-04:00,497.0,64.4,2.6000000000000014,0.04037267080745344,52,65.425,0.9870080244554835,0.14315784746036275,1.0049961324278005,-0.9454060383679163,-2.55451,58.300000000000004,61.300000000000004,497.0,1.0885,-0.8934000000000001,0.006200000000000001,-0.0386,4.9569
2026-07-28 09:56:18.385000-04:00,CRWV,2026-09-18,135.0,C,861,5,0.41000000000000003,50,631,5,0.62,50,2026-07-28 06:30:20-04:00,2812.0,0.515,0.20999999999999996,0.40776699029126207,52,65.425,1.0634314100114635,0.14315784746036275,1.0517027881023873,0.053887144540791576,-4.26251,0.74,0.84,2634.0,1.0238,0.07400000000000001,0.005,-0.0369,3.7826
2026-07-28 09:56:16.877000-04:00,CRWV,2026-09-18,135.0,P,5,31,68.0,50,21,65,70.7,50,2026-07-28 06:30:15-04:00,494.0,69.35,2.700000000000003,0.038932948810382166,52,65.425,1.0634314100114635,0.14315784746036275,1.0379688665911406,-0.9489533396211396,-2.75451,63.1,66.4,494.0,1.1309,-0.8979,0.0058000000000000005,-0.038400000000000004,4.803100000000001
2026-07-28 09:56:17.392000-04:00,CRWV,2026-09-18,140.0,C,61,42,0.41000000000000003,50,690,5,0.53,50,2026-07-28 06:30:05-04:00,7547.0,0.47000000000000003,0.12,0.2553191489361702,52,65.425,1.1398547955674436,0.14315784746036275,1.074447156798101,0.04894424782299279,-3.26951,0.62,0.71,7544.0,1.0291000000000001,0.063,0.0044,-0.0328,3.3416
2026-07-28 09:56:16.323000-04:00,CRWV,2026-09-18,140.0,P,5,31,72.85000000000001,50,7,43,75.65,50,2026-07-28 06:30:00-04:00,312.0,74.25,2.799999999999997,0.03771043771043767,52,65.425,1.1398547955674436,0.14315784746036275,1.0472298220145704,-0.9562399806908968,-2.20051,68.2,71.05,312.0,1.1535,-0.9065000000000001,0.0053,-0.0356,4.5055000000000005
2026-07-28 09:56:18.906000-04:00,CRWV,2026-09-18,145.0,C,1205,65,0.18,50,710,65,0.52,50,2026-07-28 06:30:20-04:00,1136.0,0.35,0.34,0.9714285714285715,52,65.425,1.2162781811234238,0.14315784746036275,1.0592295960958618,0.03817112561673615,-4.78351,0.48,0.66,1169.0,1.0402,0.055,0.0039000000000000003,-0.0298,3.0048000000000004
2026-07-28 09:56:16.391000-04:00,CRWV,2026-09-18,145.0,P,12,65,77.8,50,12,4,80.65,50,2026-07-28 06:30:15-04:00,283.0,79.225,2.8500000000000085,0.03597349321552551,52,65.425,1.2162781811234238,0.14315784746036275,1.0851221469523418,-0.9573151588781383,-2.26851,73.35000000000001,75.7,283.0,1.1788,-0.913,0.0049,-0.0335,4.2689
2026-07-28 09:56:17.739000-04:00,CRWV,2026-09-18,150.0,C,515,65,0.25,50,963,65,0.46,50,2026-07-28 06:30:25-04:00,7786.0,0.355,0.21000000000000002,0.591549295774648,52,65.425,1.292701566679404,0.14315784746036275,1.0969998548910984,0.03762588737369434,-3.61651,0.43,0.5,7783.0,1.0378,0.045700000000000005,0.0034000000000000002,-0.0256,2.591
2026-07-28 09:56:16.336000-04:00,CRWV,2026-09-18,150.0,P,5,31,83.55,50,5,31,86.35000000000001,50,2026-07-28 06:30:10-04:00,253.0,84.95,2.8000000000000114,0.03296056503825793,52,65.425,1.292701566679404,0.14315784746036275,1.3624505686272088,-0.9101501625662428,-2.21351,78.0,81.15,253.0,1.2369,-0.9108,0.0048000000000000004,-0.0363,4.348
2026-07-28 09:56:18.771000-04:00,CRWV,2026-09-18,155.0,C,1116,65,0.15,50,770,65,0.43,50,2026-07-28 06:30:25-04:00,1940.0,0.29,0.28,0.9655172413793105,52,65.425,1.369124952235384,0.14315784746036275,1.0961560002709345,0.03146568752485041,-4.64851,0.39,0.58,1940.0,1.0806,0.046,0.0033,-0.0268,2.6048
2026-07-28 09:56:16.345000-04:00,CRWV,2026-09-18,155.0,P,5,31,87.75,50,5,31,91.35000000000001,50,2026-07-28 06:30:10-04:00,82.0,89.55000000000001,3.6000000000000085,0.04020100502512572,52,65.425,1.369124952235384,0.14315784746036275,1.2962720184272203,-0.9335431986592887,-2.22251,83.10000000000001,85.55,82.0,1.2201,-0.9253,0.004200000000000001,-0.028800000000000003,3.8064
2026-07-28 09:56:18.755000-04:00,CRWV,2026-09-18,160.0,C,1098,65,0.11,50,20,11,0.3,50,2026-07-28 06:30:05-04:00,2382.0,0.205,0.19,0.926829268292683,52,65.425,1.4455483377913643,0.14315784746036275,1.073033826723688,0.023472749130314274,-4.63251,0.23,0.47000000000000003,2392.0,1.0589,0.0354,0.0027,-0.0212,2.107
2026-07-28 09:56:16.484000-04:00,CRWV,2026-09-18,160.0,P,5,31,92.75,50,5,31,96.15,50,2026-07-28 06:30:00-04:00,64.0,94.45,3.4000000000000057,0.03599788247750138,52,65.425,1.4455483377913643,0.14315784746036275,1.3073865983871253,-0.9394209038622233,-2.36151,87.95,90.5,64.0,1.2362,-0.9311,0.0039000000000000003,-0.0262,3.5766
2026-07-28 09:56:18.922000-04:00,CRWV,2026-09-18,165.0,C,1197,65,0.06,50,1159,65,0.49,50,2026-07-28 06:30:20-04:00,1817.0,0.275,0.43,1.5636363636363635,52,65.425,1.5219717233473444,0.14315784746036275,1.1497781913921998,0.028924193748132307,-4.79951,0.27,0.33,1818.0,1.0648,0.0307,0.0024000000000000002,-0.019,1.8744
2026-07-28 09:56:16.388000-04:00,CRWV,2026-09-18,165.0,P,5,31,97.75,50,5,31,101.3,50,2026-07-28 06:30:15-04:00,71.0,99.525,3.549999999999997,0.03566942979150964,52,65.425,1.5219717233473444,0.14315784746036275,1.3741431673265632,-0.9343728960191806,-2.26551,92.8,95.5,71.0,1.2581,-0.935,0.0037,-0.0245,3.4187000000000003
2026-07-28 09:56:18.609000-04:00,CRWV,2026-09-18,170.0,C,3,7,0.16,50,724,65,0.35000000000000003,50,2026-07-28 06:30:25-04:00,5601.0,0.255,0.19000000000000003,0.7450980392156864,52,65.425,1.5983951089033246,0.14315784746036275,1.1664814743240302,0.026738523541520412,-4.48651,0.22,0.3,5612.0,1.0718,0.0269,0.0021000000000000003,-0.0171,1.6784000000000001
2026-07-28 09:56:15.418000-04:00,CRWV,2026-09-18,170.0,P,1,73,104.4,50,1,73,105.35000000000001,50,2026-07-28 06:30:10-04:00,35.0,104.875,0.9500000000000028,0.0090584028605483,52,65.425,1.5983951089033246,0.14315784746036275,1.514606704631439,-0.9147542226718262,-1.29551,98.8,99.55,35.0,1.3045,-0.9335,0.0036000000000000003,-0.0263,3.4775
2026-07-28 09:56:18.408000-04:00,CRWV,2026-09-18,175.0,C,827,65,0.07,50,821,65,0.41000000000000003,50,2026-07-28 06:30:05-04:00,913.0,0.24000000000000002,0.34,1.4166666666666667,52,65.425,1.6748184944593048,0.14315784746036275,1.1845444257149869,0.025027280750766795,-4.28551,0.14,0.41000000000000003,934.0,1.1056000000000001,0.027100000000000003,0.002,-0.0177,1.6875
2026-07-28 09:56:16.361000-04:00,CRWV,2026-09-18,175.0,P,1,11,107.60000000000001,50,1,11,111.9,50,2026-07-28 06:30:00-04:00,13.0,109.75,4.299999999999997,0.03917995444191341,52,65.425,1.6748184944593048,0.14315784746036275,1.520916633988525,-0.9211618796013423,-2.23851,102.25,106.0,13.0,1.3298,-0.936,0.0034000000000000002,-0.0253,3.3786
2026-07-28 09:56:18.857000-04:00,CRWV,2026-09-18,180.0,C,8,5,0.1,50,815,65,0.36,50,2026-07-28 06:30:20-04:00,2917.0,0.22999999999999998,0.26,1.1304347826086958,52,65.425,1.751241880015285,0.14315784746036275,1.2045427946790177,0.02378034331829922,-4.73451,0.1,0.22,2928.0,1.0554000000000001,0.0175,0.0015,-0.0117,1.1712
2026-07-28 09:56:16.361000-04:00,CRWV,2026-09-18,180.0,P,1,11,112.60000000000001,50,1,11,116.9,50,2026-07-28 06:30:00-04:00,0.0,114.75,4.299999999999997,0.037472766884531564,52,65.425,1.751241880015285,0.14315784746036275,1.559501110335265,-0.920921404582675,-2.23851,107.0,111.3,0.0,1.377,-0.9339000000000001,0.0034000000000000002,-0.0274,3.4621
2026-07-28 09:56:18.674000-04:00,CRWV,2026-09-18,185.0,C,17,65,0.08,50,831,65,0.36,50,2026-07-28 06:30:25-04:00,476.0,0.22,0.27999999999999997,1.2727272727272725,52,65.425,1.827665265571265,0.14315784746036275,1.2232372398811358,0.02257933427650922,-4.55151,0.08,0.43,475.0,1.1480000000000001,0.0247,0.0018000000000000002,-0.017,1.5608
2026-07-28 09:56:16.361000-04:00,CRWV,2026-09-18,185.0,P,1,11,117.60000000000001,50,1,11,121.9,50,2026-07-28 06:30:20-04:00,0.0,119.75,4.299999999999997,0.03590814196242169,52,65.425,1.827665265571265,0.14315784746036275,1.5970626737300864,-0.9206417939938446,-2.23851,112.55,116.0,0.0,1.4478,-0.9272,0.0035,-0.0329,3.7295000000000003
2026-07-28 09:56:18.168000-04:00,CRWV,2026-09-18,190.0,C,14,65,0.06,50,508,65,0.25,50,2026-07-28 06:30:05-04:00,5017.0,0.155,0.19,1.2258064516129032,52,65.425,1.9040886511272452,0.14315784746036275,1.1928321536211994,0.016794394295087313,-4.04551,0.07,0.28,5018.0,1.1138000000000001,0.0178,0.0014,-0.0125,1.1829
2026-07-28 09:56:16.361000-04:00,CRWV,2026-09-18,190.0,P,1,11,122.60000000000001,50,1,11,126.9,50,2026-07-28 06:30:25-04:00,0.0,124.75,4.299999999999997,0.03446893787575148,52,65.425,1.9040886511272452,0.14315784746036275,1.6336605343551474,-0.9203278300572484,-2.23851,117.10000000000001,121.0,0.0,1.4214,-0.9384,0.0031000000000000003,-0.025400000000000002,3.2769000000000004
2026-07-28 09:56:18.307000-04:00,CRWV,2026-09-18,195.0,C,8,11,0.04,50,878,65,0.31,50,2026-07-28 06:30:00-04:00,3999.0,0.175,0.27,1.5428571428571431,52,65.425,1.9805120366832254,0.14315784746036275,1.2353192506598156,0.0182342915126421,-4.18451,0.06,0.34,3999.0,1.1617,0.0199,0.0015,-0.0143,1.3009000000000002
2026-07-28 09:56:16.364000-04:00,CRWV,2026-09-18,195.0,P,5,31,127.60000000000001,50,1,11,131.9,50,2026-07-28 06:30:10-04:00,0.0,129.75,4.299999999999997,0.033140655105973006,52,65.425,1.9805120366832254,0.14315784746036275,1.6693487139205758,-0.9199835863374659,-2.24151,122.60000000000001,125.5,0.0,1.457,-0.9379000000000001,0.0031000000000000003,-0.0263,3.2982
2026-07-28 09:56:17.734000-04:00,CRWV,2026-09-18,200.0,C,243,65,0.03,50,786,65,0.24,50,2026-07-28 06:30:00-04:00,5288.0,0.135,0.21,1.5555555555555554,52,65.425,2.056935422239205,0.14315784746036275,1.2186527204979678,0.014572212251203677,-3.61151,0.04,0.22,5288.0,1.1234,0.013900000000000001,0.0011,-0.0102,0.9575
2026-07-28 09:56:16.361000-04:00,CRWV,2026-09-18,200.0,P,1,11,132.6,50,1,11,136.9,50,2026-07-28 06:30:15-04:00,0.0,134.75,4.300000000000011,0.031910946196660565,52,65.425,2.056935422239205,0.14315784746036275,1.7041766512744323,-0.9196125534282891,-2.23851,127.55,131.0,0.0,1.5541,-0.9262,0.0033,-0.0358,3.7679
2026-07-28 09:56:16.360000-04:00,CRWV,2026-09-18,210.0,C,9,76,0.04,50,15,76,0.13,50,2026-07-28 06:30:20-04:00,2369.0,0.085,0.09,1.0588235294117645,52,65.425,2.2097821933511654,0.14315784746036275,1.196715354588742,0.00970275280951984,-2.23751,0.1,0.15,2352.0,1.1562000000000001,0.0126,0.001,-0.0097,0.8841
2026-07-28 09:56:16.361000-04:00,CRWV,2026-09-18,210.0,P,1,11,142.6,50,1,11,146.9,50,2026-07-28 06:30:20-04:00,0.0,144.75,4.300000000000011,0.029706390328152064,52,65.425,2.2097821933511654,0.14315784746036275,1.7714296737418274,-0.9188017468369691,-2.23851,137.1,141.0,0.0,1.5595,-0.9362,0.0029000000000000002,-0.0291,3.3707000000000003
2026-07-28 09:56:16.387000-04:00,CRWV,2026-09-18,220.0,C,11,76,0.01,50,30,4,0.23,50,2026-07-28 06:30:15-04:00,345.0,0.12000000000000001,0.22,1.8333333333333333,52,65.425,2.3626289644631258,0.14315784746036275,1.285373511538679,0.012555991162859005,-2.26451,0.07,0.14,345.0,1.1726,0.0106,0.0008,-0.008400000000000001,0.76
2026-07-28 09:56:16.361000-04:00,CRWV,2026-09-18,220.0,P,1,11,152.6,50,1,11,156.9,50,2026-07-28 06:30:00-04:00,0.0,154.75,4.300000000000011,0.02778675282714062,52,65.425,2.3626289644631258,0.14315784746036275,1.8357414038659012,-0.917915008617731,-2.23851,147.1,151.0,0.0,1.6245,-0.9349000000000001,0.0028,-0.0309,3.4224
2026-07-28 09:56:16.832000-04:00,CRWV,2026-09-18,230.0,C,6,76,0.01,50,14,65,0.19,50,2026-07-28 06:30:20-04:00,305.0,0.1,0.18,1.7999999999999998,52,65.425,2.515475735575086,0.14315784746036275,1.296963543414618,0.010558664522831746,-2.70951,0.05,0.24,305.0,1.2574,0.0135,0.001,-0.0112,0.9388000000000001
2026-07-28 09:56:16.361000-04:00,CRWV,2026-09-18,230.0,P,1,11,162.6,50,1,11,166.9,50,2026-07-28 06:30:20-04:00,0.0,164.75,4.300000000000011,0.026100151745068353,52,65.425,2.515475735575086,0.14315784746036275,1.8973868656524004,-0.9169672866656232,-2.23851,157.35,161.1,0.0,1.7332,-0.9259000000000001,0.0029000000000000002,-0.039400000000000004,3.7832000000000003
2026-07-28 09:56:16.382000-04:00,CRWV,2026-09-18,240.0,C,8,11,0.01,50,25,65,0.19,50,2026-07-28 06:30:00-04:00,5476.0,0.1,0.18,1.7999999999999998,52,65.425,2.6683225066870464,0.14315784746036275,1.33319189772764,0.010331928403884983,-2.25951,0.05,0.2,5476.0,1.2710000000000001,0.011600000000000001,0.0008,-0.0099,0.8228000000000001
2026-07-28 09:56:16.361000-04:00,CRWV,2026-09-18,240.0,P,1,11,172.6,50,1,11,176.9,50,2026-07-28 06:30:25-04:00,0.0,174.75,4.300000000000011,0.02460658082975686,52,65.425,2.6683225066870464,0.14315784746036275,1.9566031302182862,-0.9159701647306403,-2.23851,167.70000000000002,170.5,0.0,1.7598,-0.9302,0.0028,-0.036500000000000005,3.6131
2026-07-28 09:56:18.396000-04:00,CRWV,2026-09-18,250.0,C,0,1,0.0,50,1157,65,0.38,50,2026-07-28 06:30:00-04:00,1116.0,0.19,0.38,2.0,52,65.425,2.8211692777990067,0.14315784746036275,1.4733695533855726,0.017146031978402625,-4.27351,0.05,0.22,1113.0,1.3175000000000001,0.012100000000000001,0.0008,-0.0106,0.8533000000000001
2026-07-28 09:56:16.364000-04:00,CRWV,2026-09-18,250.0,P,5,31,182.75,50,1,11,186.9,50,2026-07-28 06:30:25-04:00,0.0,184.825,4.150000000000006,0.022453672392804037,52,65.425,2.8211692777990067,0.14315784746036275,2.0327875891961047,-0.9117473593530487,-2.24151,177.55,181.0,0.0,1.8617000000000001,-0.9216000000000001,0.0029000000000000002,-0.0449,3.9467000000000003
2026-07-28 09:56:15.412000-04:00,CRWV,2026-09-18,260.0,C,0,42,0.0,50,4,5,0.18,50,2026-07-28 06:30:05-04:00,416.0,0.09,0.18,2.0,52,65.425,2.974016048910967,0.14315784746036275,1.3848784786726311,0.009106215899846474,-1.28951,0.03,0.18,416.0,1.3121,0.009600000000000001,0.0007,-0.0086,0.6941
2026-07-28 09:56:16.364000-04:00,CRWV,2026-09-18,260.0,P,5,31,192.75,50,1,11,196.9,50,2026-07-28 06:30:20-04:00,0.0,194.825,4.150000000000006,0.02130116771461571,52,65.425,2.974016048910967,0.14315784746036275,2.087567355320494,-0.910740266071745,-2.24151,187.6,190.5,0.0,1.8586,-0.9299000000000001,0.0026000000000000003,-0.0381,3.6246
2026-07-28 09:56:15.721000-04:00,CRWV,2026-09-18,270.0,C,0,42,0.0,50,12,5,0.27,50,2026-07-28 06:30:15-04:00,812.0,0.135,0.27,2.0,52,65.425,3.126862820022927,0.14315784746036275,1.480688842760192,0.012520563864037125,-1.59851,0.02,0.2,812.0,1.3585,0.0102,0.0007,-0.0094,0.735
2026-07-28 09:56:16.361000-04:00,CRWV,2026-09-18,270.0,P,1,11,202.6,50,1,11,206.9,50,2026-07-28 06:30:00-04:00,0.0,204.75,4.300000000000011,0.02100122100122106,52,65.425,3.126862820022927,0.14315784746036275,2.1216110729709525,-0.9127645547330625,-2.23851,197.35,201.1,0.0,1.9567,-0.9215000000000001,0.0027,-0.0465,3.9520000000000004
2026-07-28 09:56:16.421000-04:00,CRWV,2026-09-18,280.0,C,1,31,0.03,50,8,76,0.18,50,2026-07-28 06:30:15-04:00,4909.0,0.105,0.15,1.4285714285714286,52,65.425,3.2797095911348872,0.14315784746036275,1.4702240167923766,0.010007473406420754,-2.29851,0.02,0.14,4909.0,1.3421,0.0077,0.0005,-0.007200000000000001,0.5721
2026-07-28 09:56:16.364000-04:00,CRWV,2026-09-18,280.0,P,5,31,212.75,50,1,11,216.9,50,2026-07-28 06:30:25-04:00,0.0,214.825,4.150000000000006,0.019318049575235686,52,65.425,3.2797095911348872,0.14315784746036275,2.1916113677936737,-0.9086353445104325,-2.24151,207.35,211.20000000000002,0.0,2.0201000000000002,-0.9184,0.0027,-0.0502,4.0699000000000005
2026-07-28 09:56:16.305000-04:00,CRWV,2026-10-16,35.0,C,5,6,30.85,50,5,6,33.8,50,2026-07-28 06:30:07-04:00,5.0,32.325,2.9499999999999957,0.09126063418406792,80,65.425,-0.4650363011081391,0.21987017622748606,1.1817135874751212,0.922265765197538,-2.18251,35.300000000000004,38.9,5.0,1.1159000000000001,0.9471,0.0028,-0.027700000000000002,3.5927000000000002
2026-07-28 09:56:17.795000-04:00,CRWV,2026-10-16,35.0,P,657,5,1.0,50,607,65,1.36,50,2026-07-28 06:30:03-04:00,1097.0,1.1800000000000002,0.3600000000000001,0.3050847457627119,80,65.425,-0.4650363011081391,0.21987017622748606,1.0770051846246056,-0.06589315094547599,-3.67251,0.77,1.07,1044.0,1.0847,-0.0495,0.0028,-0.0224,3.4120000000000004
2026-07-28 09:56:17.252000-04:00,CRWV,2026-10-16,37.5,C,10,4,28.8,50,8,31,31.6,50,2026-07-28 06:30:22-04:00,55.0,30.200000000000003,2.8000000000000007,0.09271523178807949,80,65.425,-0.426824608330149,0.21987017622748606,1.149430451909566,0.906083297368319,-3.12951,33.65,36.0,55.0,1.0742,0.9363,0.0034000000000000002,-0.0307,4.1616
2026-07-28 09:56:18.874000-04:00,CRWV,2026-10-16,37.5,P,799,65,1.26,50,241,5,1.72,50,2026-07-28 06:30:02-04:00,358.0,1.49,0.45999999999999996,0.3087248322147651,80,65.425,-0.426824608330149,0.21987017622748606,1.0503829849818018,-0.0818746039540168,-4.75151,1.08,1.36,342.0,1.0721,-0.0634,0.0034000000000000002,-0.0268,4.1493
2026-07-28 09:56:17.671000-04:00,CRWV,2026-10-16,40.0,C,7,65,26.85,50,5,6,29.6,50,2026-07-28 06:30:12-04:00,12.0,28.225,2.75,0.09743135518157661,80,65.425,-0.38861291555215893,0.21987017622748606,1.1356626103817713,0.8859546172963062,-3.54851,31.0,34.35,11.0,1.0554000000000001,0.9211,0.0041,-0.0351,4.9031
2026-07-28 09:56:17.324000-04:00,CRWV,2026-10-16,40.0,P,799,5,1.78,50,345,5,2.2,50,2026-07-28 06:30:17-04:00,1528.0,1.9900000000000002,0.42000000000000015,0.2110552763819096,80,65.425,-0.38861291555215893,0.21987017622748606,1.0500474158824096,-0.10351349831614165,-3.20151,1.4000000000000001,1.72,1328.0,1.056,-0.0789,0.0041,-0.031200000000000002,4.9066
2026-07-28 09:56:16.422000-04:00,CRWV,2026-10-16,42.5,C,33,65,25.0,50,164,65,27.2,50,2026-07-28 06:30:07-04:00,40.0,26.1,2.1999999999999993,0.08429118773946356,80,65.425,-0.35040122277416885,0.21987017622748606,1.0886728528239082,0.8677988147151832,-2.29951,29.2,31.55,40.0,1.0009000000000001,0.909,0.0049,-0.0371,5.457800000000001
2026-07-28 09:56:16.711000-04:00,CRWV,2026-10-16,42.5,P,696,5,2.34,50,99,5,2.7,50,2026-07-28 06:30:02-04:00,614.0,2.52,0.3600000000000003,0.142857142857143,80,65.425,-0.35040122277416885,0.21987017622748606,1.0398806314237141,-0.1261052866953143,-2.58851,1.82,2.08,614.0,1.0387,-0.0961,0.0049,-0.035500000000000004,5.6863
2026-07-28 09:56:16.388000-04:00,CRWV,2026-10-16,45.0,C,59,65,22.95,50,29,4,25.8,50,2026-07-28 06:30:22-04:00,13.0,24.375,2.8500000000000014,0.11692307692307698,80,65.425,-0.31218952999617877,0.21987017622748606,1.0929809552030736,0.8418608337432303,-2.26551,27.1,29.55,13.0,0.9860000000000001,0.8897,0.0057,-0.041600000000000005,6.2823
2026-07-28 09:56:17.689000-04:00,CRWV,2026-10-16,45.0,P,799,65,2.95,50,181,5,3.35,50,2026-07-28 06:30:17-04:00,2185.0,3.1500000000000004,0.3999999999999999,0.12698412698412695,80,65.425,-0.31218952999617877,0.21987017622748606,1.0326747346086396,-0.1511404473278719,-3.56651,2.3000000000000003,2.68,2192.0,1.0361,-0.11720000000000001,0.0056,-0.0408,6.5629
2026-07-28 09:56:16.571000-04:00,CRWV,2026-10-16,47.5,C,87,5,21.35,50,42,65,23.7,50,2026-07-28 06:30:22-04:00,12.0,22.525,2.349999999999998,0.10432852386237505,80,65.425,-0.2739778372181887,0.21987017622748606,1.0694759870532062,0.8173208738691998,-2.44851,25.7,27.55,12.0,1.0109000000000001,0.8627,0.006500000000000001,-0.049100000000000005,7.3218000000000005
2026-07-28 09:56:17.374000-04:00,CRWV,2026-10-16,47.5,P,1014,65,3.45,50,270,5,4.15,50,2026-07-28 06:30:07-04:00,1862.0,3.8000000000000003,0.7000000000000002,0.18421052631578952,80,65.425,-0.2739778372181887,0.21987017622748606,1.0172496228685204,-0.17707796720533486,-3.25151,2.82,3.25,1862.0,1.022,-0.1386,0.0064,-0.045200000000000004,7.3754
2026-07-28 09:56:19.110000-04:00,CRWV,2026-10-16,50.0,C,284,5,19.75,50,693,65,22.0,50,2026-07-28 06:30:02-04:00,68.0,20.875,2.25,0.10778443113772455,80,65.425,-0.23576614444019872,0.21987017622748606,1.0617096055321533,0.7896296536189553,-4.98751,23.6,25.85,67.0,0.9948,0.8397,0.0073,-0.0533,8.1218
2026-07-28 09:56:17.599000-04:00,CRWV,2026-10-16,50.0,P,916,5,4.3500000000000005,50,145,5,4.9,50,2026-07-28 06:30:12-04:00,12055.0,4.625,0.5499999999999998,0.11891891891891888,80,65.425,-0.23576614444019872,0.21987017622748606,1.0133630256578308,-0.20601156727944248,-3.47651,3.6,4.0,8984.0,1.0279,-0.1643,0.007200000000000001,-0.050800000000000005,8.2561
2026-07-28 09:56:17.398000-04:00,CRWV,2026-10-16,55.0,C,417,5,16.8,50,594,5,18.5,50,2026-07-28 06:30:12-04:00,32.0,17.65,1.6999999999999993,0.09631728045325776,80,65.425,-0.15934275888421856,0.21987017622748606,1.0288251588295407,0.7315931513033633,-3.27551,20.75,22.45,32.0,1.0121,0.7836000000000001,0.0086,-0.0644,9.778500000000001
2026-07-28 09:56:19.002000-04:00,CRWV,2026-10-16,55.0,P,1138,5,6.1000000000000005,50,15,5,6.8500000000000005,50,2026-07-28 06:30:26-04:00,2076.0,6.4750000000000005,0.75,0.11583011583011582,80,65.425,-0.15934275888421856,0.21987017622748606,0.9980951315891846,-0.2669632134918901,-4.87951,5.15,5.55,2070.0,1.0102,-0.21610000000000001,0.008700000000000001,-0.058800000000000005,9.7741
2026-07-28 09:56:18.027000-04:00,CRWV,2026-10-16,60.0,C,540,5,14.35,50,609,5,15.200000000000001,50,2026-07-28 06:30:17-04:00,84.0,14.775,0.8500000000000014,0.05752961082910331,80,65.425,-0.0829193733282384,0.21987017622748606,1.00108737662808,0.6686553301224647,-3.90451,18.05,19.05,114.0,0.9986,0.727,0.0099,-0.0716,11.0861
2026-07-28 09:56:16.592000-04:00,CRWV,2026-10-16,60.0,P,493,65,8.5,50,256,5,9.25,50,2026-07-28 06:30:22-04:00,1141.0,8.875,0.75,0.08450704225352113,80,65.425,-0.0829193733282384,0.21987017622748606,1.0014997316284475,-0.331339695466329,-2.46951,7.05,7.65,1130.0,1.0052,-0.2732,0.0099,-0.0661,11.0919
2026-07-28 09:56:17.195000-04:00,CRWV,2026-10-16,65.0,C,317,65,12.1,50,1036,5,13.65,50,2026-07-28 06:30:26-04:00,47.0,12.875,1.5500000000000007,0.12038834951456316,80,65.425,-0.006495987772258238,0.21987017622748606,1.0302440545762452,0.6070527487600915,-3.07251,15.1,16.6,47.0,0.9882000000000001,0.6676000000000001,0.011000000000000001,-0.077,12.1112
2026-07-28 09:56:18.432000-04:00,CRWV,2026-10-16,65.0,P,951,5,11.15,50,141,65,11.9,50,2026-07-28 06:30:12-04:00,1937.0,11.525,0.75,0.0650759219088937,80,65.425,-0.006495987772258238,0.21987017622748606,0.9959034197018709,-0.39564631253567817,-4.30951,9.35,9.700000000000001,2136.0,0.9867,-0.33230000000000004,0.011000000000000001,-0.0704,12.1114
2026-07-28 09:56:17.280000-04:00,CRWV,2026-10-16,67.5,C,726,5,11.05,50,297,5,11.85,50,2026-07-28 06:30:27-04:00,59.0,11.45,0.7999999999999989,0.06986899563318769,80,65.425,0.03171570500573173,0.21987017622748606,0.994443449316167,0.5727578113605897,-3.15751,14.1,15.15,59.0,0.9832000000000001,0.6374000000000001,0.0114,-0.0789,12.505600000000001
2026-07-28 09:56:17.787000-04:00,CRWV,2026-10-16,67.5,P,1007,5,12.450000000000001,50,122,5,13.35,50,2026-07-28 06:30:12-04:00,428.0,12.9,0.8999999999999986,0.069767441860465,80,65.425,0.03171570500573173,0.21987017622748606,0.9873433675360472,-0.42803569125128305,-3.66451,10.6,11.3,431.0,0.9962000000000001,-0.3619,0.0112,-0.0732,12.499
2026-07-28 09:56:17.129000-04:00,CRWV,2026-10-16,70.0,C,560,5,10.1,50,962,5,11.35,50,2026-07-28 06:30:07-04:00,453.0,10.725,1.25,0.11655011655011656,80,65.425,0.06992739778372181,0.21987017622748606,1.0110294110118712,0.5443470958215341,-3.00651,13.1,14.0,202.0,0.9848,0.6077,0.0117,-0.08080000000000001,12.8152
2026-07-28 09:56:17.553000-04:00,CRWV,2026-10-16,70.0,P,1049,5,13.700000000000001,50,336,5,15.0,50,2026-07-28 06:30:21-04:00,6381.0,14.350000000000001,1.299999999999999,0.09059233449477344,80,65.425,0.06992739778372181,0.21987017622748606,0.9789456484250739,-0.4602707525049873,-3.43051,11.950000000000001,12.4,5675.0,0.9828,-0.39230000000000004,0.0117,-0.0737,12.816600000000001
2026-07-28 09:56:16.902000-04:00,CRWV,2026-10-16,72.5,C,425,65,9.3,50,1260,65,11.0,50,2026-07-28 06:30:27-04:00,315.0,10.15,1.6999999999999993,0.16748768472906397,80,65.425,0.10813909056171189,0.21987017622748606,1.033905667923847,0.5188040365638279,-2.77951,11.950000000000001,12.9,291.0,0.9762000000000001,0.5775,0.012,-0.0814,13.0517
2026-07-28 09:56:18.776000-04:00,CRWV,2026-10-16,72.5,P,763,5,15.9,50,192,5,16.6,50,2026-07-28 06:30:07-04:00,3099.0,16.25,0.7000000000000011,0.043076923076923145,80,65.425,0.10813909056171189,0.21987017622748606,1.0015640787637112,-0.486731683919595,-4.65351,13.4,14.0,3063.0,0.9879,-0.4212,0.0118,-0.0752,13.043600000000001
2026-07-28 09:56:16.714000-04:00,CRWV,2026-10-16,75.0,C,324,5,8.55,50,1029,5,9.6,50,2026-07-28 06:30:17-04:00,535.0,9.075,1.049999999999999,0.11570247933884287,80,65.425,0.14635078333970197,0.21987017622748606,1.0105408345174314,0.48628482157117864,-2.59151,11.0,11.950000000000001,510.0,0.9759000000000001,0.5484,0.012100000000000001,-0.08220000000000001,13.2055
2026-07-28 09:56:16.803000-04:00,CRWV,2026-10-16,75.0,P,738,65,16.9,50,126,65,18.25,50,2026-07-28 06:30:12-04:00,3147.0,17.575,1.3500000000000014,0.07681365576102427,80,65.425,0.14635078333970197,0.21987017622748606,0.971648869399807,-0.5216772268408559,-2.68051,14.8,15.55,3152.0,0.9829,-0.4505,0.012,-0.07540000000000001,13.201600000000001
2026-07-28 09:56:17.050000-04:00,CRWV,2026-10-16,77.5,C,344,65,7.8,50,1218,65,9.35,50,2026-07-28 06:30:02-04:00,225.0,8.575,1.5499999999999998,0.18075801749271136,80,65.425,0.18456247611769205,0.21987017622748606,1.0292704057617492,0.4629527323160274,-2.92751,10.3,11.05,222.0,0.9817,0.521,0.012100000000000001,-0.08310000000000001,13.285200000000001
2026-07-28 09:56:16.540000-04:00,CRWV,2026-10-16,77.5,P,986,65,17.8,50,153,65,20.1,50,2026-07-28 06:30:22-04:00,373.0,18.950000000000003,2.3000000000000007,0.12137203166226915,80,65.425,0.18456247611769205,0.21987017622748606,0.9403479029031396,-0.5578258671418086,-2.41751,16.35,17.05,368.0,0.9775,-0.4796,0.0122,-0.0751,13.2864
2026-07-28 09:56:17.625000-04:00,CRWV,2026-10-16,80.0,C,437,5,7.15,50,1037,5,8.25,50,2026-07-28 06:30:07-04:00,1725.0,7.7,1.0999999999999996,0.14285714285714282,80,65.425,0.22277416889568213,0.21987017622748606,1.0125483794333885,0.4327769839524214,-3.50251,9.4,10.25,1706.0,0.9791000000000001,0.4932,0.0122,-0.0829,13.3019
2026-07-28 09:56:16.437000-04:00,CRWV,2026-10-16,80.0,P,984,65,20.25,50,167,65,21.95,50,2026-07-28 06:30:02-04:00,2786.0,21.1,1.6999999999999993,0.08056872037914688,80,65.425,0.22277416889568213,0.21987017622748606,0.9680435507534285,-0.5786497741314155,-2.31451,18.05,18.900000000000002,2752.0,0.9854,-0.5055000000000001,0.012100000000000001,-0.0755,13.3025
2026-07-28 09:56:18.432000-04:00,CRWV,2026-10-16,82.5,C,336,65,6.55,50,1445,65,8.4,50,2026-07-28 06:30:22-04:00,261.0,7.475,1.8500000000000005,0.2474916387959867,80,65.425,0.2609858616736722,0.21987017622748606,1.04549878916373,0.41623518414484295,-4.30951,8.6,9.5,263.0,0.9779,0.46630000000000005,0.012100000000000001,-0.0824,13.2565
2026-07-28 09:56:18.626000-04:00,CRWV,2026-10-16,82.5,P,1004,65,21.400000000000002,50,112,65,23.75,50,2026-07-28 06:30:02-04:00,208.0,22.575000000000003,2.349999999999998,0.10409745293466213,80,65.425,0.2609858616736722,0.21987017622748606,0.9345493467689954,-0.6147650536740421,-4.50351,19.650000000000002,20.55,207.0,0.9782000000000001,-0.5335,0.012100000000000001,-0.0742,13.2567
2026-07-28 09:56:18.776000-04:00,CRWV,2026-10-16,85.0,C,501,65,5.95,50,1067,5,6.9,50,2026-07-28 06:30:26-04:00,972.0,6.425000000000001,0.9500000000000002,0.14785992217898833,80,65.425,0.2991975544516623,0.21987017622748606,1.005081530643913,0.3810527007995965,-4.65351,8.15,8.65,980.0,0.9817,0.44160000000000005,0.012,-0.082,13.161200000000001
2026-07-28 09:56:17.537000-04:00,CRWV,2026-10-16,85.0,P,772,65,24.150000000000002,50,131,65,25.650000000000002,50,2026-07-28 06:30:26-04:00,784.0,24.900000000000002,1.5,0.06024096385542168,80,65.425,0.2991975544516623,0.21987017622748606,0.9689463192882531,-0.6297783542299256,-3.41451,21.55,22.25,782.0,0.9797,-0.5588000000000001,0.012,-0.0734,13.158700000000001
2026-07-28 09:56:18.144000-04:00,CRWV,2026-10-16,87.5,C,674,65,5.4,50,640,65,6.25,50,2026-07-28 06:30:17-04:00,1386.0,5.825,0.8499999999999996,0.1459227467811158,80,65.425,0.3374092472296524,0.21987017622748606,0.9982622922831405,0.35572065753805193,-4.02151,7.45,8.0,1343.0,0.9791000000000001,0.4163,0.0119,-0.08080000000000001,13.010100000000001
2026-07-28 09:56:18.144000-04:00,CRWV,2026-10-16,87.5,P,879,65,25.7,50,106,65,27.7,50,2026-07-28 06:30:17-04:00,853.0,26.7,2.0,0.0749063670411985,80,65.425,0.3374092472296524,0.21987017622748606,0.9541449827689698,-0.6584330106337202,-4.02151,23.2,24.25,853.0,0.9787,-0.5837,0.0119,-0.0721,13.009300000000001
2026-07-28 09:56:16.935000-04:00,CRWV,2026-10-16,90.0,C,532,5,5.0,50,1084,5,5.8500000000000005,50,2026-07-28 06:30:12-04:00,602.0,5.425000000000001,0.8500000000000005,0.15668202764976966,80,65.425,0.37562094000764246,0.21987017622748606,1.0052273723714713,0.33583063671922875,-2.81251,6.8500000000000005,7.25,588.0,0.9735,0.391,0.0118,-0.079,12.8047
2026-07-28 09:56:18.411000-04:00,CRWV,2026-10-16,90.0,P,728,5,28.650000000000002,50,96,65,29.7,50,2026-07-28 06:30:26-04:00,787.0,29.175,1.0499999999999972,0.03598971722365029,80,65.425,0.37562094000764246,0.21987017622748606,0.9957694826157545,-0.6672568169820724,-4.28851,25.05,26.0,786.0,0.9722000000000001,-0.6093000000000001,0.0118,-0.0699,12.8011
2026-07-28 09:56:18.634000-04:00,CRWV,2026-10-16,92.5,C,458,5,4.55,50,622,5,5.4,50,2026-07-28 06:30:12-04:00,335.0,4.975,0.8500000000000005,0.17085427135678405,80,65.425,0.41383263278563254,0.21987017622748606,1.0043662707453027,0.31461372893893064,-4.51151,6.25,6.8,319.0,0.9751000000000001,0.3688,0.0115,-0.0776,12.577900000000001
2026-07-28 09:56:18.634000-04:00,CRWV,2026-10-16,92.5,P,799,65,29.3,50,97,65,31.900000000000002,50,2026-07-28 06:30:02-04:00,348.0,30.6,2.6000000000000014,0.08496732026143795,80,65.425,0.41383263278563254,0.21987017622748606,0.9380453562072097,-0.7085478755500669,-4.51151,27.05,28.2,352.0,0.9858,-0.6279,0.0115,-0.0695,12.613900000000001
2026-07-28 09:56:18.836000-04:00,CRWV,2026-10-16,95.0,C,4,31,4.3,50,1026,5,5.0,50,2026-07-28 06:30:12-04:00,5378.0,4.65,0.7000000000000002,0.15053763440860218,80,65.425,0.4520443255636226,0.21987017622748606,1.0118474801873418,0.29737771102718064,-4.71351,5.8,6.25,5302.0,0.9759000000000001,0.3473,0.011300000000000001,-0.076,12.318000000000001
2026-07-28 09:56:18.665000-04:00,CRWV,2026-10-16,95.0,P,599,65,32.35,50,55,5,34.0,50,2026-07-28 06:30:21-04:00,332.0,33.175,1.6499999999999986,0.04973624717407683,80,65.425,0.4520443255636226,0.21987017622748606,0.9842831771058734,-0.7122468626287791,-4.54251,28.900000000000002,30.05,332.0,0.9762000000000001,-0.6525000000000001,0.011300000000000001,-0.0666,12.3193
2026-07-28 09:56:17.457000-04:00,CRWV,2026-10-16,97.5,C,316,5,3.9,50,509,5,4.5,50,2026-07-28 06:30:17-04:00,452.0,4.2,0.6000000000000001,0.14285714285714288,80,65.425,0.4902560183416127,0.21987017622748606,1.0044095972358207,0.27607201883037735,-3.33451,5.3,5.8,450.0,0.9757,0.3267,0.011000000000000001,-0.0742,12.028
2026-07-28 09:56:16.392000-04:00,CRWV,2026-10-16,97.5,P,231,65,35.1,50,50,65,36.2,50,2026-07-28 06:30:26-04:00,974.0,35.650000000000006,1.1000000000000014,0.030855539971949543,80,65.425,0.4902560183416127,0.21987017622748606,1.0193877463070644,-0.7186523786942809,-2.26951,30.75,32.3,971.0,0.9795,-0.672,0.011000000000000001,-0.0649,12.047
2026-07-28 09:56:17.787000-04:00,CRWV,2026-10-16,100.0,C,432,5,3.5500000000000003,50,346,5,4.0,50,2026-07-28 06:30:07-04:00,1891.0,3.7750000000000004,0.44999999999999973,0.11920529801324495,80,65.425,0.5284677111196026,0.21987017622748606,0.9958729332729273,0.25530621273708004,-3.66451,4.9,5.3,1576.0,0.9744,0.30660000000000004,0.0108,-0.07200000000000001,11.7087
2026-07-28 09:56:17.596000-04:00,CRWV,2026-10-16,100.0,P,590,65,36.5,50,53,65,38.300000000000004,50,2026-07-28 06:30:21-04:00,2215.0,37.400000000000006,1.8000000000000043,0.048128342245989414,80,65.425,0.5284677111196026,0.21987017622748606,0.9804970638014501,-0.750310591010523,-3.47351,32.55,34.300000000000004,2209.0,0.9671000000000001,-0.6959000000000001,0.0108,-0.0613,11.6653
2026-07-28 09:56:19.026000-04:00,CRWV,2026-10-16,105.0,C,467,65,3.0,50,322,65,3.4,50,2026-07-28 06:30:07-04:00,3574.0,3.2,0.3999999999999999,0.12499999999999997,80,65.425,0.6048910966755827,0.21987017622748606,0.9978624292115237,0.22365259259473924,-4.90351,3.95,4.55,3539.0,0.9666,0.2675,0.0102,-0.0669,10.9756
2026-07-28 09:56:16.426000-04:00,CRWV,2026-10-16,105.0,P,723,65,40.85,50,59,65,42.800000000000004,50,2026-07-28 06:30:21-04:00,1731.0,41.825,1.9500000000000028,0.04662283323371196,80,65.425,0.6048910966755827,0.21987017622748606,0.9857178996453321,-0.78083240684237,-2.30351,36.9,38.75,1729.0,0.9853000000000001,-0.7257,0.010100000000000001,-0.058600000000000006,11.113000000000001
2026-07-28 09:56:16.663000-04:00,CRWV,2026-10-16,110.0,C,785,65,2.43,50,949,5,3.0500000000000003,50,2026-07-28 06:30:12-04:00,4179.0,2.74,0.6200000000000001,0.22627737226277375,80,65.425,0.6813144822315629,0.21987017622748606,1.0025352434635308,0.19678895245311467,-2.54051,3.5,3.9,3174.0,0.9759000000000001,0.2384,0.0095,-0.0635,10.330400000000001
2026-07-28 09:56:17.610000-04:00,CRWV,2026-10-16,110.0,P,262,65,44.5,50,52,11,47.4,50,2026-07-28 06:30:02-04:00,2257.0,45.95,2.8999999999999986,0.06311207834602826,80,65.425,0.6813144822315629,0.21987017622748606,0.9433698757274507,-0.8251744965732127,-3.48751,41.2,43.1,2257.0,0.9880000000000001,-0.757,0.0094,-0.0541,10.436
2026-07-28 09:56:17.024000-04:00,CRWV,2026-10-16,115.0,C,567,65,2.11,50,895,5,2.62,50,2026-07-28 06:30:12-04:00,1083.0,2.365,0.5100000000000002,0.21564482029598317,80,65.425,0.757737867787543,0.21987017622748606,1.0086591061845949,0.17384228723105505,-2.90151,3.0500000000000003,3.3000000000000003,1077.0,0.9782000000000001,0.2104,0.0088,-0.0592,9.6224
2026-07-28 09:56:17.678000-04:00,CRWV,2026-10-16,115.0,P,778,65,49.1,50,66,5,52.2,50,2026-07-28 06:30:02-04:00,1119.0,50.650000000000006,3.1000000000000014,0.06120434353405728,80,65.425,0.757737867787543,0.21987017622748606,0.9599683434026831,-0.8437839689308556,-3.55551,45.6,47.7,1108.0,0.9983000000000001,-0.7821,0.0088,-0.050300000000000004,9.8191
2026-07-28 09:56:18.027000-04:00,CRWV,2026-10-16,120.0,C,410,5,1.81,50,769,5,2.16,50,2026-07-28 06:30:02-04:00,1400.0,1.985,0.3500000000000001,0.17632241813602018,80,65.425,0.8341612533435232,0.21987017622748606,1.0058751418106766,0.150748064133224,-3.90451,2.5500000000000003,2.84,1360.0,0.9772000000000001,0.1844,0.0081,-0.0546,8.883700000000001
2026-07-28 09:56:17.670000-04:00,CRWV,2026-10-16,120.0,P,701,65,54.45,50,89,65,56.75,50,2026-07-28 06:30:26-04:00,519.0,55.6,2.299999999999997,0.041366906474820095,80,65.425,0.8341612533435232,0.21987017622748606,1.0057605088756407,-0.8492920561665701,-3.54751,49.9,52.35,519.0,0.9977,-0.808,0.0082,-0.045200000000000004,9.1068
2026-07-28 09:56:17.954000-04:00,CRWV,2026-10-16,125.0,C,496,65,1.52,50,836,5,1.93,50,2026-07-28 06:30:26-04:00,1110.0,1.725,0.4099999999999999,0.2376811594202898,80,65.425,0.9105846388995034,0.21987017622748606,1.012208570364609,0.13353973988037537,-3.83151,1.99,2.43,1100.0,0.9669000000000001,0.158,0.0074,-0.0489,8.0473
2026-07-28 09:56:17.518000-04:00,CRWV,2026-10-16,125.0,P,477,65,59.25,50,18,65,61.550000000000004,50,2026-07-28 06:30:07-04:00,126.0,60.400000000000006,2.3000000000000043,0.038079470198675566,80,65.425,0.9105846388995034,0.21987017622748606,1.027015655844647,-0.8614637953333264,-3.39551,54.45,57.1,124.0,1.0099,-0.8264,0.0076,-0.0419,8.5503
2026-07-28 09:56:17.159000-04:00,CRWV,2026-10-16,130.0,C,1005,65,1.19,50,883,5,1.73,50,2026-07-28 06:30:21-04:00,1244.0,1.46,0.54,0.36986301369863017,80,65.425,0.9870080244554835,0.21987017622748606,1.0110470866977523,0.116168040570098,-3.03651,1.79,2.08,1070.0,0.9740000000000001,0.1405,0.0068000000000000005,-0.0455,7.4439
2026-07-28 09:56:16.417000-04:00,CRWV,2026-10-16,130.0,P,5,6,63.85,50,6,65,66.3,50,2026-07-28 06:30:17-04:00,49.0,65.075,2.4499999999999957,0.03764886669227807,80,65.425,0.9870080244554835,0.21987017622748606,1.0240708733586943,-0.8796231968448243,-2.29451,59.7,61.85,49.0,1.0589,-0.8296,0.0071,-0.043300000000000005,8.450000000000001
2026-07-28 09:56:17.427000-04:00,CRWV,2026-10-16,135.0,C,866,65,1.04,50,630,5,1.43,50,2026-07-28 06:30:17-04:00,961.0,1.2349999999999999,0.3899999999999999,0.31578947368421045,80,65.425,1.0634314100114635,0.21987017622748606,1.009631642340491,0.10090354854000311,-3.30451,1.43,1.79,959.0,0.9687,0.1212,0.006200000000000001,-0.0408,6.7202
2026-07-28 09:56:16.356000-04:00,CRWV,2026-10-16,135.0,P,5,6,68.3,50,5,31,71.10000000000001,50,2026-07-28 06:30:07-04:00,44.0,69.7,2.8000000000000114,0.04017216642754679,80,65.425,1.0634314100114635,0.21987017622748606,1.003888658819802,-0.9008522010083344,-2.23351,63.7,66.7,52.0,1.034,-0.8565,0.006500000000000001,-0.0356,7.5449
2026-07-28 09:56:16.529000-04:00,CRWV,2026-10-16,140.0,C,1,31,1.0,50,735,65,1.3,50,2026-07-28 06:30:21-04:00,2989.0,1.15,0.30000000000000004,0.26086956521739135,80,65.425,1.1398547955674436,0.21987017622748606,1.0291613541331817,0.09367002304957606,-2.40651,1.23,1.62,2306.0,0.9763000000000001,0.10840000000000001,0.0057,-0.038,6.2049
2026-07-28 09:56:16.303000-04:00,CRWV,2026-10-16,140.0,P,5,6,73.15,50,5,6,76.15,50,2026-07-28 06:30:02-04:00,28.0,74.65,3.0,0.04018754186202277,80,65.425,1.1398547955674436,0.21987017622748606,1.0376605071355942,-0.9038355664159574,-2.18051,68.45,71.65,28.0,1.0575,-0.8651000000000001,0.0061,-0.0341,7.2366
2026-07-28 09:56:18.705000-04:00,CRWV,2026-10-16,145.0,C,1129,65,0.6900000000000001,50,571,5,1.07,50,2026-07-28 06:30:27-04:00,3227.0,0.8800000000000001,0.38,0.43181818181818177,80,65.425,1.2162781811234238,0.21987017622748606,1.0056910203069929,0.07567113546555282,-4.58251,1.1400000000000001,1.34,3227.0,0.9810000000000001,0.09630000000000001,0.005200000000000001,-0.035,5.6932
2026-07-28 09:56:16.540000-04:00,CRWV,2026-10-16,145.0,P,78,4,78.05,50,6,73,80.95,50,2026-07-28 06:30:17-04:00,690.0,79.5,2.9000000000000057,0.036477987421383716,80,65.425,1.2162781811234238,0.21987017622748606,1.049728805610989,-0.9121952330655021,-2.41751,73.7,76.45,690.0,1.1025,-0.8654000000000001,0.0058000000000000005,-0.035500000000000004,7.223400000000001
2026-07-28 09:56:17.735000-04:00,CRWV,2026-10-16,150.0,C,448,65,0.7000000000000001,50,641,5,0.93,50,2026-07-28 06:30:22-04:00,5354.0,0.8150000000000001,0.22999999999999998,0.2822085889570552,80,65.425,1.292701566679404,0.21987017622748606,1.0216523024986914,0.07000792667840144,-3.61251,1.0,1.17,5305.0,0.9845,0.0853,0.0047,-0.032100000000000004,5.2071000000000005
2026-07-28 09:56:17.067000-04:00,CRWV,2026-10-16,150.0,P,5,6,83.25,50,7,65,85.85000000000001,50,2026-07-28 06:30:17-04:00,17.0,84.55000000000001,2.6000000000000085,0.030751034890597377,80,65.425,1.292701566679404,0.21987017622748606,1.1001594291337846,-0.909049603713324,-2.94451,78.05,81.45,17.0,1.0967,-0.8808,0.0054,-0.0307,6.6363
2026-07-28 09:56:18.319000-04:00,CRWV,2026-10-16,155.0,C,569,65,0.59,50,1593,65,1.1300000000000001,50,2026-07-28 06:30:17-04:00,6055.0,0.8600000000000001,0.5400000000000001,0.6279069767441862,80,65.425,1.369124952235384,0.21987017622748606,1.0624160528022193,0.07129925724516432,-4.19651,0.8300000000000001,1.0,6054.0,0.9807,0.0738,0.004200000000000001,-0.0286,4.6647
2026-07-28 09:56:15.423000-04:00,CRWV,2026-10-16,155.0,P,5,6,87.9,50,5,6,90.9,50,2026-07-28 06:30:22-04:00,58.0,89.4,3.0,0.03355704697986577,80,65.425,1.369124952235384,0.21987017622748606,1.1083793379660423,-0.9168630606690757,-1.30051,82.9,86.35000000000001,58.0,1.1159000000000001,-0.8873000000000001,0.0051,-0.0292,6.3779
2026-07-28 09:56:17.480000-04:00,CRWV,2026-10-16,160.0,C,1486,65,0.37,50,17,31,0.65,50,2026-07-28 06:30:08-04:00,3136.0,0.51,0.28,0.5490196078431373,80,65.425,1.4455483377913643,0.21987017622748606,0.9932833910159692,0.04746560353675252,-3.35751,0.74,0.91,3142.0,0.9898,0.067,0.0039000000000000003,-0.0268,4.33
2026-07-28 09:56:16.295000-04:00,CRWV,2026-10-16,160.0,P,3,5,92.85000000000001,50,5,6,95.95,50,2026-07-28 06:30:27-04:00,26.0,94.4,3.0999999999999943,0.0328389830508474,80,65.425,1.4455483377913643,0.21987017622748606,1.1463765935175336,-0.9161966608398202,-2.17251,87.75,91.25,26.0,1.1343,-0.8931,0.0048000000000000004,-0.027700000000000002,6.139200000000001
2026-07-28 09:56:18.684000-04:00,CRWV,2026-10-16,165.0,C,759,65,0.41000000000000003,50,798,65,0.7000000000000001,50,2026-07-28 06:30:17-04:00,1883.0,0.555,0.29000000000000004,0.5225225225225225,80,65.425,1.5219717233473444,0.21987017622748606,1.0341709685304359,0.04961690415257383,-4.56151,0.6,0.8,1799.0,0.9880000000000001,0.0584,0.0035,-0.024,3.8917
2026-07-28 09:56:16.409000-04:00,CRWV,2026-10-16,165.0,P,5,31,97.8,50,5,31,101.95,50,2026-07-28 06:30:27-04:00,12.0,99.875,4.150000000000006,0.04155193992490619,80,65.425,1.5219717233473444,0.21987017622748606,1.2740829210217461,-0.8918163006683859,-2.28651,92.4,96.2,12.0,1.1371,-0.9026000000000001,0.0045000000000000005,-0.0245,5.7382
2026-07-28 09:56:16.358000-04:00,CRWV,2026-10-16,170.0,C,40,4,0.24,50,40,4,0.89,50,2026-07-28 06:30:12-04:00,503.0,0.565,0.65,1.1504424778761064,80,65.425,1.5983951089033246,0.21987017622748606,1.0628334854659989,0.049393432550311284,-2.23551,0.59,0.71,503.0,1.0009000000000001,0.054200000000000005,0.0032,-0.0229,3.6694
2026-07-28 09:56:16.823000-04:00,CRWV,2026-10-16,170.0,P,5,31,102.75,50,1,11,106.95,50,2026-07-28 06:30:12-04:00,19.0,104.85,4.200000000000003,0.04005722460658086,80,65.425,1.5983951089033246,0.21987017622748606,1.3051985464851814,-0.8927221724900505,-2.70051,97.35000000000001,100.95,19.0,1.1456,-0.9096000000000001,0.004200000000000001,-0.0221,5.431900000000001
2026-07-28 09:56:19.100000-04:00,CRWV,2026-10-16,175.0,C,1628,65,0.19,50,1328,65,0.76,50,2026-07-28 06:30:12-04:00,2808.0,0.475,0.5700000000000001,1.2000000000000002,80,65.425,1.6748184944593048,0.21987017622748606,1.056757150440229,0.04256987532321525,-4.97751,0.46,0.67,2808.0,1.0003,0.0476,0.0029000000000000002,-0.0207,3.3114000000000003
2026-07-28 09:56:19.274000-04:00,CRWV,2026-10-16,175.0,P,5,31,107.75,50,1,5,111.65,50,2026-07-28 06:30:22-04:00,69.0,109.7,3.9000000000000057,0.035551504102096676,80,65.425,1.6748184944593048,0.21987017622748606,1.3126668631121812,-0.899318363851104,-5.15151,102.95,106.10000000000001,69.0,1.2437,-0.8921,0.0044,-0.0307,6.1826
2026-07-28 09:56:17.366000-04:00,CRWV,2026-10-16,180.0,C,1580,65,0.16,50,1317,65,0.55,50,2026-07-28 06:30:22-04:00,8960.0,0.35500000000000004,0.39,1.0985915492957745,80,65.425,1.751241880015285,0.21987017622748606,1.0323301847410142,0.03346563345427437,-3.24351,0.41000000000000003,0.64,8960.0,1.0115,0.0442,0.0027,-0.019700000000000002,3.1188000000000002
2026-07-28 09:56:16.297000-04:00,CRWV,2026-10-16,180.0,P,3,5,112.75,50,3,5,116.3,50,2026-07-28 06:30:17-04:00,56.0,114.525,3.549999999999997,0.03099759877755946,80,65.425,1.751241880015285,0.21987017622748606,1.3131114202207297,-0.9070471870687373,-2.17451,107.75,111.3,56.0,1.2769000000000001,-0.892,0.0043,-0.0315,6.1882
2026-07-28 09:56:18.162000-04:00,CRWV,2026-10-16,185.0,C,1577,65,0.13,50,1228,65,0.64,50,2026-07-28 06:30:27-04:00,399.0,0.385,0.51,1.3246753246753247,80,65.425,1.827665265571265,0.21987017622748606,1.0672247560802977,0.03507913388121485,-4.03951,0.35000000000000003,0.5700000000000001,399.0,1.0144,0.0396,0.0025,-0.0181,2.8554
2026-07-28 09:56:16.336000-04:00,CRWV,2026-10-16,185.0,P,5,31,117.75,50,5,31,121.35000000000001,50,2026-07-28 06:30:08-04:00,50.0,119.55000000000001,3.6000000000000085,0.030112923462986267,80,65.425,1.827665265571265,0.21987017622748606,1.3509168416953674,-0.9051631705380868,-2.21351,112.7,116.25,50.0,1.3015,-0.8938,0.004200000000000001,-0.0313,6.1132
2026-07-28 09:56:18.175000-04:00,CRWV,2026-10-16,190.0,C,38,65,0.11,50,40,4,0.6,50,2026-07-28 06:30:03-04:00,466.0,0.355,0.49,1.380281690140845,80,65.425,1.9040886511272452,0.21987017622748606,1.0754916255551488,0.03244697106066818,-4.05251,0.31,0.53,466.0,1.0214,0.0363,0.0023,-0.016900000000000002,2.6596
2026-07-28 09:56:16.362000-04:00,CRWV,2026-10-16,190.0,P,5,31,122.60000000000001,50,1,11,126.9,50,2026-07-28 06:30:26-04:00,0.0,124.75,4.299999999999997,0.03446893787575148,80,65.425,1.9040886511272452,0.21987017622748606,1.4201693019539299,-0.8954339869287041,-2.23951,116.8,121.4,0.0,1.2690000000000001,-0.9097000000000001,0.0038,-0.024200000000000003,5.4275
2026-07-28 09:56:18.532000-04:00,CRWV,2026-10-16,195.0,C,1652,65,0.07,50,1329,65,0.56,50,2026-07-28 06:30:22-04:00,135.0,0.31500000000000006,0.49000000000000005,1.5555555555555554,80,65.425,1.9805120366832254,0.21987017622748606,1.0771748684970972,0.029129623664651043,-4.40951,0.13,0.67,135.0,1.0349000000000002,0.0345,0.0022,-0.0164,2.5486
2026-07-28 09:56:16.334000-04:00,CRWV,2026-10-16,195.0,P,5,31,127.75,50,5,31,131.35,50,2026-07-28 06:30:27-04:00,50.0,129.55,3.5999999999999943,0.027788498649170157,80,65.425,1.9805120366832254,0.21987017622748606,1.4143687060269283,-0.9037124326823289,-2.21151,122.0,126.35000000000001,50.0,1.3127,-0.9059,0.0038,-0.026500000000000003,5.595000000000001
2026-07-28 09:56:16.482000-04:00,CRWV,2026-10-16,200.0,C,1632,65,0.06,50,1456,65,0.52,50,2026-07-28 06:30:13-04:00,1101.0,0.29000000000000004,0.46,1.586206896551724,80,65.425,2.056935422239205,0.21987017622748606,1.084145376502895,0.02692064064838203,-2.35951,0.3,0.56,1101.0,1.0666,0.0359,0.0022,-0.0175,2.6340000000000003
2026-07-28 09:56:16.362000-04:00,CRWV,2026-10-16,200.0,P,5,31,132.6,50,1,11,136.9,50,2026-07-28 06:30:12-04:00,0.0,134.75,4.300000000000011,0.031910946196660565,80,65.425,2.056935422239205,0.21987017622748606,1.4817544497139015,-0.894222780126066,-2.23951,127.0,131.3,0.0,1.3394000000000001,-0.9061,0.0037,-0.0268,5.5840000000000005
2026-07-28 09:56:17.620000-04:00,CRWV,2026-11-20,40.0,C,35,69,28.2,50,571,5,30.6,50,2026-07-28 06:30:27-04:00,27.0,29.4,2.400000000000002,0.08163265306122457,115,65.425,-0.38861291555215893,0.3158747424375317,1.0916566288500151,0.8702355608484276,-3.49751,32.95,34.6,27.0,1.0361,0.9013,0.004200000000000001,-0.0339,6.935700000000001
2026-07-28 09:56:17.861000-04:00,CRWV,2026-11-20,40.0,P,866,65,2.67,50,266,5,3.25,50,2026-07-28 06:30:12-04:00,1465.0,2.96,0.5800000000000001,0.19594594594594597,115,65.425,-0.38861291555215893,0.3158747424375317,1.0185064313004522,-0.12182841241981135,-3.73851,2.44,2.75,1462.0,1.046,-0.0998,0.0041,-0.030500000000000003,6.9956000000000005
2026-07-28 09:56:16.590000-04:00,CRWV,2026-11-20,42.5,C,61,65,26.150000000000002,50,118,5,28.95,50,2026-07-28 06:30:27-04:00,15.0,27.55,2.799999999999997,0.10163339382940098,115,65.425,-0.35040122277416885,0.3158747424375317,1.0715725930346214,0.8500344434553991,-2.46751,30.75,32.8,15.0,1.0150000000000001,0.8845000000000001,0.0048000000000000004,-0.037000000000000005,7.768400000000001
2026-07-28 09:56:18.330000-04:00,CRWV,2026-11-20,42.5,P,1272,65,3.0,50,118,5,3.95,50,2026-07-28 06:30:12-04:00,617.0,3.475,0.9500000000000002,0.2733812949640288,115,65.425,-0.35040122277416885,0.3158747424375317,0.9928350727056378,-0.14168478903401172,-4.20751,3.0,3.25,617.0,1.0317,-0.1174,0.0047,-0.033800000000000004,7.862100000000001
2026-07-28 09:56:16.590000-04:00,CRWV,2026-11-20,45.0,C,64,65,24.650000000000002,50,244,5,26.45,50,2026-07-28 06:30:07-04:00,45.0,25.55,1.7999999999999972,0.070450097847358,115,65.425,-0.31218952999617877,0.3158747424375317,1.0295840198328654,0.8304631169467083,-2.46751,28.75,31.05,42.0,1.0039,0.8651000000000001,0.0054,-0.0405,8.6562
2026-07-28 09:56:19.548000-04:00,CRWV,2026-11-20,45.0,P,1399,65,3.65,50,602,5,4.9,50,2026-07-28 06:30:03-04:00,361.0,4.275,1.2500000000000004,0.29239766081871355,115,65.425,-0.31218952999617877,0.3158747424375317,0.9933699370055018,-0.1659922720791116,-5.42551,3.5500000000000003,4.0,359.0,1.0244,-0.1371,0.0053,-0.0373,8.7581
2026-07-28 09:56:19.275000-04:00,CRWV,2026-11-20,47.5,C,34,65,23.0,50,68,5,24.7,50,2026-07-28 06:30:11-04:00,0.0,23.85,1.6999999999999993,0.0712788259958071,115,65.425,-0.2739778372181887,0.3158747424375317,1.0152491990829906,0.8069266126654515,-5.15251,27.1,29.25,0.0,1.0006000000000002,0.8437,0.0059,-0.0443,9.5614
2026-07-28 09:56:17.795000-04:00,CRWV,2026-11-20,47.5,P,1371,65,4.45,50,148,5,5.65,50,2026-07-28 06:30:17-04:00,367.0,5.050000000000001,1.2000000000000002,0.2376237623762376,115,65.425,-0.2739778372181887,0.3158747424375317,0.9823083297046364,-0.19028030295439313,-3.67251,4.3500000000000005,4.8500000000000005,367.0,1.0285,-0.15910000000000002,0.0059,-0.0413,9.6759
2026-07-28 09:56:16.429000-04:00,CRWV,2026-11-20,50.0,C,109,65,21.650000000000002,50,223,5,22.95,50,2026-07-28 06:30:07-04:00,17.0,22.3,1.2999999999999972,0.05829596412556041,115,65.425,-0.23576614444019872,0.3158747424375317,1.0088117470125995,0.7817329792735053,-2.30651,25.55,27.55,17.0,1.0006000000000002,0.8209000000000001,0.006500000000000001,-0.048100000000000004,10.437700000000001
2026-07-28 09:56:17.526000-04:00,CRWV,2026-11-20,50.0,P,790,5,6.0,50,308,65,6.65,50,2026-07-28 06:30:03-04:00,2781.0,6.325,0.6500000000000004,0.10276679841897239,115,65.425,-0.23576614444019872,0.3158747424375317,1.0109483586487467,-0.21839816068384033,-3.40351,5.15,5.6000000000000005,2770.0,1.0184,-0.1806,0.0064,-0.0442,10.4961
2026-07-28 09:56:18.310000-04:00,CRWV,2026-11-20,55.0,C,114,65,19.1,50,1045,65,21.0,50,2026-07-28 06:30:22-04:00,104.0,20.05,1.8999999999999986,0.09476309226932661,115,65.425,-0.15934275888421856,0.3158747424375317,1.047242525219228,0.7286638438354976,-4.18751,22.650000000000002,24.2,24.0,0.9894000000000001,0.774,0.0076,-0.054200000000000005,11.9985
2026-07-28 09:56:18.887000-04:00,CRWV,2026-11-20,55.0,P,944,65,7.8,50,425,5,8.8,50,2026-07-28 06:30:17-04:00,1011.0,8.3,1.0000000000000009,0.12048192771084347,115,65.425,-0.15934275888421856,0.3158747424375317,0.9902282786333125,-0.2706453583089333,-4.76451,7.0,7.3500000000000005,1005.0,1.0037,-0.2268,0.007500000000000001,-0.0497,12.023100000000001
2026-07-28 09:56:16.420000-04:00,CRWV,2026-11-20,60.0,C,604,5,16.45,50,868,5,18.1,50,2026-07-28 06:30:22-04:00,34.0,17.275,1.6500000000000021,0.09551374819102763,115,65.425,-0.0829193733282384,0.3158747424375317,1.0160698834555977,0.6762711724159807,-2.29751,20.3,21.6,34.0,1.0065,0.7242000000000001,0.0083,-0.0608,13.3336
2026-07-28 09:56:17.828000-04:00,CRWV,2026-11-20,60.0,P,985,5,10.200000000000001,50,62,5,11.200000000000001,50,2026-07-28 06:30:17-04:00,459.0,10.700000000000001,1.0,0.09345794392523364,115,65.425,-0.0829193733282384,0.3158747424375317,0.9811187496876422,-0.32506048041515234,-3.70551,9.1,9.75,448.0,1.0027000000000001,-0.2757,0.0083,-0.054700000000000006,13.3327
2026-07-28 09:56:17.601000-04:00,CRWV,2026-11-20,65.0,C,8,7,14.8,50,850,5,15.8,50,2026-07-28 06:30:27-04:00,37.0,15.3,1.0,0.06535947712418301,115,65.425,-0.006495987772258238,0.3158747424375317,1.0257037321102944,0.6253422080164392,-3.47851,17.6,19.1,37.0,0.9916,0.6746,0.009000000000000001,-0.06430000000000001,14.369200000000001
2026-07-28 09:56:17.558000-04:00,CRWV,2026-11-20,65.0,P,456,5,13.35,50,99,5,14.05,50,2026-07-28 06:30:12-04:00,583.0,13.7,0.7000000000000011,0.05109489051094899,115,65.425,-0.006495987772258238,0.3158747424375317,0.9949009980061958,-0.37757528920769545,-3.43551,11.55,12.0,552.0,0.9886,-0.3254,0.0091,-0.0577,14.3712
2026-07-28 09:56:19.026000-04:00,CRWV,2026-11-20,70.0,C,283,65,12.6,50,911,5,13.9,50,2026-07-28 06:30:07-04:00,99.0,13.25,1.3000000000000007,0.09811320754716986,115,65.425,0.06992739778372181,0.3158747424375317,1.011660811309631,0.5736567698760741,-4.90351,15.700000000000001,16.75,96.0,0.9917,0.6256,0.0095,-0.0674,15.124600000000001
2026-07-28 09:56:17.787000-04:00,CRWV,2026-11-20,70.0,P,674,65,16.1,50,180,5,17.150000000000002,50,2026-07-28 06:30:03-04:00,4178.0,16.625,1.0500000000000007,0.06315789473684215,115,65.425,0.06992739778372181,0.3158747424375317,0.9841134190300849,-0.4304649271784514,-3.66451,14.3,14.65,4162.0,0.9814,-0.3753,0.009600000000000001,-0.0599,15.1365
2026-07-28 09:56:18.683000-04:00,CRWV,2026-11-20,72.5,C,193,65,11.8,50,1198,65,13.9,50,2026-07-28 06:30:22-04:00,54.0,12.850000000000001,2.0999999999999996,0.16342412451361862,115,65.425,0.10813909056171189,0.3158747424375317,1.0418427539497899,0.5545242419527163,-4.56051,14.700000000000001,15.8,48.0,0.9918,0.6016,0.0097,-0.0685,15.401200000000001
2026-07-28 09:56:18.038000-04:00,CRWV,2026-11-20,72.5,P,1087,65,16.45,50,77,5,18.75,50,2026-07-28 06:30:03-04:00,855.0,17.6,2.3000000000000007,0.1306818181818182,115,65.425,0.10813909056171189,0.3158747424375317,0.9393249945184199,-0.46362654531540737,-3.91551,15.8,16.45,838.0,0.9914000000000001,-0.39840000000000003,0.0097,-0.0613,15.4017
2026-07-28 09:56:17.266000-04:00,CRWV,2026-11-20,75.0,C,763,5,10.85,50,699,5,11.75,50,2026-07-28 06:30:17-04:00,1072.0,11.3,0.9000000000000004,0.07964601769911507,115,65.425,0.14635078333970197,0.3158747424375317,0.9893856109035931,0.5211890945801801,-3.14351,13.85,14.85,1072.0,0.9927,0.5781000000000001,0.0098,-0.0694,15.613900000000001
2026-07-28 09:56:16.805000-04:00,CRWV,2026-11-20,75.0,P,1007,65,18.650000000000002,50,116,5,20.45,50,2026-07-28 06:30:27-04:00,2956.0,19.55,1.7999999999999972,0.09207161125319678,115,65.425,0.14635078333970197,0.3158747424375317,0.9576367965986459,-0.48533802628796274,-2.68251,17.3,18.0,2929.0,0.9896,-0.4222,0.0099,-0.0618,15.6174
2026-07-28 09:56:16.382000-04:00,CRWV,2026-11-20,77.5,C,359,65,10.200000000000001,50,1454,65,12.3,50,2026-07-28 06:30:03-04:00,115.0,11.25,2.0999999999999996,0.18666666666666665,115,65.425,0.18456247611769205,0.3158747424375317,1.0360476222905861,0.5080052555024565,-2.25951,12.85,13.85,120.0,0.9838,0.5536,0.01,-0.0694,15.7765
2026-07-28 09:56:18.725000-04:00,CRWV,2026-11-20,77.5,P,1094,65,19.7,50,128,5,22.2,50,2026-07-28 06:30:22-04:00,278.0,20.95,2.5,0.11933174224343676,115,65.425,0.18456247611769205,0.3158747424375317,0.9346894437970363,-0.5150808534949234,-4.60251,18.8,19.6,276.0,0.9858,-0.446,0.01,-0.061900000000000004,15.774700000000001
2026-07-28 09:56:17.786000-04:00,CRWV,2026-11-20,80.0,C,652,5,9.450000000000001,50,900,5,10.55,50,2026-07-28 06:30:17-04:00,329.0,10.0,1.0999999999999996,0.10999999999999996,115,65.425,0.22277416889568213,0.3158747424375317,0.9975860015824117,0.47694670495523966,-3.66351,12.15,12.950000000000001,316.0,0.9842000000000001,0.531,0.010100000000000001,-0.0698,15.8725
2026-07-28 09:56:17.165000-04:00,CRWV,2026-11-20,80.0,P,777,65,22.5,50,162,5,24.05,50,2026-07-28 06:30:27-04:00,2131.0,23.275,1.5500000000000007,0.06659505907626212,115,65.425,0.22277416889568213,0.3158747424375317,0.9714238601394678,-0.5296051002823584,-3.04251,20.400000000000002,21.1,2110.0,0.9787,-0.47000000000000003,0.010100000000000001,-0.061500000000000006,15.8758
2026-07-28 09:56:16.966000-04:00,CRWV,2026-11-20,82.5,C,534,65,8.8,50,688,65,10.05,50,2026-07-28 06:30:12-04:00,155.0,9.425,1.25,0.1326259946949602,115,65.425,0.2609858616736722,0.3158747424375317,1.002074009571413,0.45633141874723804,-2.84351,11.4,12.200000000000001,155.0,0.9848,0.509,0.010100000000000001,-0.0699,15.9166
2026-07-28 09:56:18.920000-04:00,CRWV,2026-11-20,82.5,P,669,65,24.45,50,127,5,25.85,50,2026-07-28 06:30:07-04:00,356.0,25.15,1.4000000000000021,0.05566600397614323,115,65.425,0.2609858616736722,0.3158747424375317,0.9743176534339545,-0.551173607415547,-4.79751,22.05,22.8,353.0,0.9759000000000001,-0.4928,0.0102,-0.061200000000000004,15.9182
2026-07-28 09:56:17.583000-04:00,CRWV,2026-11-20,85.0,C,417,65,8.3,50,1011,65,9.450000000000001,50,2026-07-28 06:30:12-04:00,3576.0,8.875,1.1500000000000004,0.12957746478873244,115,65.425,0.2991975544516623,0.3158747424375317,1.0054179037464184,0.436334301888593,-3.46051,10.65,11.35,3531.0,0.9792000000000001,0.4862,0.0102,-0.0694,15.9113
2026-07-28 09:56:17.975000-04:00,CRWV,2026-11-20,85.0,P,665,65,26.400000000000002,50,186,65,27.8,50,2026-07-28 06:30:07-04:00,1209.0,27.1,1.3999999999999986,0.051660516605166,115,65.425,0.2991975544516623,0.3158747424375317,0.9794397867794988,-0.571154686750281,-3.85251,23.900000000000002,24.6,1209.0,0.9803000000000001,-0.5134000000000001,0.010100000000000001,-0.0611,15.911700000000002
2026-07-28 09:56:19.523000-04:00,CRWV,2026-11-20,87.5,C,313,65,7.75,50,2000,65,9.700000000000001,50,2026-07-28 06:30:03-04:00,1689.0,8.725000000000001,1.950000000000001,0.22349570200573074,115,65.425,0.3374092472296524,0.3158747424375317,1.0338881378902263,0.4246695244962864,-5.40051,10.1,10.6,1689.0,0.9803000000000001,0.4656,0.010100000000000001,-0.0692,15.8617
2026-07-28 09:56:16.966000-04:00,CRWV,2026-11-20,87.5,P,656,65,28.3,50,212,65,29.75,50,2026-07-28 06:30:22-04:00,799.0,29.025,1.4499999999999993,0.049956933677863885,115,65.425,0.3374092472296524,0.3158747424375317,0.9800812651106856,-0.5915219929692715,-2.84351,25.6,26.6,798.0,0.9832000000000001,-0.5335,0.010100000000000001,-0.0608,15.8643
2026-07-28 09:56:18.436000-04:00,CRWV,2026-11-20,90.0,C,268,65,7.25,50,817,5,8.05,50,2026-07-28 06:30:17-04:00,285.0,7.65,0.8000000000000007,0.1045751633986929,115,65.425,0.37562094000764246,0.3158747424375317,0.9953003730868633,0.3936590718813547,-4.31351,9.25,10.0,287.0,0.9737,0.4436,0.010100000000000001,-0.0683,15.7614
2026-07-28 09:56:17.527000-04:00,CRWV,2026-11-20,90.0,P,424,65,29.0,50,234,5,31.8,50,2026-07-28 06:30:27-04:00,3148.0,30.4,2.8000000000000007,0.09210526315789476,115,65.425,0.37562094000764246,0.3158747424375317,0.938828486330263,-0.6250292980796057,-3.40451,27.400000000000002,28.45,3127.0,0.9817,-0.5541,0.01,-0.060000000000000005,15.773800000000001
2026-07-28 09:56:19.523000-04:00,CRWV,2026-11-20,95.0,C,418,65,6.3,50,979,65,7.3,50,2026-07-28 06:30:12-04:00,2414.0,6.8,1.0,0.14705882352941177,115,65.425,0.4520443255636226,0.3158747424375317,1.0018183941479015,0.359268863704438,-5.40051,8.15,8.85,2412.0,0.9747,0.4053,0.0099,-0.067,15.470600000000001
2026-07-28 09:56:18.894000-04:00,CRWV,2026-11-20,95.0,P,566,65,34.25,50,128,65,35.75,50,2026-07-28 06:30:07-04:00,810.0,35.0,1.5,0.04285714285714286,115,65.425,0.4520443255636226,0.3158747424375317,0.9809398388725191,-0.6480065459426139,-4.77151,31.3,31.85,805.0,0.9716,-0.5956,0.0099,-0.0574,15.461300000000001
2026-07-28 09:56:17.280000-04:00,CRWV,2026-11-20,97.5,C,243,65,5.9,50,586,65,6.8,50,2026-07-28 06:30:22-04:00,411.0,6.35,0.8999999999999995,0.14173228346456684,115,65.425,0.4902560183416127,0.3158747424375317,0.9999600325711351,0.3415089825844595,-3.15751,7.65,8.35,411.0,0.9756,0.3874,0.0098,-0.06620000000000001,15.2827
2026-07-28 09:56:18.382000-04:00,CRWV,2026-11-20,97.5,P,620,65,36.15,50,162,65,37.95,50,2026-07-28 06:30:03-04:00,1150.0,37.05,1.8000000000000043,0.04858299595141712,115,65.425,0.4902560183416127,0.3158747424375317,0.9808181292521083,-0.6653762548669753,-4.25951,33.25,34.35,1149.0,0.9895,-0.608,0.0097,-0.0577,15.333300000000001
2026-07-28 09:56:19.523000-04:00,CRWV,2026-11-20,100.0,C,343,65,5.5,50,528,65,6.15,50,2026-07-28 06:30:03-04:00,2082.0,5.825,0.6500000000000004,0.11158798283261809,115,65.425,0.5284677111196026,0.3158747424375317,0.9902192818118016,0.3215535442345767,-5.40051,7.15,7.8500000000000005,2057.0,0.9744,0.3695,0.0097,-0.0651,15.0615
2026-07-28 09:56:18.921000-04:00,CRWV,2026-11-20,100.0,P,840,65,37.9,50,159,65,40.0,50,2026-07-28 06:30:27-04:00,1459.0,38.95,2.1000000000000014,0.053915275994865244,115,65.425,0.5284677111196026,0.3158747424375317,0.967040328255415,-0.6871005914784223,-4.79851,35.050000000000004,36.1,1464.0,0.9751000000000001,-0.6302,0.009600000000000001,-0.0553,15.0648
2026-07-28 09:56:17.747000-04:00,CRWV,2026-11-20,105.0,C,472,5,4.75,50,961,5,5.7,50,2026-07-28 06:30:12-04:00,768.0,5.225,0.9500000000000002,0.18181818181818185,115,65.425,0.6048910966755827,0.3158747424375317,0.9989540544369259,0.2941429742946108,-3.62451,6.4,6.8500000000000005,764.0,0.9741000000000001,0.33640000000000003,0.009300000000000001,-0.06280000000000001,14.5631
2026-07-28 09:56:18.283000-04:00,CRWV,2026-11-20,105.0,P,917,65,41.550000000000004,50,70,65,44.25,50,2026-07-28 06:30:07-04:00,287.0,42.900000000000006,2.6999999999999957,0.06293706293706283,115,65.425,0.6048910966755827,0.3158747424375317,0.9430046963125799,-0.7276817281241358,-4.16051,38.95,40.5,287.0,0.9809,-0.6611,0.009300000000000001,-0.0531,14.603900000000001
2026-07-28 09:56:17.602000-04:00,CRWV,2026-11-20,110.0,C,12,5,4.3,50,973,65,5.3,50,2026-07-28 06:30:03-04:00,639.0,4.8,1.0,0.20833333333333334,115,65.425,0.6813144822315629,0.3158747424375317,1.0153499831227744,0.2726027233058941,-3.47951,5.5,6.1000000000000005,633.0,0.9703,0.30460000000000004,0.009000000000000001,-0.060000000000000005,13.9716
2026-07-28 09:56:16.382000-04:00,CRWV,2026-11-20,110.0,P,653,65,46.75,50,125,65,48.75,50,2026-07-28 06:30:22-04:00,617.0,47.75,2.0,0.041884816753926704,115,65.425,0.6813144822315629,0.3158747424375317,0.9852233598695851,-0.739124886247844,-2.25951,43.050000000000004,44.75,617.0,0.9814,-0.6911,0.0089,-0.0502,14.0568
2026-07-28 09:56:19.404000-04:00,CRWV,2026-11-20,115.0,C,173,65,3.7,50,733,5,4.3500000000000005,50,2026-07-28 06:30:17-04:00,476.0,4.025,0.6500000000000004,0.16149068322981375,115,65.425,0.757737867787543,0.3158747424375317,0.9962514536516692,0.23985045052203274,-5.28151,4.8500000000000005,5.45,476.0,0.9721000000000001,0.2775,0.0086,-0.0574,13.3754
2026-07-28 09:56:16.382000-04:00,CRWV,2026-11-20,115.0,P,557,65,51.25,50,101,65,53.15,50,2026-07-28 06:30:22-04:00,180.0,52.2,1.8999999999999986,0.036398467432950166,115,65.425,0.757737867787543,0.3158747424375317,0.9890759144064663,-0.7629915910511382,-2.25951,47.4,49.15,180.0,0.9894000000000001,-0.7157,0.0085,-0.0478,13.5313
2026-07-28 09:56:17.484000-04:00,CRWV,2026-11-20,120.0,C,613,65,3.2,50,948,5,4.0,50,2026-07-28 06:30:12-04:00,1574.0,3.6,0.7999999999999998,0.22222222222222215,115,65.425,0.8341612533435232,0.3158747424375317,1.0008259406576963,0.21868242122369919,-3.36151,4.25,4.8,1563.0,0.9690000000000001,0.2508,0.0082,-0.0543,12.7048
2026-07-28 09:56:18.775000-04:00,CRWV,2026-11-20,120.0,P,498,65,56.1,50,117,65,57.75,50,2026-07-28 06:30:07-04:00,669.0,56.925,1.6499999999999986,0.028985507246376788,115,65.425,0.8341612533435232,0.3158747424375317,1.0123324788546677,-0.7767887668564935,-4.65251,51.65,53.550000000000004,669.0,0.9885,-0.7413000000000001,0.0081,-0.044500000000000005,12.9085
2026-07-28 09:56:18.521000-04:00,CRWV,2026-11-20,125.0,C,306,65,2.85,50,1260,65,3.9,50,2026-07-28 06:30:12-04:00,888.0,3.375,1.0499999999999998,0.31111111111111106,115,65.425,0.9105846388995034,0.3158747424375317,1.0194598058149675,0.2051616036370007,-4.39851,3.7,4.25,888.0,0.9662000000000001,0.2265,0.0078000000000000005,-0.0512,12.015600000000001
2026-07-28 09:56:18.695000-04:00,CRWV,2026-11-20,125.0,P,598,65,60.35,50,113,5,62.75,50,2026-07-28 06:30:07-04:00,2263.0,61.55,2.3999999999999986,0.0389926888708367,115,65.425,0.9105846388995034,0.3158747424375317,1.0226020875878303,-0.7936158407209273,-4.57251,56.050000000000004,57.75,2263.0,0.9792000000000001,-0.7682,0.0078000000000000005,-0.0402,12.1706
2026-07-28 09:56:18.348000-04:00,CRWV,2026-11-20,130.0,C,736,5,2.48,50,447,5,2.96,50,2026-07-28 06:30:03-04:00,640.0,2.7199999999999998,0.48,0.17647058823529413,115,65.425,0.9870080244554835,0.3158747424375317,0.9907254111212567,0.17514535831893324,-4.22551,3.25,3.75,635.0,0.9647,0.2048,0.0073,-0.0482,11.334900000000001
2026-07-28 09:56:19.086000-04:00,CRWV,2026-11-20,130.0,P,345,65,64.7,50,112,5,67.4,50,2026-07-28 06:30:22-04:00,70.0,66.05000000000001,2.700000000000003,0.040878122634367936,115,65.425,0.9870080244554835,0.3158747424375317,1.01613594135615,-0.8150245940956534,-4.96351,60.800000000000004,62.800000000000004,71.0,1.0150000000000001,-0.7751,0.0074,-0.0407,11.9646
2026-07-28 09:56:19.381000-04:00,CRWV,2026-11-20,135.0,C,650,65,2.17,50,1480,65,3.2,50,2026-07-28 06:30:17-04:00,1372.0,2.685,1.0300000000000002,0.383612662942272,115,65.425,1.0634314100114635,0.3158747424375317,1.021487043960381,0.16988822549193383,-5.25851,2.92,3.35,1365.0,0.9672000000000001,0.1867,0.006900000000000001,-0.0456,10.7143
2026-07-28 09:56:16.590000-04:00,CRWV,2026-11-20,135.0,P,76,5,69.85000000000001,50,6,65,71.85000000000001,50,2026-07-28 06:30:27-04:00,29.0,70.85000000000001,2.0,0.02822865208186309,115,65.425,1.0634314100114635,0.3158747424375317,1.0361223761638685,-0.8245785959477139,-2.46751,65.05,67.5,29.0,1.0110000000000001,-0.7959,0.007,-0.037000000000000005,11.3071
2026-07-28 09:56:17.897000-04:00,CRWV,2026-11-20,140.0,C,33,5,2.0,50,397,5,2.41,50,2026-07-28 06:30:07-04:00,572.0,2.205,0.41000000000000014,0.18594104308390028,115,65.425,1.1398547955674436,0.3158747424375317,0.9997419385980157,0.14629671663763127,-3.77451,2.63,2.97,572.0,0.9693,0.1701,0.006500000000000001,-0.0431,10.1051
2026-07-28 09:56:17.792000-04:00,CRWV,2026-11-20,140.0,P,26,4,74.15,50,5,31,76.60000000000001,50,2026-07-28 06:30:03-04:00,35.0,75.375,2.450000000000003,0.032504145936981796,115,65.425,1.1398547955674436,0.3158747424375317,1.0229916971992454,-0.8450928099114274,-3.66951,69.5,72.25,35.0,1.0144,-0.8122,0.0066,-0.0342,10.750200000000001
2026-07-28 09:56:17.241000-04:00,CRWV,2026-11-20,145.0,C,783,65,1.6600000000000001,50,763,5,2.21,50,2026-07-28 06:30:22-04:00,457.0,1.935,0.5499999999999998,0.2842377260981911,115,65.425,1.2162781811234238,0.3158747424375317,0.9967917531742658,0.13138611605825828,-3.11851,2.36,2.77,375.0,0.9766,0.1572,0.0061,-0.0412,9.598700000000001
2026-07-28 09:56:16.422000-04:00,CRWV,2026-11-20,145.0,P,6,31,79.15,50,5,6,81.60000000000001,50,2026-07-28 06:30:17-04:00,12.0,80.375,2.450000000000003,0.030482115085536582,115,65.425,1.2162781811234238,0.3158747424375317,1.060360123861287,-0.845677895071277,-2.29951,74.8,77.0,12.0,1.0550000000000002,-0.8129000000000001,0.0063,-0.0354,10.7265
2026-07-28 09:56:17.073000-04:00,CRWV,2026-11-20,150.0,C,788,65,1.48,50,773,5,2.02,50,2026-07-28 06:30:12-04:00,942.0,1.75,0.54,0.3085714285714286,115,65.425,1.292701566679404,0.3158747424375317,1.0009533525481205,0.12037075464994218,-2.95051,2.2,2.38,943.0,0.9775,0.1431,0.0057,-0.038700000000000005,9.0191
2026-07-28 09:56:15.422000-04:00,CRWV,2026-11-20,150.0,P,5,6,83.4,50,5,6,86.3,50,2026-07-28 06:30:03-04:00,37.0,84.85,2.8999999999999915,0.03417796110783726,115,65.425,1.292701566679404,0.3158747424375317,1.033081639264619,-0.8684033353991867,-1.29951,79.10000000000001,81.8,37.0,1.0481,-0.8304,0.006,-0.0316,10.0828
2026-07-28 09:56:18.371000-04:00,CRWV,2026-11-20,155.0,C,548,65,1.35,50,1486,65,2.0100000000000002,50,2026-07-28 06:30:27-04:00,3277.0,1.6800000000000002,0.6600000000000001,0.3928571428571429,115,65.425,1.369124952235384,0.3158747424375317,1.01834226049542,0.11493284853391011,-4.24851,1.83,2.21,141.0,0.9747,0.1291,0.0054,-0.036000000000000004,8.404300000000001
2026-07-28 09:56:16.307000-04:00,CRWV,2026-11-20,155.0,P,5,6,88.25,50,5,6,91.15,50,2026-07-28 06:30:12-04:00,61.0,89.7,2.9000000000000057,0.032329988851728046,115,65.425,1.369124952235384,0.3158747424375317,1.0484910413081736,-0.8748206276288195,-2.18451,84.05,86.7,61.0,1.075,-0.8342,0.0058000000000000005,-0.0316,9.9369
2026-07-28 09:56:19.091000-04:00,CRWV,2026-11-20,160.0,C,585,65,1.2,50,721,65,1.6400000000000001,50,2026-07-28 06:30:03-04:00,1206.0,1.42,0.44000000000000017,0.3098591549295776,115,65.425,1.4455483377913643,0.3158747424375317,1.005756977965163,0.10044617234780973,-4.96851,1.7,1.95,1207.0,0.9768,0.11810000000000001,0.005,-0.033800000000000004,7.894
2026-07-28 09:56:16.378000-04:00,CRWV,2026-11-20,160.0,P,5,31,93.15,50,6,31,96.15,50,2026-07-28 06:30:22-04:00,3.0,94.65,3.0,0.03169572107765452,115,65.425,1.4455483377913643,0.3158747424375317,1.0756833345881907,-0.8765365820179383,-2.25551,88.3,91.5,3.0,1.0598,-0.8523000000000001,0.0054,-0.027,9.2059
2026-07-28 09:56:18.516000-04:00,CRWV,2026-11-20,165.0,C,653,65,1.06,50,1348,65,1.78,50,2026-07-28 06:30:12-04:00,105.0,1.42,0.72,0.5070422535211268,115,65.425,1.5219717233473444,0.3158747424375317,1.0301324940201901,0.09881020917337224,-4.39351,1.47,1.94,104.0,0.9866,0.1107,0.0047,-0.032600000000000004,7.5407
2026-07-28 09:56:16.418000-04:00,CRWV,2026-11-20,165.0,P,8,4,98.05,50,5,31,100.95,50,2026-07-28 06:30:08-04:00,28.0,99.5,2.9000000000000057,0.029145728643216136,115,65.425,1.5219717233473444,0.3158747424375317,1.0882224380779595,-0.8825459712592092,-2.29551,93.45,96.10000000000001,28.0,1.078,-0.8575,0.005200000000000001,-0.0262,8.986
2026-07-28 09:56:18.270000-04:00,CRWV,2026-11-20,170.0,C,480,65,0.9500000000000001,50,1340,65,1.61,50,2026-07-28 06:30:08-04:00,340.0,1.28,0.66,0.515625,115,65.425,1.5983951089033246,0.3158747424375317,1.030836904025489,0.09034847511364258,-4.14751,1.31,1.57,341.0,0.9743,0.0969,0.0044,-0.0292,6.845000000000001
2026-07-28 09:56:16.331000-04:00,CRWV,2026-11-20,170.0,P,5,31,102.95,50,5,31,106.2,50,2026-07-28 06:30:03-04:00,12.0,104.575,3.25,0.031078173559646188,115,65.425,1.5983951089033246,0.3158747424375317,1.1304273132247362,-0.8784299058782347,-2.20851,98.4,100.95,12.0,1.0985,-0.8613000000000001,0.005,-0.0257,8.824900000000001
2026-07-28 09:56:16.423000-04:00,CRWV,2026-11-20,175.0,C,376,65,0.8200000000000001,50,519,65,1.24,50,2026-07-28 06:30:22-04:00,2005.0,1.03,0.41999999999999993,0.40776699029126207,115,65.425,1.6748184944593048,0.3158747424375317,1.0084636530918376,0.07604791685443231,-2.30051,1.19,1.6300000000000001,2005.0,0.9927,0.09390000000000001,0.004200000000000001,-0.0291,6.6916
2026-07-28 09:56:15.419000-04:00,CRWV,2026-11-20,175.0,P,3,5,107.9,50,3,5,110.8,50,2026-07-28 06:30:17-04:00,1.0,109.35,2.8999999999999915,0.02652034750800175,115,65.425,1.6748184944593048,0.3158747424375317,1.1304656185187256,-0.887384816196027,-1.29651,102.95,106.4,1.0,1.1292,-0.861,0.0049,-0.0264,8.8353
2026-07-28 09:56:17.510000-04:00,CRWV,2026-11-20,180.0,C,819,65,0.72,50,568,5,1.12,50,2026-07-28 06:30:27-04:00,930.0,0.92,0.40000000000000013,0.4347826086956523,115,65.425,1.751241880015285,0.3158747424375317,1.0076998900695278,0.0689809938270313,-3.38751,1.09,1.3,930.0,0.9798,0.0819,0.0038,-0.025900000000000003,6.04
2026-07-28 09:56:16.364000-04:00,CRWV,2026-11-20,180.0,P,8,4,112.85000000000001,50,5,31,115.75,50,2026-07-28 06:30:12-04:00,13.0,114.30000000000001,2.8999999999999915,0.025371828521434745,115,65.425,1.751241880015285,0.3158747424375317,1.1538095251093203,-0.888512537666666,-2.24151,107.60000000000001,111.3,13.0,1.1336000000000002,-0.8691000000000001,0.0046,-0.024300000000000002,8.4787
2026-07-28 09:56:18.083000-04:00,CRWV,2026-11-20,185.0,C,361,65,0.71,50,1398,65,1.28,50,2026-07-28 06:30:03-04:00,347.0,0.995,0.5700000000000001,0.5728643216080402,115,65.425,1.827665265571265,0.3158747424375317,1.0429819935454183,0.07207786606539375,-3.96051,0.98,1.24,345.0,0.9872000000000001,0.0767,0.0036000000000000003,-0.024900000000000002,5.751
2026-07-28 09:56:16.303000-04:00,CRWV,2026-11-20,185.0,P,3,5,117.8,50,3,5,120.7,50,2026-07-28 06:30:02-04:00,0.0,119.25,2.9000000000000057,0.02431865828092248,115,65.425,1.827665265571265,0.3158747424375317,1.176393322260409,-0.8895484162676415,-2.18051,112.45,115.7,0.0,1.1162,-0.8836,0.0043,-0.0199,7.8097
2026-07-28 09:56:17.688000-04:00,CRWV,2026-11-20,190.0,C,383,65,0.56,50,654,65,1.09,50,2026-07-28 06:30:22-04:00,638.0,0.8250000000000001,0.53,0.6424242424242425,115,65.425,1.9040886511272452,0.3158747424375317,1.0267310966429204,0.0618990031312902,-3.56551,0.91,1.27,638.0,1.0036,0.0746,0.0035,-0.0247,5.6315
2026-07-28 09:56:15.419000-04:00,CRWV,2026-11-20,190.0,P,3,5,122.8,50,3,5,126.2,50,2026-07-28 06:30:17-04:00,10.0,124.5,3.4000000000000057,0.02730923694779121,115,65.425,1.9040886511272452,0.3158747424375317,1.2401072067588474,-0.8779117317372714,-1.29651,117.65,121.15,10.0,1.1854,-0.8698,0.0044,-0.0251,8.4472
2026-07-28 09:56:17.733000-04:00,CRWV,2026-11-20,195.0,C,355,65,0.56,50,243,65,0.86,50,2026-07-28 06:30:08-04:00,399.0,0.71,0.29999999999999993,0.42253521126760557,115,65.425,1.9805120366832254,0.3158747424375317,1.0183089947419983,0.054589518201536846,-3.61051,0.8300000000000001,1.17,399.0,1.0062,0.06910000000000001,0.0033,-0.0234,5.3075
2026-07-28 09:56:16.410000-04:00,CRWV,2026-11-20,195.0,P,5,31,127.75,50,5,31,131.9,50,2026-07-28 06:30:17-04:00,10.0,129.825,4.150000000000006,0.031966108222607405,115,65.425,1.9805120366832254,0.3158747424375317,1.3101789609482002,-0.8641750771235357,-2.28751,122.35000000000001,126.10000000000001,10.0,1.1916,-0.876,0.0043,-0.0233,8.168700000000001
2026-07-28 09:56:18.582000-04:00,CRWV,2026-11-20,200.0,C,858,65,0.44,50,1169,65,0.88,50,2026-07-28 06:30:03-04:00,1459.0,0.66,0.44,0.6666666666666666,115,65.425,2.056935422239205,0.3158747424375317,1.0233842041206145,0.051011683238187736,-4.45951,0.72,0.9,1469.0,0.9863000000000001,0.058300000000000005,0.0029000000000000002,-0.02,4.6491
2026-07-28 09:56:16.296000-04:00,CRWV,2026-11-20,200.0,P,3,5,132.75,50,3,5,136.2,50,2026-07-28 06:30:08-04:00,140.0,134.475,3.4499999999999886,0.02565532626882312,115,65.425,2.056935422239205,0.3158747424375317,1.2924594093987545,-0.8768173694232039,-2.17351,128.05,131.1,140.0,1.2599,-0.8623000000000001,0.0043,-0.0286,8.7826
2026-07-28 09:56:16.301000-04:00,CRWV,2026-12-18,35.0,C,5,6,32.8,50,5,6,34.7,50,2026-07-28 06:30:15-04:00,29.0,33.75,1.9000000000000057,0.05629629629629646,143,65.425,-0.4650363011081391,0.392587071204655,1.0748322651310396,0.9009321377033086,-2.17851,37.0,40.1,29.0,1.0589,0.9211,0.0031000000000000003,-0.026600000000000002,6.5357
2026-07-28 09:56:17.511000-04:00,CRWV,2026-12-18,35.0,P,845,5,2.18,50,783,65,2.71,50,2026-07-28 06:30:25-04:00,1324.0,2.4450000000000003,0.5299999999999998,0.21676891615541913,143,65.425,-0.4650363011081391,0.392587071204655,1.020214524853761,-0.09331117174948089,-3.38851,1.99,2.2800000000000002,1312.0,1.0387,-0.0766,0.0031000000000000003,-0.0223,6.4008
2026-07-28 09:56:17.095000-04:00,CRWV,2026-12-18,37.5,C,6,31,30.95,50,54,65,32.8,50,2026-07-28 06:30:15-04:00,33.0,31.875,1.8499999999999979,0.058039215686274445,143,65.425,-0.426824608330149,0.392587071204655,1.0601539518431573,0.8832857236576281,-2.97251,35.15,37.9,33.0,1.0367,0.9071,0.0036000000000000003,-0.029300000000000003,7.3895
2026-07-28 09:56:19.044000-04:00,CRWV,2026-12-18,37.5,P,657,65,2.7,50,1,69,3.15,50,2026-07-28 06:30:20-04:00,1169.0,2.925,0.44999999999999973,0.15384615384615377,143,65.425,-0.426824608330149,0.392587071204655,0.9978079888741559,-0.1101478838431984,-4.92151,2.4,2.79,1168.0,1.0223,-0.0912,0.0036000000000000003,-0.025,7.2968
2026-07-28 09:56:18.107000-04:00,CRWV,2026-12-18,40.0,C,6,11,29.2,50,726,65,30.900000000000002,50,2026-07-28 06:30:15-04:00,123.0,30.05,1.7000000000000028,0.05657237936772056,143,65.425,-0.38861291555215893,0.392587071204655,1.0445057552064216,0.8645369687086886,-3.98451,33.8,35.300000000000004,123.0,1.0170000000000001,0.8916000000000001,0.0041,-0.032,8.269400000000001
2026-07-28 09:56:17.789000-04:00,CRWV,2026-12-18,40.0,P,942,5,3.3000000000000003,50,205,5,3.95,50,2026-07-28 06:30:25-04:00,438.0,3.625,0.6499999999999999,0.17931034482758618,143,65.425,-0.38861291555215893,0.392587071204655,0.9956113295759121,-0.1305889899210536,-3.66651,2.98,3.3000000000000003,428.0,1.0110000000000001,-0.1076,0.0041,-0.027800000000000002,8.2331
2026-07-28 09:56:16.418000-04:00,CRWV,2026-12-18,42.5,C,9,11,27.55,50,42,5,29.95,50,2026-07-28 06:30:11-04:00,3.0,28.75,2.3999999999999986,0.08347826086956517,143,65.425,-0.35040122277416885,0.392587071204655,1.0763449127005098,0.8408909946960665,-2.29551,32.15,34.1,3.0,1.0507,0.8696,0.0045000000000000005,-0.037200000000000004,9.4229
2026-07-28 09:56:17.197000-04:00,CRWV,2026-12-18,42.5,P,757,5,4.1,50,140,5,4.7,50,2026-07-28 06:30:06-04:00,252.0,4.4,0.6000000000000005,0.13636363636363646,143,65.425,-0.35040122277416885,0.392587071204655,0.992626554086607,-0.1520592503770084,-3.07451,3.6,4.05,252.0,1.0074,-0.126,0.0046,-0.0309,9.2052
2026-07-28 09:56:18.508000-04:00,CRWV,2026-12-18,45.0,C,5,73,25.900000000000002,50,428,65,28.3,50,2026-07-28 06:30:15-04:00,77.0,27.1,2.3999999999999986,0.08856088560885603,143,65.425,-0.31218952999617877,0.392587071204655,1.0628481610167153,0.820287347325488,-4.38551,29.75,32.25,77.0,1.0034,0.8546,0.0051,-0.0383,10.1491
2026-07-28 09:56:19.037000-04:00,CRWV,2026-12-18,45.0,P,878,65,4.8,50,289,5,5.55,50,2026-07-28 06:30:25-04:00,627.0,5.175,0.75,0.14492753623188406,143,65.425,-0.31218952999617877,0.392587071204655,0.982043675683281,-0.17382520619281439,-4.91451,4.3,4.75,600.0,0.9986,-0.1448,0.0051,-0.033600000000000005,10.126900000000001
2026-07-28 09:56:18.489000-04:00,CRWV,2026-12-18,47.5,C,16,65,24.35,50,106,5,26.75,50,2026-07-28 06:30:11-04:00,13.0,25.55,2.3999999999999986,0.09393346379647743,143,65.425,-0.2739778372181887,0.392587071204655,1.053020780670643,0.7986703056856395,-4.36651,28.150000000000002,30.650000000000002,13.0,1.0034,0.8342,0.0055000000000000005,-0.0415,11.0713
2026-07-28 09:56:18.867000-04:00,CRWV,2026-12-18,47.5,P,576,65,5.9,50,361,5,6.5,50,2026-07-28 06:30:06-04:00,213.0,6.2,0.5999999999999996,0.09677419354838704,143,65.425,-0.2739778372181887,0.392587071204655,0.9876599428613057,-0.19767484850232808,-4.74451,5.05,5.6000000000000005,212.0,0.9932000000000001,-0.16490000000000002,0.0056,-0.0363,11.033100000000001
2026-07-28 09:56:18.581000-04:00,CRWV,2026-12-18,50.0,C,226,5,23.0,50,966,65,25.150000000000002,50,2026-07-28 06:30:01-04:00,128.0,24.075000000000003,2.150000000000002,0.08930425752855667,143,65.425,-0.23576614444019872,0.392587071204655,1.0442348605979554,0.7763721712336776,-4.45851,26.650000000000002,28.95,126.0,0.9968,0.8136,0.006,-0.0442,11.9237
2026-07-28 09:56:17.036000-04:00,CRWV,2026-12-18,50.0,P,819,5,6.9,50,58,60,7.45,50,2026-07-28 06:30:20-04:00,8164.0,7.175000000000001,0.5499999999999998,0.07665505226480833,143,65.425,-0.23576614444019872,0.392587071204655,0.9817297520345132,-0.22125083803538304,-2.91351,6.1000000000000005,6.3,8153.0,0.9888,-0.1857,0.006,-0.038900000000000004,11.900500000000001
2026-07-28 09:56:16.638000-04:00,CRWV,2026-12-18,55.0,C,174,65,20.35,50,1155,65,22.5,50,2026-07-28 06:30:11-04:00,101.0,21.425,2.1499999999999986,0.1003500583430571,143,65.425,-0.15934275888421856,0.392587071204655,1.0351336131622146,0.7303926541100646,-2.51551,24.400000000000002,25.75,54.0,1.0044,0.7698,0.0068000000000000005,-0.05,13.5073
2026-07-28 09:56:17.692000-04:00,CRWV,2026-12-18,55.0,P,791,5,9.15,50,158,5,9.700000000000001,50,2026-07-28 06:30:06-04:00,5142.0,9.425,0.5500000000000007,0.058355437665782564,143,65.425,-0.15934275888421856,0.392587071204655,0.9766455146173193,-0.2699291156665732,-3.56951,8.0,8.55,5138.0,0.9876,-0.2295,0.006900000000000001,-0.0438,13.488100000000001
2026-07-28 09:56:18.698000-04:00,CRWV,2026-12-18,60.0,C,131,65,18.1,50,812,65,19.400000000000002,50,2026-07-28 06:30:25-04:00,117.0,18.75,1.3000000000000007,0.06933333333333337,143,65.425,-0.0829193733282384,0.392587071204655,1.0069063668132456,0.6827355439584083,-4.57551,21.150000000000002,22.95,139.0,0.9718,0.7256,0.0077,-0.0529,14.819500000000001
2026-07-28 09:56:17.277000-04:00,CRWV,2026-12-18,60.0,P,904,5,11.6,50,194,5,12.25,50,2026-07-28 06:30:01-04:00,16951.0,11.925,0.6500000000000004,0.05450733752620548,143,65.425,-0.0829193733282384,0.392587071204655,0.9695511090121022,-0.31924161806562923,-3.15451,10.25,10.65,16723.0,0.9749000000000001,-0.2743,0.0076,-0.0471,14.8191
2026-07-28 09:56:17.617000-04:00,CRWV,2026-12-18,62.5,C,152,5,17.0,50,418,65,17.85,50,2026-07-28 06:30:01-04:00,31.0,17.425,0.8500000000000014,0.04878048780487813,143,65.425,-0.04470768055024832,0.392587071204655,0.9885196393764613,0.6578740230973943,-3.49451,20.35,21.75,31.0,0.9841000000000001,0.7032,0.0079,-0.055400000000000005,15.383000000000001
2026-07-28 09:56:17.671000-04:00,CRWV,2026-12-18,62.5,P,562,65,12.9,50,39,76,13.6,50,2026-07-28 06:30:15-04:00,1218.0,13.25,0.6999999999999993,0.05283018867924523,143,65.425,-0.04470768055024832,0.392587071204655,0.9645808148182049,-0.3439983946968297,-3.54851,11.5,12.05,1218.0,0.9776,-0.2969,0.0079,-0.0489,15.387500000000001
2026-07-28 09:56:17.787000-04:00,CRWV,2026-12-18,65.0,C,247,5,15.950000000000001,50,713,5,16.65,50,2026-07-28 06:30:20-04:00,161.0,16.3,0.6999999999999975,0.04294478527607346,143,65.425,-0.006495987772258238,0.392587071204655,0.9800376324570449,0.6334402192010525,-3.66451,19.400000000000002,20.400000000000002,160.0,0.9820000000000001,0.6808000000000001,0.0081,-0.056900000000000006,15.8833
2026-07-28 09:56:17.899000-04:00,CRWV,2026-12-18,65.0,P,859,5,14.4,50,41,5,15.05,50,2026-07-28 06:30:15-04:00,1468.0,14.725000000000001,0.6500000000000004,0.0441426146010187,143,65.425,-0.006495987772258238,0.392587071204655,0.9654511853500956,-0.3680878546062527,-3.77651,12.65,13.200000000000001,756.0,0.9655,-0.32,0.0083,-0.0497,15.9014
2026-07-28 09:56:17.583000-04:00,CRWV,2026-12-18,67.5,C,91,65,15.05,50,6,11,15.4,50,2026-07-28 06:30:15-04:00,76.0,15.225000000000001,0.34999999999999964,0.022988505747126412,143,65.425,0.03171570500573173,0.392587071204655,0.9713248756836568,0.6089341337802494,-3.46051,18.5,19.5,75.0,0.9918,0.6594,0.0083,-0.0589,16.3021
2026-07-28 09:56:17.051000-04:00,CRWV,2026-12-18,67.5,P,758,5,16.1,50,122,5,16.6,50,2026-07-28 06:30:11-04:00,1536.0,16.35,0.5,0.030581039755351678,143,65.425,0.03171570500573173,0.392587071204655,0.9719817673918184,-0.390979645884158,-2.92851,14.0,14.75,1537.0,0.9687,-0.3423,0.0085,-0.051000000000000004,16.3348
2026-07-28 09:56:18.027000-04:00,CRWV,2026-12-18,70.0,C,221,5,14.1,50,654,5,14.9,50,2026-07-28 06:30:01-04:00,544.0,14.5,0.8000000000000007,0.055172413793103496,143,65.425,0.06992739778372181,0.392587071204655,0.9812749199412701,0.5873722254244871,-3.90451,17.45,18.1,414.0,0.9779,0.6363,0.0086,-0.059300000000000005,16.6918
2026-07-28 09:56:16.804000-04:00,CRWV,2026-12-18,70.0,P,744,5,17.45,50,62,5,18.150000000000002,50,2026-07-28 06:30:20-04:00,7580.0,17.8,0.7000000000000028,0.03932584269662937,143,65.425,0.06992739778372181,0.392587071204655,0.9638014902881006,-0.41537262741351266,-2.68151,15.55,16.15,7671.0,0.9699000000000001,-0.3644,0.008700000000000001,-0.0521,16.7042
2026-07-28 09:56:18.286000-04:00,CRWV,2026-12-18,72.5,C,200,5,13.25,50,961,65,14.450000000000001,50,2026-07-28 06:30:06-04:00,150.0,13.850000000000001,1.200000000000001,0.0866425992779784,143,65.425,0.10813909056171189,0.392587071204655,0.9923534509690266,0.5670195414698306,-4.16351,16.65,17.0,136.0,0.9776,0.6146,0.008700000000000001,-0.0603,17.0003
2026-07-28 09:56:17.050000-04:00,CRWV,2026-12-18,72.5,P,817,5,18.95,50,150,5,19.8,50,2026-07-28 06:30:11-04:00,404.0,19.375,0.8500000000000014,0.04387096774193556,143,65.425,0.10813909056171189,0.392587071204655,0.9602310120673218,-0.43881505448483193,-2.92751,16.9,17.650000000000002,394.0,0.9644,-0.3869,0.0089,-0.052500000000000005,17.021800000000002
2026-07-28 09:56:17.301000-04:00,CRWV,2026-12-18,75.0,C,220,5,12.450000000000001,50,433,5,13.200000000000001,50,2026-07-28 06:30:25-04:00,513.0,12.825000000000001,0.75,0.05847953216374269,143,65.425,0.14635078333970197,0.392587071204655,0.9771275354388281,0.5423808427452749,-3.17851,15.65,16.35,499.0,0.9820000000000001,0.5940000000000001,0.0088,-0.0613,17.242900000000002
2026-07-28 09:56:17.846000-04:00,CRWV,2026-12-18,75.0,P,809,5,20.6,50,105,5,21.45,50,2026-07-28 06:30:11-04:00,1075.0,21.025,0.8499999999999979,0.04042806183115329,143,65.425,0.14635078333970197,0.392587071204655,0.9581994608152806,-0.4615382145987277,-3.72351,18.45,19.2,1097.0,0.9634,-0.4087,0.009000000000000001,-0.053000000000000005,17.272000000000002
2026-07-28 09:56:17.301000-04:00,CRWV,2026-12-18,77.5,C,214,5,11.700000000000001,50,749,5,12.6,50,2026-07-28 06:30:06-04:00,439.0,12.15,0.8999999999999986,0.07407407407407396,143,65.425,0.18456247611769205,0.392587071204655,0.9806341680536159,0.5218830948416744,-3.17851,14.65,15.25,439.0,0.9702000000000001,0.5712,0.009000000000000001,-0.0613,17.4545
2026-07-28 09:56:18.144000-04:00,CRWV,2026-12-18,77.5,P,481,65,22.3,50,163,5,23.25,50,2026-07-28 06:30:25-04:00,553.0,22.775,0.9499999999999993,0.0417124039517014,143,65.425,0.18456247611769205,0.392587071204655,0.9593668668867086,-0.48300070850998555,-4.02151,20.1,20.650000000000002,552.0,0.9596,-0.4305,0.0092,-0.0531,17.469
2026-07-28 09:56:17.689000-04:00,CRWV,2026-12-18,80.0,C,255,5,11.0,50,660,5,11.65,50,2026-07-28 06:30:15-04:00,1153.0,11.325,0.6500000000000004,0.057395143487858756,143,65.425,0.22277416889568213,0.392587071204655,0.9722489946982824,0.49918615019165646,-3.56651,13.8,14.55,1140.0,0.9713,0.5509000000000001,0.0091,-0.0618,17.593400000000003
2026-07-28 09:56:18.108000-04:00,CRWV,2026-12-18,80.0,P,803,5,24.05,50,283,5,25.1,50,2026-07-28 06:30:06-04:00,1875.0,24.575000000000003,1.0500000000000007,0.04272634791454733,143,65.425,0.22277416889568213,0.392587071204655,0.9608252273470997,-0.5036959838016047,-3.98551,21.75,22.400000000000002,1876.0,0.9617,-0.4509,0.0092,-0.0534,17.604100000000003
2026-07-28 09:56:18.066000-04:00,CRWV,2026-12-18,82.5,C,188,5,10.35,50,615,5,11.35,50,2026-07-28 06:30:01-04:00,286.0,10.85,1.0,0.09216589861751152,143,65.425,0.2609858616736722,0.392587071204655,0.9827303742421294,0.4818701298066497,-3.94351,12.85,13.6,281.0,0.9602,0.5285000000000001,0.009300000000000001,-0.0614,17.6931
2026-07-28 09:56:17.329000-04:00,CRWV,2026-12-18,82.5,P,361,5,26.05,50,68,5,26.8,50,2026-07-28 06:30:25-04:00,259.0,26.425,0.75,0.028382213812677387,143,65.425,0.2609858616736722,0.392587071204655,0.9627535299725137,-0.5235440559026068,-3.20651,23.35,24.1,256.0,0.9583,-0.4718,0.009300000000000001,-0.0531,17.6944
2026-07-28 09:56:18.275000-04:00,CRWV,2026-12-18,85.0,C,177,5,9.75,50,776,5,10.35,50,2026-07-28 06:30:11-04:00,1160.0,10.05,0.5999999999999996,0.05970149253731339,143,65.425,0.2991975544516623,0.392587071204655,0.9709034933218648,0.459162909064482,-4.15251,12.05,12.9,1153.0,0.9581000000000001,0.5082,0.009300000000000001,-0.0613,17.7346
2026-07-28 09:56:18.525000-04:00,CRWV,2026-12-18,85.0,P,81,5,28.2,50,132,5,28.7,50,2026-07-28 06:30:06-04:00,3105.0,28.45,0.5,0.01757469244288225,143,65.425,0.2991975544516623,0.392587071204655,0.9730127414054598,-0.5402249243522583,-4.40251,25.05,25.8,3126.0,0.9554,-0.4923,0.009300000000000001,-0.0528,17.735200000000003
2026-07-28 09:56:17.440000-04:00,CRWV,2026-12-18,87.5,C,174,5,9.15,50,904,65,10.4,50,2026-07-28 06:30:06-04:00,254.0,9.775,1.25,0.1278772378516624,143,65.425,0.3374092472296524,0.392587071204655,0.9891210184005238,0.4458641308500882,-3.31751,11.4,12.15,244.0,0.9565,0.48860000000000003,0.009300000000000001,-0.0611,17.7313
2026-07-28 09:56:19.523000-04:00,CRWV,2026-12-18,87.5,P,508,65,28.0,50,67,5,30.6,50,2026-07-28 06:30:01-04:00,506.0,29.3,2.6000000000000014,0.08873720136518776,143,65.425,0.3374092472296524,0.392587071204655,0.9081669790252669,-0.5797426340596277,-5.40051,26.85,27.6,504.0,0.9558000000000001,-0.5115000000000001,0.009300000000000001,-0.052500000000000005,17.7311
2026-07-28 09:56:19.027000-04:00,CRWV,2026-12-18,90.0,C,245,5,8.6,50,676,5,9.15,50,2026-07-28 06:30:25-04:00,1430.0,8.875,0.5500000000000007,0.06197183098591557,143,65.425,0.37562094000764246,0.392587071204655,0.9665466636547544,0.42069215640019464,-4.90451,10.8,11.450000000000001,2235.0,0.9555,0.4697,0.009300000000000001,-0.0608,17.6873
2026-07-28 09:56:18.121000-04:00,CRWV,2026-12-18,90.0,P,891,65,31.1,50,130,5,32.55,50,2026-07-28 06:30:01-04:00,1203.0,31.825,1.4499999999999957,0.04556166535742328,143,65.425,0.37562094000764246,0.392587071204655,0.9450121602017156,-0.5864139854882753,-3.99851,28.650000000000002,29.55,1200.0,0.9586,-0.5294,0.009300000000000001,-0.0522,17.6902
2026-07-28 09:56:17.041000-04:00,CRWV,2026-12-18,92.5,C,366,5,8.0,50,1200,65,9.3,50,2026-07-28 06:30:20-04:00,1669.0,8.65,1.3000000000000007,0.15028901734104053,143,65.425,0.41383263278563254,0.392587071204655,0.983974626442181,0.4089696128533201,-2.91851,10.25,10.8,1658.0,0.9554,0.4515,0.009300000000000001,-0.060500000000000005,17.6075
2026-07-28 09:56:18.469000-04:00,CRWV,2026-12-18,92.5,P,848,65,32.75,50,149,5,34.550000000000004,50,2026-07-28 06:30:16-04:00,518.0,33.650000000000006,1.8000000000000043,0.053491827637444395,143,65.425,0.41383263278563254,0.392587071204655,0.936073430611369,-0.6074801075174758,-4.34651,30.55,31.35,516.0,0.9576,-0.5477000000000001,0.009300000000000001,-0.0516,17.611
2026-07-28 09:56:16.705000-04:00,CRWV,2026-12-18,95.0,C,38,5,7.65,50,786,5,8.4,50,2026-07-28 06:30:20-04:00,1474.0,8.025,0.75,0.09345794392523364,143,65.425,0.4520443255636226,0.392587071204655,0.9744183606340483,0.3889139680053264,-2.58251,9.85,10.200000000000001,696.0,0.9590000000000001,0.43510000000000004,0.0092,-0.0603,17.5034
2026-07-28 09:56:18.408000-04:00,CRWV,2026-12-18,95.0,P,670,65,35.2,50,111,5,36.550000000000004,50,2026-07-28 06:30:15-04:00,555.0,35.875,1.3500000000000014,0.03763066202090596,143,65.425,0.4520443255636226,0.392587071204655,0.9505820198653759,-0.6195686635051623,-4.28551,32.45,33.25,558.0,0.9575,-0.5653,0.0092,-0.0509,17.5001
2026-07-28 09:56:18.458000-04:00,CRWV,2026-12-18,97.5,C,103,65,7.2,50,5,76,7.5,50,2026-07-28 06:30:21-04:00,298.0,7.35,0.2999999999999998,0.04081632653061222,143,65.425,0.4902560183416127,0.392587071204655,0.959525095023265,0.36725223770886806,-4.33551,9.3,9.9,246.0,0.9653,0.4203,0.0091,-0.060200000000000004,17.3834
2026-07-28 09:56:17.266000-04:00,CRWV,2026-12-18,97.5,P,513,65,37.4,50,98,5,38.6,50,2026-07-28 06:30:26-04:00,695.0,38.0,1.2000000000000028,0.03157894736842113,143,65.425,0.4902560183416127,0.392587071204655,0.9570731112310046,-0.6336540431465881,-3.14351,34.4,35.25,690.0,0.9596,-0.5815,0.0091,-0.0502,17.366400000000002
2026-07-28 09:56:16.591000-04:00,CRWV,2026-12-18,100.0,C,243,5,6.75,50,758,5,7.45,50,2026-07-28 06:30:01-04:00,2335.0,7.1,0.7000000000000002,0.09859154929577468,143,65.425,0.5284677111196026,0.392587071204655,0.9703160134956684,0.3555840423808729,-2.46851,8.85,9.200000000000001,2291.0,0.9608000000000001,0.4025,0.009000000000000001,-0.059300000000000005,17.2061
2026-07-28 09:56:17.744000-04:00,CRWV,2026-12-18,100.0,P,517,65,39.5,50,91,5,40.65,50,2026-07-28 06:30:20-04:00,2022.0,40.075,1.1499999999999986,0.028696194635059225,143,65.425,0.5284677111196026,0.392587071204655,0.9586812531492253,-0.6488122871420748,-3.62151,36.35,37.15,2015.0,0.9577,-0.5985,0.009000000000000001,-0.0492,17.1945
2026-07-28 09:56:16.591000-04:00,CRWV,2026-12-18,105.0,C,296,5,5.95,50,935,65,6.8,50,2026-07-28 06:30:20-04:00,1530.0,6.375,0.8499999999999996,0.13333333333333328,143,65.425,0.6048910966755827,0.392587071204655,0.9726973700713096,0.3270962201587464,-2.46851,7.6000000000000005,8.2,1520.0,0.9489000000000001,0.36710000000000004,0.0089,-0.056900000000000006,16.7458
2026-07-28 09:56:16.794000-04:00,CRWV,2026-12-18,105.0,P,895,65,42.7,50,90,5,44.9,50,2026-07-28 06:30:15-04:00,502.0,43.8,2.1999999999999957,0.05022831050228301,143,65.425,0.6048910966755827,0.392587071204655,0.9278260559583098,-0.6909002805220172,-2.67151,40.35,41.2,501.0,0.9582,-0.6293000000000001,0.0088,-0.0473,16.7974
2026-07-28 09:56:16.832000-04:00,CRWV,2026-12-18,110.0,C,295,5,5.3,50,62,1,5.6000000000000005,50,2026-07-28 06:30:01-04:00,1994.0,5.45,0.3000000000000007,0.055045871559633155,143,65.425,0.6813144822315629,0.392587071204655,0.9549490976989546,0.2927931270988047,-2.70951,6.95,7.45,1991.0,0.9558000000000001,0.3408,0.0086,-0.0558,16.3083
2026-07-28 09:56:16.919000-04:00,CRWV,2026-12-18,110.0,P,117,5,48.6,50,74,5,49.4,50,2026-07-28 06:30:25-04:00,373.0,49.0,0.7999999999999972,0.01632653061224484,143,65.425,0.6813144822315629,0.392587071204655,0.9928101132298267,-0.6918778090466394,-2.79651,44.5,45.4,373.0,0.9624,-0.6565000000000001,0.0085,-0.0455,16.354300000000002
2026-07-28 09:56:17.786000-04:00,CRWV,2026-12-18,115.0,C,189,5,4.75,50,62,1,5.0,50,2026-07-28 06:30:11-04:00,1739.0,4.875,0.25,0.05128205128205128,143,65.425,0.757737867787543,0.392587071204655,0.9557502200420552,0.2681183042802564,-3.66351,5.95,6.65,1714.0,0.9448000000000001,0.30970000000000003,0.0083,-0.053000000000000005,15.6804
2026-07-28 09:56:17.700000-04:00,CRWV,2026-12-18,115.0,P,816,65,51.4,50,59,65,53.65,50,2026-07-28 06:30:06-04:00,664.0,52.525,2.25,0.042836744407425034,143,65.425,0.757737867787543,0.392587071204655,0.934176234291501,-0.7410130196477739,-3.57751,48.5,49.95,664.0,0.9669000000000001,-0.6813,0.0083,-0.043500000000000004,15.872100000000001
2026-07-28 09:56:19.025000-04:00,CRWV,2026-12-18,120.0,C,149,5,4.25,50,63,1,4.5,50,2026-07-28 06:30:25-04:00,1745.0,4.375,0.25,0.05714285714285714,143,65.425,0.8341612533435232,0.392587071204655,0.9571566848372867,0.2458240440723483,-4.90251,5.3500000000000005,6.05,1743.0,0.9475,0.28600000000000003,0.008,-0.0511,15.120600000000001
2026-07-28 09:56:18.791000-04:00,CRWV,2026-12-18,120.0,P,456,65,56.7,50,58,5,58.15,50,2026-07-28 06:30:11-04:00,410.0,57.425,1.4499999999999957,0.025250326512842765,143,65.425,0.8341612533435232,0.392587071204655,0.9711852056409948,-0.7482618458010377,-4.66851,52.7,54.4,410.0,0.9705,-0.7044,0.008,-0.0414,15.3537
2026-07-28 09:56:19.026000-04:00,CRWV,2026-12-18,125.0,C,194,65,3.8000000000000003,50,67,65,4.05,50,2026-07-28 06:30:20-04:00,500.0,3.925,0.24999999999999956,0.06369426751592346,143,65.425,0.9105846388995034,0.392587071204655,0.957910721058794,0.2252172808945953,-4.90351,4.95,5.55,493.0,0.9560000000000001,0.2667,0.0077,-0.049800000000000004,14.6117
2026-07-28 09:56:18.429000-04:00,CRWV,2026-12-18,125.0,P,427,65,61.25,50,73,65,62.75,50,2026-07-28 06:30:15-04:00,273.0,62.0,1.5,0.024193548387096774,143,65.425,0.9105846388995034,0.392587071204655,0.9802810676311037,-0.7653479645931732,-4.30651,57.050000000000004,58.800000000000004,278.0,0.9724,-0.7264,0.0076,-0.039,14.798300000000001
2026-07-28 09:56:17.220000-04:00,CRWV,2026-12-18,130.0,C,519,65,3.3000000000000003,50,508,5,3.9,50,2026-07-28 06:30:01-04:00,1315.0,3.6,0.5999999999999996,0.16666666666666657,143,65.425,0.9870080244554835,0.392587071204655,0.9649267416373605,0.20905782991809746,-3.09751,4.3500000000000005,4.95,1339.0,0.9498000000000001,0.24300000000000002,0.0074,-0.0471,13.918800000000001
2026-07-28 09:56:19.524000-04:00,CRWV,2026-12-18,130.0,P,761,22,64.95,50,74,65,67.35,50,2026-07-28 06:30:06-04:00,518.0,66.15,2.3999999999999915,0.036281179138321865,143,65.425,0.9870080244554835,0.392587071204655,0.9499006208773887,-0.7972933579830157,-5.40151,61.85,62.95,518.0,0.9778,-0.7451,0.0073,-0.0369,14.274700000000001
2026-07-28 09:56:17.659000-04:00,CRWV,2026-12-18,135.0,C,213,65,3.0500000000000003,50,575,65,3.5500000000000003,50,2026-07-28 06:30:20-04:00,1205.0,3.3000000000000003,0.5,0.1515151515151515,143,65.425,1.0634314100114635,0.392587071204655,0.9707666142495284,0.1940074281102479,-3.53651,3.9,4.55,1202.0,0.9519000000000001,0.22460000000000002,0.007,-0.0451,13.321800000000001
2026-07-28 09:56:16.381000-04:00,CRWV,2026-12-18,135.0,P,36,65,70.60000000000001,50,48,65,72.25,50,2026-07-28 06:30:15-04:00,90.0,71.42500000000001,1.6499999999999915,0.023101155057752766,143,65.425,1.0634314100114635,0.392587071204655,1.0114866259431499,-0.7891488592189313,-2.25851,66.1,67.6,89.0,0.9773000000000001,-0.7646000000000001,0.007,-0.034300000000000004,13.676300000000001
2026-07-28 09:56:16.579000-04:00,CRWV,2026-12-18,140.0,C,353,65,2.72,50,639,5,3.2,50,2026-07-28 06:30:01-04:00,754.0,2.96,0.48,0.16216216216216217,143,65.425,1.1398547955674436,0.392587071204655,0.9696832459461455,0.17755475726906328,-2.45651,3.65,4.15,750.0,0.9589000000000001,0.2097,0.0067,-0.0437,12.806700000000001
2026-07-28 09:56:18.453000-04:00,CRWV,2026-12-18,140.0,P,535,65,74.55,50,71,65,77.05,50,2026-07-28 06:30:25-04:00,152.0,75.8,2.5,0.032981530343007916,143,65.425,1.1398547955674436,0.392587071204655,0.9933612967322031,-0.8127357781460018,-4.33051,70.35000000000001,72.65,154.0,0.9885,-0.7777000000000001,0.0067,-0.0328,13.2414
2026-07-28 09:56:18.808000-04:00,CRWV,2026-12-18,145.0,C,692,65,2.35,50,722,65,3.0500000000000003,50,2026-07-28 06:30:11-04:00,859.0,2.7,0.7000000000000002,0.2592592592592593,143,65.425,1.2162781811234238,0.392587071204655,0.9728477403132629,0.16420903742706733,-4.68551,3.25,3.8000000000000003,839.0,0.9580000000000001,0.193,0.0064,-0.0415,12.1835
2026-07-28 09:56:16.591000-04:00,CRWV,2026-12-18,145.0,P,59,5,80.45,50,60,65,81.75,50,2026-07-28 06:30:06-04:00,82.0,81.1,1.2999999999999972,0.016029593094944478,143,65.425,1.2162781811234238,0.392587071204655,1.055227805523063,-0.8027282302758605,-2.46851,75.10000000000001,76.85000000000001,82.0,0.9829,-0.7965,0.0064,-0.0297,12.5761
2026-07-28 09:56:16.799000-04:00,CRWV,2026-12-18,150.0,C,391,65,2.2,50,678,65,2.65,50,2026-07-28 06:30:25-04:00,7109.0,2.425,0.44999999999999973,0.18556701030927825,143,65.425,1.292701566679404,0.392587071204655,0.9715117930534287,0.15029239803072114,-2.67651,3.0500000000000003,3.45,7112.0,0.9633,0.1801,0.0061,-0.039900000000000005,11.6737
2026-07-28 09:56:16.391000-04:00,CRWV,2026-12-18,150.0,P,37,4,83.5,50,19,11,86.55,50,2026-07-28 06:30:11-04:00,131.0,85.025,3.049999999999997,0.03587180241105554,143,65.425,1.292701566679404,0.392587071204655,0.9879015226961995,-0.8432300241223654,-2.26851,79.55,82.2,131.0,1.0088000000000001,-0.801,0.006200000000000001,-0.0297,12.4076
2026-07-28 09:56:18.489000-04:00,CRWV,2026-12-18,155.0,C,686,65,1.9100000000000001,50,38,5,2.2800000000000002,50,2026-07-28 06:30:01-04:00,982.0,2.095,0.3700000000000001,0.17661097852028643,143,65.425,1.369124952235384,0.392587071204655,0.9607284883161241,0.1339168488677267,-4.36651,2.73,3.0500000000000003,982.0,0.9579000000000001,0.164,0.0058000000000000005,-0.0374,10.997200000000001
2026-07-28 09:56:16.397000-04:00,CRWV,2026-12-18,155.0,P,10,65,89.5,50,16,65,91.3,50,2026-07-28 06:30:20-04:00,64.0,90.4,1.7999999999999972,0.01991150442477873,143,65.425,1.369124952235384,0.392587071204655,1.057556516836806,-0.8286186525196604,-2.27451,84.65,86.95,64.0,1.0359,-0.8042,0.0059,-0.029900000000000003,12.287
2026-07-28 09:56:16.300000-04:00,CRWV,2026-12-18,160.0,C,78,5,1.84,50,2,11,2.06,50,2026-07-28 06:30:06-04:00,4758.0,1.9500000000000002,0.21999999999999997,0.1128205128205128,143,65.425,1.4455483377913643,0.392587071204655,0.9676731938023019,0.12545524129641272,-2.17751,2.5500000000000003,2.86,4760.0,0.9652000000000001,0.1542,0.0055000000000000005,-0.0362,10.563
2026-07-28 09:56:16.300000-04:00,CRWV,2026-12-18,160.0,P,5,6,93.4,50,6,6,96.2,50,2026-07-28 06:30:15-04:00,100.0,94.80000000000001,2.799999999999997,0.02953586497890292,143,65.425,1.4455483377913643,0.392587071204655,1.0290271786526448,-0.8513841758943576,-2.17751,89.8,91.35000000000001,100.0,1.0487,-0.8124,0.0057,-0.028800000000000003,11.9716
2026-07-28 09:56:18.961000-04:00,CRWV,2026-12-18,165.0,C,450,65,1.6300000000000001,50,40,5,1.9000000000000001,50,2026-07-28 06:30:11-04:00,931.0,1.7650000000000001,0.27,0.1529745042492918,143,65.425,1.5219717233473444,0.392587071204655,0.9676873591896485,0.11528994906061352,-4.83851,2.25,2.56,931.0,0.9596,0.1403,0.005200000000000001,-0.0337,9.914200000000001
2026-07-28 09:56:16.326000-04:00,CRWV,2026-12-18,165.0,P,5,6,98.3,50,5,31,100.85000000000001,50,2026-07-28 06:30:06-04:00,97.0,99.575,2.5500000000000114,0.025608837559628533,143,65.425,1.5219717233473444,0.392587071204655,1.035716267821686,-0.8596830545665438,-2.20351,94.35000000000001,96.25,97.0,1.0563,-0.8217,0.0055000000000000005,-0.027200000000000002,11.596300000000001
2026-07-28 09:56:19.158000-04:00,CRWV,2026-12-18,170.0,C,592,65,1.44,50,91,5,1.79,50,2026-07-28 06:30:22-04:00,4919.0,1.615,0.3500000000000001,0.21671826625387003,143,65.425,1.5983951089033246,0.392587071204655,0.9697909371205703,0.10673529697869782,-5.03551,2.1,2.41,4919.0,0.9666,0.1322,0.0049,-0.032600000000000004,9.5206
2026-07-28 09:56:16.589000-04:00,CRWV,2026-12-18,170.0,P,5,7,103.15,50,5,31,105.75,50,2026-07-28 06:30:03-04:00,1.0,104.45,2.5999999999999943,0.024892292963140203,143,65.425,1.5983951089033246,0.392587071204655,1.0519539683852577,-0.8637753436068687,-2.46651,98.65,101.2,1.0,1.0525,-0.8346,0.0053,-0.0245,11.050500000000001
2026-07-28 09:56:17.692000-04:00,CRWV,2026-12-18,175.0,C,553,5,1.27,50,98,5,1.6600000000000001,50,2026-07-28 06:30:08-04:00,629.0,1.465,0.3900000000000001,0.2662116040955632,143,65.425,1.6748184944593048,0.392587071204655,0.969741252790408,0.09819914934691415,-3.56951,1.9100000000000001,2.22,629.0,0.9677,0.1227,0.0047,-0.031,9.036200000000001
2026-07-28 09:56:16.569000-04:00,CRWV,2026-12-18,175.0,P,8,4,108.05,50,5,6,110.8,50,2026-07-28 06:30:27-04:00,4.0,109.425,2.75,0.02513136851724926,143,65.425,1.6748184944593048,0.392587071204655,1.0784587762780562,-0.8636713258005171,-2.44651,103.15,106.45,4.0,1.0704,-0.8385,0.0051,-0.024,10.8812
2026-07-28 09:56:17.785000-04:00,CRWV,2026-12-18,180.0,C,277,42,1.29,50,15,46,1.46,50,2026-07-28 06:30:03-04:00,456.0,1.375,0.16999999999999993,0.12363636363636359,143,65.425,1.751241880015285,0.392587071204655,0.9763280053438714,0.09256846722127565,-3.66251,1.6300000000000001,2.05,468.0,0.9630000000000001,0.11180000000000001,0.0044,-0.028900000000000002,8.4624
2026-07-28 09:56:16.418000-04:00,CRWV,2026-12-18,180.0,P,6,65,112.9,50,5,6,115.60000000000001,50,2026-07-28 06:30:08-04:00,25.0,114.25,2.700000000000003,0.023632385120350135,143,65.425,1.751241880015285,0.392587071204655,1.0872451958528926,-0.8694867621384447,-2.29551,108.05,111.35000000000001,25.0,1.0893000000000002,-0.8415,0.0049,-0.023700000000000002,10.7493
2026-07-28 09:56:17.370000-04:00,CRWV,2026-12-18,185.0,C,524,65,1.12,50,266,5,1.42,50,2026-07-28 06:30:22-04:00,162.0,1.27,0.2999999999999998,0.23622047244094474,143,65.425,1.827665265571265,0.392587071204655,0.9791997396390238,0.0862715312046885,-3.24751,1.59,1.83,159.0,0.9668,0.1048,0.004200000000000001,-0.027600000000000003,8.0749
2026-07-28 09:56:16.305000-04:00,CRWV,2026-12-18,185.0,P,5,6,117.95,50,5,6,120.65,50,2026-07-28 06:30:07-04:00,0.0,119.30000000000001,2.700000000000003,0.022632020117351236,143,65.425,1.827665265571265,0.392587071204655,1.1208932737549102,-0.8661713969086339,-2.18251,112.75,115.95,0.0,1.0833000000000002,-0.8532000000000001,0.0047,-0.021,10.2161
2026-07-28 09:56:17.526000-04:00,CRWV,2026-12-18,190.0,C,25,7,1.11,50,5,76,1.24,50,2026-07-28 06:30:13-04:00,3500.0,1.175,0.1299999999999999,0.11063829787234034,143,65.425,1.9040886511272452,0.392587071204655,0.9820403550295643,0.08050306267283897,-3.40351,1.48,1.73,3500.0,0.9716,0.09860000000000001,0.004,-0.026600000000000002,7.729
2026-07-28 09:56:15.421000-04:00,CRWV,2026-12-18,190.0,P,5,6,122.9,50,5,6,125.60000000000001,50,2026-07-28 06:30:08-04:00,179.0,124.25,2.700000000000003,0.021730382293762597,143,65.425,1.9040886511272452,0.392587071204655,1.1425110580274995,-0.8667882742592363,-1.29851,117.7,121.4,179.0,1.1292,-0.8454,0.0047,-0.0235,10.5752
2026-07-28 09:56:18.437000-04:00,CRWV,2026-12-18,195.0,C,437,5,0.96,50,1017,65,1.5,50,2026-07-28 06:30:18-04:00,130.0,1.23,0.54,0.4390243902439025,143,65.425,1.9805120366832254,0.392587071204655,1.0082924703694038,0.08225196929137207,-4.31451,1.37,1.57,130.0,0.9722000000000001,0.0916,0.0038,-0.0252,7.3212
2026-07-28 09:56:18.576000-04:00,CRWV,2026-12-18,195.0,P,7,4,127.85000000000001,50,7,4,130.55,50,2026-07-28 06:30:27-04:00,4.0,129.20000000000002,2.700000000000003,0.02089783281733748,143,65.425,1.9805120366832254,0.392587071204655,1.1635186283224257,-0.8673299396837355,-4.45351,123.4,125.75,4.0,1.1572,-0.8439000000000001,0.0046,-0.024300000000000002,10.642900000000001
2026-07-28 09:56:17.907000-04:00,CRWV,2026-12-18,200.0,C,27,11,0.93,50,558,65,1.17,50,2026-07-28 06:30:13-04:00,5690.0,1.05,0.23999999999999988,0.22857142857142845,143,65.425,2.056935422239205,0.392587071204655,0.9946661677305779,0.07237266912225968,-3.78451,1.16,1.44,5676.0,0.9655,0.0829,0.0035,-0.023200000000000002,6.7917000000000005
2026-07-28 09:56:17.482000-04:00,CRWV,2026-12-18,200.0,P,9,4,132.8,50,5,31,135.35,50,2026-07-28 06:30:03-04:00,88.0,134.075,2.549999999999983,0.019019205668469014,143,65.425,2.056935422239205,0.392587071204655,1.1753383489887854,-0.8706917303033733,-3.35951,127.35000000000001,131.25,88.0,1.1569,-0.8522000000000001,0.0044,-0.0223,10.2629
2026-07-28 09:56:16.484000-04:00,CRWV,2027-01-15,17.5,C,1,11,46.550000000000004,50,5,31,50.7,50,2026-07-28 06:30:06-04:00,58.0,48.625,4.149999999999999,0.08534704370179946,171,65.425,-0.7325181505540695,0.4692993999717783,1.120078505381507,0.9831890316812467,-2.36151,52.35,55.85,58.0,1.2191,0.9825,0.0007,-0.0089,2.0980000000000003
2026-07-28 09:56:17.489000-04:00,CRWV,2027-01-15,17.5,P,1480,65,0.21,50,722,65,0.49,50,2026-07-28 06:30:12-04:00,9751.0,0.35,0.28,0.8000000000000002,171,65.425,-0.7325181505540695,0.4692993999717783,1.090765170492309,-0.01533524139301179,-3.36651,0.29,0.35000000000000003,9750.0,1.1152,-0.0128,0.0006000000000000001,-0.005,1.6107
2026-07-28 09:56:19.524000-04:00,CRWV,2027-01-15,20.0,C,975,65,45.0,50,944,65,48.050000000000004,50,2026-07-28 06:30:29-04:00,152.0,46.525000000000006,3.0500000000000043,0.06555615260612582,171,65.425,-0.6943064577760795,0.4692993999717783,1.1580833607771572,0.9720714827460821,-5.40151,50.0,53.15,152.0,1.0759,0.9823000000000001,0.0008,-0.008400000000000001,2.1203000000000003
2026-07-28 09:56:19.063000-04:00,CRWV,2027-01-15,20.0,P,1589,65,0.2,50,1232,65,1.25,50,2026-07-28 06:30:12-04:00,23057.0,0.725,1.05,1.4482758620689655,171,65.425,-0.6943064577760795,0.4692993999717783,1.1456453964988738,-0.02715585495689965,-4.94051,0.4,0.65,23052.0,1.1118000000000001,-0.0196,0.0008,-0.0073,2.3218
2026-07-28 09:56:16.309000-04:00,CRWV,2027-01-15,22.5,C,3,5,43.2,50,5,6,46.25,50,2026-07-28 06:30:06-04:00,9.0,44.725,3.049999999999997,0.06819452207937389,171,65.425,-0.6560947649980894,0.4692993999717783,1.2316257694727288,0.956112226569998,-2.18651,47.800000000000004,51.4,9.0,1.1524,0.9689000000000001,0.0012000000000000001,-0.0132,3.3991000000000002
2026-07-28 09:56:19.785000-04:00,CRWV,2027-01-15,22.5,P,699,65,0.6900000000000001,50,657,65,1.01,50,2026-07-28 06:30:00-04:00,374.0,0.8500000000000001,0.31999999999999995,0.376470588235294,171,65.425,-0.6560947649980894,0.4692993999717783,1.0804366405258803,-0.0332282474256006,-5.66251,0.61,0.87,368.0,1.0941,-0.027100000000000003,0.0011,-0.0094,3.043
2026-07-28 09:56:16.559000-04:00,CRWV,2027-01-15,25.0,C,9,65,41.1,50,12,4,44.0,50,2026-07-28 06:30:23-04:00,83.0,42.55,2.8999999999999986,0.06815511163337247,171,65.425,-0.6178830722200994,0.4692993999717783,1.1838650979460001,0.9466097986063491,-2.43651,46.45,49.1,83.0,1.2061,0.9546,0.0016,-0.0182,4.6343000000000005
2026-07-28 09:56:19.119000-04:00,CRWV,2027-01-15,25.0,P,1284,65,0.72,50,1236,65,1.73,50,2026-07-28 06:30:18-04:00,2896.0,1.225,1.01,0.8244897959183672,171,65.425,-0.6178830722200994,0.4692993999717783,1.0799609676561472,-0.04518937878015039,-4.99651,0.84,1.1400000000000001,2895.0,1.073,-0.035500000000000004,0.0015,-0.0115,3.8048
2026-07-28 09:56:16.313000-04:00,CRWV,2027-01-15,27.5,C,5,6,39.0,50,6,6,42.0,50,2026-07-28 06:30:29-04:00,11.0,40.5,3.0,0.07407407407407407,171,65.425,-0.5796713794421093,0.4692993999717783,1.1569341440333856,0.9346641705146468,-2.19051,43.5,46.75,11.0,1.0695000000000001,0.9533,0.0018000000000000002,-0.016900000000000002,4.7408
2026-07-28 09:56:16.471000-04:00,CRWV,2027-01-15,27.5,P,889,65,1.27,50,644,65,1.6600000000000001,50,2026-07-28 06:30:12-04:00,538.0,1.465,0.3900000000000001,0.2662116040955632,171,65.425,-0.5796713794421093,0.4692993999717783,1.0368767513293566,-0.05485929789674482,-2.34851,1.1400000000000001,1.42,538.0,1.0519,-0.0451,0.0018000000000000002,-0.013600000000000001,4.615600000000001
2026-07-28 09:56:12.829000-04:00,CRWV,2027-01-15,28.0,C,1,5,34.550000000000004,50,2,5,44.0,50,2026-07-28 06:30:29-04:00,0.0,39.275000000000006,9.449999999999996,0.2406110757479311,171,65.425,-0.5720290408865112,0.4692993999717783,1.0004408557164077,0.945863648395437,1.29349,40.0,49.85,0.0,1.1097000000000001,0.9474,0.0019,-0.019,5.2115
2026-07-28 09:56:16.304000-04:00,CRWV,2027-01-15,30.0,C,5,6,37.0,50,5,6,39.45,50,2026-07-28 06:30:06-04:00,67.0,38.225,2.450000000000003,0.06409417920209294,171,65.425,-0.5414596866641193,0.4692993999717783,1.0892856920591467,0.925199276573187,-2.18151,41.6,44.65,67.0,1.0683,0.9407000000000001,0.0022,-0.0201,5.7355
2026-07-28 09:56:17.962000-04:00,CRWV,2027-01-15,30.0,P,691,5,1.78,50,289,65,2.02,50,2026-07-28 06:30:00-04:00,1659.0,1.9,0.24,0.12631578947368421,171,65.425,-0.5414596866641193,0.4692993999717783,1.0256570451299292,-0.06872012610677802,-3.83951,1.51,1.83,1659.0,1.0419,-0.0568,0.0022,-0.0162,5.5479
2026-07-28 09:56:16.307000-04:00,CRWV,2027-01-15,32.5,C,5,6,35.050000000000004,50,5,6,38.050000000000004,50,2026-07-28 06:30:23-04:00,20.0,36.550000000000004,3.0,0.08207934336525306,171,65.425,-0.5032479938861292,0.4692993999717783,1.108342540484598,0.9071966443297723,-2.18451,39.35,42.6,20.0,1.0332000000000001,0.93,0.0026000000000000003,-0.022000000000000002,6.5187
2026-07-28 09:56:18.345000-04:00,CRWV,2027-01-15,32.5,P,723,65,2.16,50,52,5,2.52,50,2026-07-28 06:30:17-04:00,200.0,2.34,0.3599999999999999,0.1538461538461538,171,65.425,-0.5032479938861292,0.4692993999717783,1.0060177126667251,-0.08307809573379399,-4.22251,1.92,2.27,200.0,1.0276,-0.0693,0.0026000000000000003,-0.018600000000000002,6.4787
2026-07-28 09:56:16.676000-04:00,CRWV,2027-01-15,35.0,C,5,6,33.25,50,10,4,35.7,50,2026-07-28 06:30:00-04:00,78.0,34.475,2.450000000000003,0.07106598984771581,171,65.425,-0.4650363011081391,0.4692993999717783,1.0647882501802388,0.893579063738315,-2.55351,37.45,40.550000000000004,78.0,1.0203,0.9162,0.0031000000000000003,-0.0247,7.4774
2026-07-28 09:56:17.200000-04:00,CRWV,2027-01-15,35.0,P,836,5,2.75,50,893,65,3.2,50,2026-07-28 06:30:23-04:00,2165.0,2.975,0.4500000000000002,0.15126050420168072,171,65.425,-0.4650363011081391,0.4692993999717783,1.0052546178771915,-0.10069944359986582,-3.07751,2.42,2.79,2164.0,1.0185,-0.0835,0.0031000000000000003,-0.0212,7.4653
2026-07-28 09:56:18.775000-04:00,CRWV,2027-01-15,37.5,C,537,65,31.45,50,204,65,32.9,50,2026-07-28 06:30:17-04:00,100.0,32.175,1.4499999999999993,0.04506604506604505,171,65.425,-0.426824608330149,0.4692993999717783,0.9954349594531332,0.8814458573142543,-4.65251,35.75,38.300000000000004,100.0,1.0,0.9021,0.0035,-0.027,8.3955
2026-07-28 09:56:17.786000-04:00,CRWV,2027-01-15,37.5,P,542,5,3.45,50,359,5,3.8000000000000003,50,2026-07-28 06:30:29-04:00,1734.0,3.625,0.3500000000000001,0.09655172413793106,171,65.425,-0.426824608330149,0.4692993999717783,0.996771223475314,-0.11868710246589775,-3.66351,2.99,3.2,1735.0,0.9998,-0.0978,0.0035,-0.0233,8.3935
2026-07-28 09:56:17.703000-04:00,CRWV,2027-01-15,40.0,C,626,5,29.8,50,1277,65,32.0,50,2026-07-28 06:30:12-04:00,2321.0,30.9,2.1999999999999993,0.07119741100323623,171,65.425,-0.38861291555215893,0.4692993999717783,1.0337770605782672,0.8583745280881435,-3.58051,34.800000000000004,36.0,2320.0,1.0138,0.8835000000000001,0.0039000000000000003,-0.0307,9.5177
2026-07-28 09:56:18.462000-04:00,CRWV,2027-01-15,40.0,P,788,65,4.05,50,93,5,4.55,50,2026-07-28 06:30:06-04:00,8242.0,4.3,0.5,0.11627906976744186,171,65.425,-0.38861291555215893,0.4692993999717783,0.9839788149755254,-0.13733459137244775,-4.33951,3.5500000000000003,3.9,8231.0,0.9916,-0.11420000000000001,0.004,-0.0258,9.3894
2026-07-28 09:56:18.413000-04:00,CRWV,2027-01-15,42.5,C,271,65,28.2,50,559,65,30.35,50,2026-07-28 06:30:00-04:00,49.0,29.275,2.150000000000002,0.07344150298889845,171,65.425,-0.35040122277416885,0.4692993999717783,1.0259048488802767,0.8388161000209423,-4.29051,32.15,34.35,49.0,0.9664,0.87,0.0045000000000000005,-0.0316,10.277000000000001
2026-07-28 09:56:16.484000-04:00,CRWV,2027-01-15,42.5,P,735,65,4.8500000000000005,50,566,65,5.4,50,2026-07-28 06:30:23-04:00,1191.0,5.125,0.5499999999999998,0.10731707317073168,171,65.425,-0.35040122277416885,0.4692993999717783,0.9796670643100335,-0.1577163713637767,-2.36151,4.25,4.8,1191.0,0.9937,-0.1326,0.0044,-0.0287,10.4221
2026-07-28 09:56:18.883000-04:00,CRWV,2027-01-15,45.0,C,540,65,26.400000000000002,50,208,5,27.8,50,2026-07-28 06:30:18-04:00,77.0,27.1,1.3999999999999986,0.051660516605166,171,65.425,-0.31218952999617877,0.4692993999717783,0.9657466636030081,0.82182887047904,-4.76051,30.55,33.1,74.0,0.9839,0.8493,0.0048000000000000004,-0.035300000000000005,11.3605
2026-07-28 09:56:18.462000-04:00,CRWV,2027-01-15,45.0,P,886,65,5.65,50,442,65,6.3,50,2026-07-28 06:30:29-04:00,7138.0,5.975,0.6499999999999995,0.10878661087866101,171,65.425,-0.31218952999617877,0.4692993999717783,0.9712421135790374,-0.17855329475783743,-4.33951,5.05,5.6000000000000005,7131.0,0.9888,-0.151,0.0048000000000000004,-0.031100000000000003,11.381
2026-07-28 09:56:18.683000-04:00,CRWV,2027-01-15,47.5,C,438,65,25.0,50,1061,65,27.650000000000002,50,2026-07-28 06:30:12-04:00,148.0,26.325000000000003,2.650000000000002,0.10066476733143406,171,65.425,-0.2739778372181887,0.4692993999717783,1.0186816240778864,0.7973723496004319,-4.56051,29.0,31.400000000000002,148.0,0.9770000000000001,0.8304,0.0053,-0.037700000000000004,12.278
2026-07-28 09:56:18.583000-04:00,CRWV,2027-01-15,47.5,P,855,65,6.6000000000000005,50,593,5,7.3500000000000005,50,2026-07-28 06:30:06-04:00,320.0,6.9750000000000005,0.75,0.1075268817204301,171,65.425,-0.2739778372181887,0.4692993999717783,0.9696436194516665,-0.2004766901572942,-4.46051,5.95,6.3,318.0,0.9785,-0.1696,0.0053,-0.033100000000000004,12.283000000000001
2026-07-28 09:56:18.786000-04:00,CRWV,2027-01-15,50.0,C,286,65,23.900000000000002,50,956,65,25.55,50,2026-07-28 06:30:00-04:00,407.0,24.725,1.6499999999999986,0.06673407482305353,171,65.425,-0.23576614444019872,0.4692993999717783,0.9980897137923999,0.7764243853506279,-4.66351,27.75,29.75,398.0,0.9784,0.8103,0.0057,-0.0403,13.1737
2026-07-28 09:56:19.192000-04:00,CRWV,2027-01-15,50.0,P,776,5,7.7,50,62,5,8.3,50,2026-07-28 06:30:23-04:00,4369.0,8.0,0.6000000000000005,0.07500000000000007,171,65.425,-0.23576614444019872,0.4692993999717783,0.9643929469176065,-0.22265815655821675,-5.06951,6.8500000000000005,7.15,4311.0,0.9700000000000001,-0.1892,0.0057,-0.035,13.152700000000001
2026-07-28 09:56:17.613000-04:00,CRWV,2027-01-15,52.5,C,264,65,22.6,50,684,65,24.55,50,2026-07-28 06:30:17-04:00,26.0,23.575000000000003,1.9499999999999993,0.08271474019088013,171,65.425,-0.19755445166220864,0.4692993999717783,1.006485524265889,0.7545246243280523,-3.49051,26.7,28.2,26.0,0.9853000000000001,0.7897000000000001,0.006,-0.0429,14.0158
2026-07-28 09:56:17.605000-04:00,CRWV,2027-01-15,52.5,P,820,65,8.700000000000001,50,19,22,9.4,50,2026-07-28 06:30:29-04:00,224.0,9.05,0.6999999999999993,0.07734806629834245,171,65.425,-0.19755445166220864,0.4692993999717783,0.9562530376657142,-0.2452025940689877,-3.48251,7.8500000000000005,8.15,223.0,0.9661000000000001,-0.2094,0.0061,-0.037000000000000005,13.9853
2026-07-28 09:56:17.620000-04:00,CRWV,2027-01-15,55.0,C,367,5,21.35,50,1332,65,23.6,50,2026-07-28 06:30:12-04:00,241.0,22.475,2.25,0.10011123470522802,171,65.425,-0.15934275888421856,0.4692993999717783,1.0129148915511759,0.7329549664052394,-3.49751,24.900000000000002,26.900000000000002,240.0,0.9697,0.7696000000000001,0.0064,-0.0444,14.767700000000001
2026-07-28 09:56:17.007000-04:00,CRWV,2027-01-15,55.0,P,767,65,9.9,50,59,11,10.6,50,2026-07-28 06:30:06-04:00,2001.0,10.25,0.6999999999999993,0.0682926829268292,171,65.425,-0.15934275888421856,0.4692993999717783,0.9542248355431591,-0.26809823190991733,-2.88451,8.85,9.55,1997.0,0.9715,-0.2303,0.0064,-0.0391,14.7691
2026-07-28 09:56:18.698000-04:00,CRWV,2027-01-15,57.5,C,190,65,20.3,50,1326,65,22.45,50,2026-07-28 06:30:00-04:00,165.0,21.375,2.1499999999999986,0.10058479532163736,171,65.425,-0.12113106610622848,0.4692993999717783,1.0146545058428649,0.7115602394910444,-4.57551,23.6,25.400000000000002,165.0,0.9611000000000001,0.7489,0.0068000000000000005,-0.046,15.478100000000001
2026-07-28 09:56:19.671000-04:00,CRWV,2027-01-15,57.5,P,864,65,11.1,50,160,65,11.9,50,2026-07-28 06:30:23-04:00,1215.0,11.5,0.8000000000000007,0.0695652173913044,171,65.425,-0.12113106610622848,0.4692993999717783,0.951184738790187,-0.29107466892825884,-5.54851,10.0,10.55,1208.0,0.9636,-0.2511,0.0068000000000000005,-0.0405,15.4784
2026-07-28 09:56:17.990000-04:00,CRWV,2027-01-15,60.0,C,189,60,19.2,50,1252,65,21.05,50,2026-07-28 06:30:18-04:00,523.0,20.125,1.8500000000000014,0.09192546583850938,171,65.425,-0.0829193733282384,0.4692993999717783,1.0029485780027831,0.6895062894569213,-3.86751,22.35,24.150000000000002,524.0,0.9584,0.7278,0.0071,-0.0477,16.1306
2026-07-28 09:56:16.591000-04:00,CRWV,2027-01-15,60.0,P,834,5,12.450000000000001,50,182,65,13.25,50,2026-07-28 06:30:29-04:00,7676.0,12.850000000000001,0.7999999999999989,0.06225680933852131,171,65.425,-0.0829193733282384,0.4692993999717783,0.9505570888527877,-0.31390067750144,-2.46851,11.200000000000001,11.55,7676.0,0.9542,-0.2722,0.0071,-0.041600000000000005,16.1328
2026-07-28 09:56:17.082000-04:00,CRWV,2027-01-15,62.5,C,236,65,18.05,50,962,65,19.45,50,2026-07-28 06:30:12-04:00,75.0,18.75,1.3999999999999986,0.07466666666666659,171,65.425,-0.04470768055024832,0.4692993999717783,0.9806845242120039,0.6662160837193641,-2.95951,21.75,23.05,75.0,0.9763000000000001,0.7076,0.007200000000000001,-0.050100000000000006,16.6969
2026-07-28 09:56:18.207000-04:00,CRWV,2027-01-15,62.5,P,577,5,13.950000000000001,50,560,65,14.8,50,2026-07-28 06:30:06-04:00,2056.0,14.375,0.8499999999999996,0.05913043478260867,171,65.425,-0.04470768055024832,0.4692993999717783,0.956885681187132,-0.3359054267452448,-4.08451,12.450000000000001,13.1,2069.0,0.9598000000000001,-0.29300000000000004,0.0073,-0.0432,16.715400000000002
2026-07-28 09:56:18.275000-04:00,CRWV,2027-01-15,65.0,C,102,65,17.2,50,698,5,17.8,50,2026-07-28 06:30:00-04:00,461.0,17.5,0.6000000000000014,0.034285714285714364,171,65.425,-0.006495987772258238,0.4692993999717783,0.9636647503392832,0.6427804149533747,-4.15251,20.400000000000002,21.650000000000002,447.0,0.9589000000000001,0.686,0.0076,-0.0507,17.236800000000002
2026-07-28 09:56:17.786000-04:00,CRWV,2027-01-15,65.0,P,882,5,15.4,50,283,5,16.1,50,2026-07-28 06:30:23-04:00,5283.0,15.75,0.7000000000000011,0.044444444444444516,171,65.425,-0.006495987772258238,0.4692993999717783,0.9504547606399154,-0.3587231831912254,-3.66351,13.75,14.5,5295.0,0.9586,-0.3139,0.0076,-0.0444,17.2373
2026-07-28 09:56:17.743000-04:00,CRWV,2027-01-15,67.5,C,247,65,16.1,50,980,65,17.45,50,2026-07-28 06:30:23-04:00,299.0,16.775,1.3499999999999979,0.08047690014903118,171,65.425,0.03171570500573173,0.4692993999717783,0.9749654010526424,0.6228029574758797,-3.62051,19.45,20.400000000000002,299.0,0.9549000000000001,0.6651,0.0078000000000000005,-0.051800000000000006,17.7007
2026-07-28 09:56:18.540000-04:00,CRWV,2027-01-15,67.5,P,1405,65,15.6,50,225,5,17.650000000000002,50,2026-07-28 06:30:00-04:00,1649.0,16.625,2.0500000000000025,0.12330827067669188,171,65.425,0.03171570500573173,0.4692993999717783,0.9118390369872093,-0.3859971047359234,-4.41751,15.1,15.9,1631.0,0.9560000000000001,-0.3347,0.0078000000000000005,-0.045200000000000004,17.698900000000002
2026-07-28 09:56:17.671000-04:00,CRWV,2027-01-15,70.0,C,6,31,15.35,50,772,5,16.35,50,2026-07-28 06:30:18-04:00,716.0,15.850000000000001,1.0000000000000018,0.06309148264984238,171,65.425,0.06992739778372181,0.4692993999717783,0.9713694916117837,0.6013677472901594,-3.54851,18.2,19.35,637.0,0.9456,0.6436000000000001,0.0081,-0.0524,18.1154
2026-07-28 09:56:18.489000-04:00,CRWV,2027-01-15,70.0,P,1466,65,17.2,50,154,5,19.2,50,2026-07-28 06:30:29-04:00,9523.0,18.2,2.0,0.10989010989010989,171,65.425,0.06992739778372181,0.4692993999717783,0.9116648434345298,-0.40847395089295757,-4.36651,16.5,17.0,9498.0,0.9434,-0.35650000000000004,0.0081,-0.0455,18.1197
2026-07-28 09:56:18.489000-04:00,CRWV,2027-01-15,72.5,C,434,5,14.3,50,1007,65,15.700000000000001,50,2026-07-28 06:30:00-04:00,151.0,15.0,1.4000000000000004,0.09333333333333335,171,65.425,0.10813909056171189,0.4692993999717783,0.9693907605943185,0.5805164285375497,-4.36651,17.25,18.400000000000002,132.0,0.9445,0.6231,0.0082,-0.053200000000000004,18.454800000000002
2026-07-28 09:56:19.524000-04:00,CRWV,2027-01-15,72.5,P,1250,22,18.5,50,185,5,20.85,50,2026-07-28 06:30:06-04:00,519.0,19.675,2.3500000000000014,0.11944091486658202,171,65.425,0.10813909056171189,0.4692993999717783,0.9028713504738243,-0.43213600076342695,-5.40151,18.0,18.85,519.0,0.9513,-0.3759,0.0082,-0.0465,18.4409
2026-07-28 09:56:17.609000-04:00,CRWV,2027-01-15,75.0,C,412,5,13.5,50,742,5,14.55,50,2026-07-28 06:30:17-04:00,703.0,14.025,1.0500000000000007,0.07486631016042786,171,65.425,0.14635078333970197,0.4692993999717783,0.9577961422752584,0.55804555112496,-3.48651,16.65,17.400000000000002,698.0,0.9489000000000001,0.6038,0.0083,-0.054200000000000005,18.7256
2026-07-28 09:56:17.431000-04:00,CRWV,2027-01-15,75.0,P,665,65,21.55,50,190,65,22.55,50,2026-07-28 06:30:29-04:00,2877.0,22.05,1.0,0.045351473922902494,171,65.425,0.14635078333970197,0.4692993999717783,0.94219100135803,-0.4452564138205488,-3.30851,19.55,20.35,2877.0,0.9488000000000001,-0.3961,0.0083,-0.0468,18.7259
2026-07-28 09:56:19.194000-04:00,CRWV,2027-01-15,77.5,C,312,5,12.85,50,674,5,13.85,50,2026-07-28 06:30:18-04:00,259.0,13.35,1.0,0.0749063670411985,171,65.425,0.18456247611769205,0.4692993999717783,0.9607779138637265,0.5389479432965201,-5.07151,16.0,16.55,259.0,0.9535,0.5851000000000001,0.008400000000000001,-0.055,18.943
2026-07-28 09:56:18.489000-04:00,CRWV,2027-01-15,77.5,P,682,65,23.2,50,176,65,24.25,50,2026-07-28 06:30:23-04:00,781.0,23.725,1.0500000000000007,0.044257112750263464,171,65.425,0.18456247611769205,0.4692993999717783,0.9392244698341103,-0.46609377734895363,-4.36651,21.150000000000002,21.95,781.0,0.9475,-0.41590000000000005,0.008400000000000001,-0.0471,18.9541
2026-07-28 09:56:18.027000-04:00,CRWV,2027-01-15,80.0,C,693,5,12.1,50,678,5,12.8,50,2026-07-28 06:30:12-04:00,2798.0,12.45,0.7000000000000011,0.05622489959839366,171,65.425,0.22277416889568213,0.4692993999717783,0.9488342243414885,0.5167255381780818,-3.90451,15.15,15.700000000000001,2813.0,0.9503,0.5655,0.0085,-0.055200000000000006,19.1243
2026-07-28 09:56:18.852000-04:00,CRWV,2027-01-15,80.0,P,1259,65,23.8,50,188,65,26.05,50,2026-07-28 06:30:06-04:00,4466.0,24.925,2.25,0.09027081243731193,171,65.425,0.22277416889568213,0.4692993999717783,0.9073566246199689,-0.49409978382166364,-4.72951,22.8,23.25,4461.0,0.9373,-0.43710000000000004,0.0086,-0.046700000000000005,19.1451
2026-07-28 09:56:18.921000-04:00,CRWV,2027-01-15,82.5,C,392,65,11.450000000000001,50,708,65,12.5,50,2026-07-28 06:30:06-04:00,757.0,11.975000000000001,1.049999999999999,0.08768267223382036,171,65.425,0.2609858616736722,0.4692993999717783,0.9585207590025968,0.50049990681612,-4.79851,14.25,14.950000000000001,756.0,0.9466,0.546,0.0086,-0.0553,19.2571
2026-07-28 09:56:18.271000-04:00,CRWV,2027-01-15,82.5,P,932,65,26.35,50,279,65,28.0,50,2026-07-28 06:30:00-04:00,1849.0,27.175,1.6499999999999986,0.06071757129714806,171,65.425,0.2609858616736722,0.4692993999717783,0.9320181891435234,-0.5068316010195293,-4.14851,24.45,25.1,1848.0,0.9395,-0.4555,0.0086,-0.046900000000000004,19.265900000000002
2026-07-28 09:56:16.604000-04:00,CRWV,2027-01-15,85.0,C,153,5,10.950000000000001,50,996,65,12.05,50,2026-07-28 06:30:06-04:00,936.0,11.5,1.0999999999999996,0.09565217391304345,171,65.425,0.2991975544516623,0.4692993999717783,0.9661620889120568,0.4845861007132896,-2.48151,13.5,14.200000000000001,939.0,0.9445,0.5273,0.0086,-0.055400000000000005,19.341
2026-07-28 09:56:17.299000-04:00,CRWV,2027-01-15,85.0,P,1154,65,27.95,50,191,65,29.75,50,2026-07-28 06:30:12-04:00,2106.0,28.85,1.8000000000000007,0.062391681109185464,171,65.425,0.2991975544516623,0.4692993999717783,0.9223933455085144,-0.5283710458909925,-3.17651,26.2,26.85,2109.0,0.9396,-0.4738,0.008700000000000001,-0.0468,19.344900000000003
2026-07-28 09:56:18.775000-04:00,CRWV,2027-01-15,87.5,C,249,65,10.35,50,688,5,10.950000000000001,50,2026-07-28 06:30:12-04:00,287.0,10.65,0.6000000000000014,0.05633802816901422,171,65.425,0.3374092472296524,0.4692993999717783,0.9508640694653884,0.46242216571662154,-4.65251,12.85,13.5,280.0,0.9441,0.5093,0.0086,-0.055400000000000005,19.3811
2026-07-28 09:56:18.434000-04:00,CRWV,2027-01-15,87.5,P,1081,65,29.75,50,167,65,31.6,50,2026-07-28 06:30:29-04:00,1233.0,30.675,1.8500000000000014,0.060309698451507784,171,65.425,0.3374092472296524,0.4692993999717783,0.9191429979898171,-0.5476374663897776,-4.31151,27.900000000000002,28.650000000000002,1214.0,0.9378000000000001,-0.4922,0.008700000000000001,-0.0465,19.3828
2026-07-28 09:56:17.585000-04:00,CRWV,2027-01-15,90.0,C,190,5,9.8,50,940,65,10.700000000000001,50,2026-07-28 06:30:29-04:00,1181.0,10.25,0.9000000000000004,0.08780487804878052,171,65.425,0.37562094000764246,0.4692993999717783,0.9589994077510904,0.4479415051558871,-3.46251,12.3,12.75,1100.0,0.9434,0.4918,0.008700000000000001,-0.0553,19.3824
2026-07-28 09:56:18.090000-04:00,CRWV,2027-01-15,90.0,P,228,5,32.85,50,184,65,33.65,50,2026-07-28 06:30:18-04:00,3913.0,33.25,0.7999999999999972,0.024060150375939764,171,65.425,0.37562094000764246,0.4692993999717783,0.9563771864095393,-0.5529118056203699,-3.96751,29.75,30.5,3913.0,0.9393,-0.5093,0.008700000000000001,-0.0463,19.3812
2026-07-28 09:56:19.192000-04:00,CRWV,2027-01-15,92.5,C,266,65,9.25,50,548,5,9.950000000000001,50,2026-07-28 06:30:17-04:00,880.0,9.600000000000001,0.7000000000000011,0.07291666666666677,171,65.425,0.41383263278563254,0.4692993999717783,0.9513006974033263,0.4288663556989931,-5.06951,11.65,12.15,828.0,0.9425,0.4747,0.0086,-0.0551,19.3475
2026-07-28 09:56:19.340000-04:00,CRWV,2027-01-15,92.5,P,829,65,34.05,50,135,65,35.550000000000004,50,2026-07-28 06:30:06-04:00,458.0,34.8,1.500000000000007,0.04310344827586228,171,65.425,0.41383263278563254,0.4692993999717783,0.9339980516964165,-0.5771254150460903,-5.21751,31.55,32.65,451.0,0.9458000000000001,-0.5242,0.0086,-0.0463,19.3505
2026-07-28 09:56:19.027000-04:00,CRWV,2027-01-15,95.0,C,436,5,8.700000000000001,50,839,65,9.65,50,2026-07-28 06:30:23-04:00,1133.0,9.175,0.9499999999999993,0.10354223433242499,171,65.425,0.4520443255636226,0.4692993999717783,0.9547246723013193,0.41408409389006734,-4.90451,11.200000000000001,11.55,1132.0,0.9447000000000001,0.459,0.0086,-0.055,19.284200000000002
2026-07-28 09:56:19.026000-04:00,CRWV,2027-01-15,95.0,P,493,65,35.0,50,239,65,37.6,50,2026-07-28 06:30:00-04:00,1736.0,36.3,2.6000000000000014,0.07162534435261712,171,65.425,0.4520443255636226,0.4692993999717783,0.906573145083631,-0.6035097999960459,-4.90351,33.4,34.45,1733.0,0.9423,-0.5417000000000001,0.0086,-0.0456,19.2804
2026-07-28 09:56:19.192000-04:00,CRWV,2027-01-15,97.5,C,436,5,8.25,50,818,5,9.15,50,2026-07-28 06:30:29-04:00,624.0,8.7,0.9000000000000004,0.10344827586206902,171,65.425,0.4902560183416127,0.4692993999717783,0.9537570151609757,0.39832276628436175,-5.06951,10.5,11.0,613.0,0.9406,0.4418,0.0086,-0.054400000000000004,19.1799
2026-07-28 09:56:17.362000-04:00,CRWV,2027-01-15,97.5,P,964,65,37.550000000000004,50,62,11,39.5,50,2026-07-28 06:30:18-04:00,1056.0,38.525000000000006,1.9499999999999957,0.050616482803374316,171,65.425,0.4902560183416127,0.4692993999717783,0.9192540510920058,-0.6146436886087536,-3.23951,35.25,36.2,1049.0,0.9363,-0.5596,0.0086,-0.0446,19.1695
2026-07-28 09:56:18.685000-04:00,CRWV,2027-01-15,100.0,C,9,5,8.0,50,748,5,8.4,50,2026-07-28 06:30:12-04:00,9473.0,8.2,0.40000000000000036,0.0487804878048781,171,65.425,0.5284677111196026,0.4692993999717783,0.9498210554893772,0.38194731076469796,-4.56251,10.0,10.55,9447.0,0.9422,0.4269,0.0085,-0.0541,19.0605
2026-07-28 09:56:18.852000-04:00,CRWV,2027-01-15,100.0,P,556,65,40.550000000000004,50,6,60,41.5,50,2026-07-28 06:30:29-04:00,6815.0,41.025000000000006,0.9499999999999957,0.023156611822059612,171,65.425,0.5284677111196026,0.4692993999717783,0.9467980676605109,-0.6192088788293456,-4.72951,37.300000000000004,38.15,6812.0,0.9391,-0.5741,0.0085,-0.0441,19.050900000000002
2026-07-28 09:56:16.802000-04:00,CRWV,2027-01-15,105.0,C,494,5,7.0,50,889,5,7.75,50,2026-07-28 06:30:23-04:00,1314.0,7.375,0.75,0.1016949152542373,171,65.425,0.6048910966755827,0.4692993999717783,0.9479253428663897,0.35293651054889597,-2.67951,9.05,9.450000000000001,1302.0,0.9383,0.3961,0.008400000000000001,-0.0529,18.7258
2026-07-28 09:56:16.383000-04:00,CRWV,2027-01-15,105.0,P,974,65,43.1,50,206,65,45.9,50,2026-07-28 06:30:18-04:00,570.0,44.5,2.799999999999997,0.06292134831460668,171,65.425,0.6048910966755827,0.4692993999717783,0.9075333830446054,-0.6636656662441236,-2.26051,41.300000000000004,42.25,570.0,0.9434,-0.6019,0.008400000000000001,-0.043000000000000003,18.7496
2026-07-28 09:56:17.011000-04:00,CRWV,2027-01-15,110.0,C,352,5,6.3500000000000005,50,1133,65,7.4,50,2026-07-28 06:30:23-04:00,1773.0,6.875,1.0499999999999998,0.1527272727272727,171,65.425,0.6813144822315629,0.4692993999717783,0.9607267140445257,0.3320180562373204,-2.88851,8.3,8.55,1762.0,0.9393,0.3689,0.0082,-0.051800000000000006,18.331300000000002
2026-07-28 09:56:17.690000-04:00,CRWV,2027-01-15,110.0,P,123,5,49.35,50,86,5,50.1,50,2026-07-28 06:30:00-04:00,1521.0,49.725,0.75,0.015082956259426848,171,65.425,0.6813144822315629,0.4692993999717783,0.9695082817228925,-0.6643719395984329,-3.56751,45.35,46.35,1521.0,0.9442,-0.629,0.0082,-0.0413,18.3628
2026-07-28 09:56:17.786000-04:00,CRWV,2027-01-15,115.0,C,248,5,5.8,50,979,5,6.5,50,2026-07-28 06:30:06-04:00,4643.0,6.15,0.7000000000000002,0.11382113821138214,171,65.425,0.757737867787543,0.4692993999717783,0.9552656048757611,0.305548197489964,-3.66351,7.4,7.8,4632.0,0.9362,0.342,0.008,-0.0502,17.8459
2026-07-28 09:56:18.307000-04:00,CRWV,2027-01-15,115.0,P,839,65,52.6,50,101,65,54.5,50,2026-07-28 06:30:12-04:00,687.0,53.55,1.8999999999999986,0.03548085901027075,171,65.425,0.757737867787543,0.4692993999717783,0.9410798352023603,-0.7005439264811412,-4.18451,49.35,50.800000000000004,687.0,0.9482,-0.653,0.008,-0.0398,17.9415
2026-07-28 09:56:17.602000-04:00,CRWV,2027-01-15,120.0,C,7,65,5.3,50,815,5,5.75,50,2026-07-28 06:30:29-04:00,4700.0,5.525,0.4500000000000002,0.08144796380090501,171,65.425,0.8341612533435232,0.4692993999717783,0.9516299560916579,0.28155414464080036,-3.47951,6.55,7.1000000000000005,4709.0,0.9306000000000001,0.3156,0.0078000000000000005,-0.0482,17.2784
2026-07-28 09:56:18.048000-04:00,CRWV,2027-01-15,120.0,P,793,65,56.95,50,65,11,58.9,50,2026-07-28 06:30:12-04:00,1965.0,57.925,1.9499999999999957,0.03366422097539915,171,65.425,0.8341612533435232,0.4692993999717783,0.9425443852553336,-0.7224243644904722,-3.92551,53.5,55.25,1944.0,0.9526,-0.675,0.0077,-0.038200000000000005,17.4892
2026-07-28 09:56:18.408000-04:00,CRWV,2027-01-15,125.0,C,429,5,4.7,50,1537,65,6.3500000000000005,50,2026-07-28 06:30:12-04:00,2833.0,5.525,1.6500000000000004,0.29864253393665163,171,65.425,0.9105846388995034,0.4692993999717783,0.9860892735939553,0.2758347377778821,-4.28551,5.95,6.5,2830.0,0.9315,0.2936,0.0076,-0.046700000000000005,16.7327
2026-07-28 09:56:16.386000-04:00,CRWV,2027-01-15,125.0,P,799,65,61.45,50,67,65,63.550000000000004,50,2026-07-28 06:30:29-04:00,862.0,62.5,2.1000000000000014,0.033600000000000026,171,65.425,0.9105846388995034,0.4692993999717783,0.9538256463840646,-0.7382213161600939,-2.26351,57.85,59.65,863.0,0.9579000000000001,-0.6948000000000001,0.007500000000000001,-0.0366,17.0246
2026-07-28 09:56:19.340000-04:00,CRWV,2027-01-15,130.0,C,484,5,4.25,50,832,65,4.8500000000000005,50,2026-07-28 06:30:23-04:00,2660.0,4.550000000000001,0.6000000000000005,0.13186813186813195,171,65.425,0.9870080244554835,0.4692993999717783,0.9509778219800404,0.24135868417912537,-5.21751,5.45,5.9,2664.0,0.9318000000000001,0.273,0.0073,-0.0451,16.1584
2026-07-28 09:56:18.544000-04:00,CRWV,2027-01-15,130.0,P,677,65,66.25,50,71,65,68.0,50,2026-07-28 06:30:00-04:00,656.0,67.125,1.75,0.0260707635009311,171,65.425,0.9870080244554835,0.4692993999717783,0.9657429827576659,-0.7521177970625796,-4.42151,62.45,63.7,656.0,0.9562,-0.7161000000000001,0.007200000000000001,-0.0344,16.4652
2026-07-28 09:56:17.609000-04:00,CRWV,2027-01-15,135.0,C,371,65,3.9,50,483,65,4.25,50,2026-07-28 06:30:29-04:00,2424.0,4.075,0.3500000000000001,0.08588957055214726,171,65.425,1.0634314100114635,0.4692993999717783,0.9461173423574958,0.22150759569426576,-3.48651,4.8500000000000005,5.4,2427.0,0.9284,0.25220000000000004,0.007,-0.0431,15.5172
2026-07-28 09:56:16.377000-04:00,CRWV,2027-01-15,135.0,P,697,65,70.85000000000001,50,87,65,72.65,50,2026-07-28 06:30:12-04:00,350.0,71.75,1.7999999999999972,0.025087108013937244,171,65.425,1.0634314100114635,0.4692993999717783,0.9751274354628121,-0.7656856575951307,-2.25451,66.65,67.9,350.0,0.9435,-0.7409,0.007,-0.031200000000000002,15.7321
2026-07-28 09:56:19.241000-04:00,CRWV,2027-01-15,140.0,C,409,65,3.5500000000000003,50,748,5,4.0,50,2026-07-28 06:30:06-04:00,7073.0,3.7750000000000004,0.44999999999999973,0.11920529801324495,171,65.425,1.1398547955674436,0.4692993999717783,0.9512821299342226,0.20747201648384955,-5.11851,4.45,5.0,7114.0,0.9316000000000001,0.2358,0.0068000000000000005,-0.0417,14.964
2026-07-28 09:56:18.699000-04:00,CRWV,2027-01-15,140.0,P,105,65,76.25,50,90,65,77.3,50,2026-07-28 06:30:00-04:00,575.0,76.775,1.0499999999999972,0.01367632692933894,171,65.425,1.1398547955674436,0.4692993999717783,1.0116795012819588,-0.7662077204340101,-4.57651,71.65,72.75,575.0,0.9743,-0.7452000000000001,0.0067,-0.0317,15.5973
2026-07-28 09:56:17.668000-04:00,CRWV,2027-01-15,145.0,C,771,5,3.15,50,250,1,3.5,50,2026-07-28 06:30:23-04:00,1419.0,3.325,0.3500000000000001,0.10526315789473686,171,65.425,1.2162781811234238,0.4692993999717783,0.9416158514080806,0.18817296343989331,-3.54551,4.15,4.55,1224.0,0.9343,0.2205,0.006500000000000001,-0.0402,14.4075
2026-07-28 09:56:16.541000-04:00,CRWV,2027-01-15,145.0,P,37,11,80.4,50,5,73,82.25,50,2026-07-28 06:30:18-04:00,352.0,81.325,1.8499999999999943,0.022748232400860675,171,65.425,1.2162781811234238,0.4692993999717783,1.0116727569449468,-0.7814375222207459,-2.41851,75.8,77.9,352.0,0.9853000000000001,-0.7569,0.006500000000000001,-0.030500000000000003,15.210600000000001
2026-07-28 09:56:16.208000-04:00,CRWV,2027-01-15,150.0,C,7,9,3.0,50,249,1,3.2,50,2026-07-28 06:30:29-04:00,14868.0,3.1,0.20000000000000018,0.06451612903225812,171,65.425,1.292701566679404,0.4692993999717783,0.9475933132099399,0.1769084967921517,-2.08551,4.0,4.25,14742.0,0.9442,0.20950000000000002,0.006200000000000001,-0.039400000000000004,13.988800000000001
2026-07-28 09:56:16.381000-04:00,CRWV,2027-01-15,150.0,P,26,65,84.8,50,57,65,86.95,50,2026-07-28 06:30:12-04:00,1883.0,85.875,2.1500000000000057,0.02503639010189235,171,65.425,1.292701566679404,0.4692993999717783,1.0090538233057071,-0.7967062731727875,-2.25851,80.55,82.45,1883.0,0.9943000000000001,-0.7684000000000001,0.0063,-0.0292,14.8124
2026-07-28 09:56:17.601000-04:00,CRWV,2027-01-15,155.0,C,674,5,2.67,50,249,1,2.93,50,2026-07-28 06:30:23-04:00,5500.0,2.8,0.26000000000000023,0.09285714285714294,171,65.425,1.369124952235384,0.4692993999717783,0.9447432924720907,0.162895381713626,-3.47851,3.35,3.8000000000000003,5501.0,0.9286000000000001,0.1884,0.0059,-0.0363,13.1187
2026-07-28 09:56:18.565000-04:00,CRWV,2027-01-15,155.0,P,792,65,89.5,50,74,65,91.7,50,2026-07-28 06:30:18-04:00,309.0,90.6,2.200000000000003,0.0242825607064018,171,65.425,1.369124952235384,0.4692993999717783,1.0180928728076846,-0.8060397794180154,-4.44251,84.85000000000001,87.4,309.0,0.9995,-0.7805000000000001,0.006,-0.027600000000000003,14.366800000000001
2026-07-28 09:56:18.833000-04:00,CRWV,2027-01-15,160.0,C,538,65,2.46,50,249,1,2.69,50,2026-07-28 06:30:06-04:00,2480.0,2.575,0.22999999999999998,0.08932038834951456,171,65.425,1.4455483377913643,0.4692993999717783,0.9462640731419778,0.15174360265198467,-4.71051,3.3000000000000003,3.5500000000000003,2215.0,0.9403,0.18030000000000002,0.0057,-0.0358,12.7676
2026-07-28 09:56:16.381000-04:00,CRWV,2027-01-15,160.0,P,23,65,94.3,50,50,65,96.55,50,2026-07-28 06:30:00-04:00,323.0,95.425,2.25,0.02357872674875557,171,65.425,1.4455483377913643,0.4692993999717783,1.033836167237407,-0.8117523039632847,-2.25851,89.35000000000001,92.15,323.0,1.0033,-0.7923,0.0058000000000000005,-0.025900000000000003,13.9114
2026-07-28 09:56:16.470000-04:00,CRWV,2027-01-15,165.0,C,419,5,2.2800000000000002,50,764,65,2.67,50,2026-07-28 06:30:18-04:00,5659.0,2.475,0.3899999999999997,0.15757575757575745,171,65.425,1.5219717233473444,0.4692993999717783,0.9579713277987062,0.14563788782384712,-2.34751,2.85,3.3000000000000003,5659.0,0.9344,0.1656,0.0054,-0.0337,12.0912
2026-07-28 09:56:16.400000-04:00,CRWV,2027-01-15,165.0,P,43,4,98.7,50,19,65,101.35000000000001,50,2026-07-28 06:30:29-04:00,267.0,100.025,2.6500000000000057,0.026493376655836096,171,65.425,1.5219717233473444,0.4692993999717783,1.0292228500600362,-0.8251436666655773,-2.27751,94.25,97.05,267.0,1.0252000000000001,-0.7956000000000001,0.0056,-0.025900000000000003,13.7826
2026-07-28 09:56:17.268000-04:00,CRWV,2027-01-15,170.0,C,851,65,1.95,50,999,65,2.61,50,2026-07-28 06:30:12-04:00,5927.0,2.28,0.6599999999999999,0.2894736842105263,171,65.425,1.5983951089033246,0.4692993999717783,0.9588567014007464,0.1358417899261925,-3.14551,2.61,3.0500000000000003,5927.0,0.9353,0.15460000000000002,0.005200000000000001,-0.0322,11.5624
2026-07-28 09:56:17.122000-04:00,CRWV,2027-01-15,170.0,P,57,4,103.4,50,5,31,106.35000000000001,50,2026-07-28 06:30:06-04:00,594.0,104.875,2.950000000000003,0.02812872467222887,171,65.425,1.5983951089033246,0.4692993999717783,1.0445836423819226,-0.8296206545054091,-2.99951,99.7,101.25,594.0,1.0403,-0.8011,0.0055000000000000005,-0.0253,13.5593
2026-07-28 09:56:17.866000-04:00,CRWV,2027-01-15,175.0,C,1013,65,1.76,50,1022,65,2.43,50,2026-07-28 06:30:00-04:00,1954.0,2.095,0.6700000000000002,0.31980906921241053,171,65.425,1.6748184944593048,0.4692993999717783,0.9588859231641325,0.1264635190892529,-3.74351,2.42,2.8000000000000003,1954.0,0.936,0.1444,0.0049,-0.0308,11.0481
2026-07-28 09:56:16.419000-04:00,CRWV,2027-01-15,175.0,P,5,6,108.65,50,7,65,111.0,50,2026-07-28 06:30:00-04:00,44.0,109.825,2.3499999999999943,0.02139767812428859,171,65.425,1.6748184944593048,0.4692993999717783,1.0678974875269012,-0.8303870793966991,-2.29651,103.5,106.65,44.0,1.0375,-0.8133,0.0053,-0.023100000000000002,13.041300000000001
2026-07-28 09:56:18.027000-04:00,CRWV,2027-01-15,180.0,C,393,5,1.8,50,1010,65,2.19,50,2026-07-28 06:30:23-04:00,2248.0,1.995,0.3899999999999999,0.1954887218045112,171,65.425,1.751241880015285,0.4692993999717783,0.966548830418283,0.12069463923814483,-3.90451,2.23,2.59,2250.0,0.9368000000000001,0.135,0.0047,-0.029400000000000003,10.552000000000001
2026-07-28 09:56:16.371000-04:00,CRWV,2027-01-15,180.0,P,17,4,113.2,50,9,6,116.05,50,2026-07-28 06:30:18-04:00,268.0,114.625,2.8499999999999943,0.024863685932388174,171,65.425,1.751241880015285,0.4692993999717783,1.0770866766145355,-0.8363219584534256,-2.24851,108.5,111.60000000000001,268.0,1.0627,-0.8135,0.0051,-0.0235,13.0365
2026-07-28 09:56:18.799000-04:00,CRWV,2027-01-15,185.0,C,523,65,1.6500000000000001,50,946,65,2.07,50,2026-07-28 06:30:18-04:00,3927.0,1.8599999999999999,0.4199999999999997,0.22580645161290308,171,65.425,1.827665265571265,0.4692993999717783,0.96905425026686,0.11351384514689733,-4.67651,2.08,2.42,3922.0,0.9397000000000001,0.12710000000000002,0.0045000000000000005,-0.028300000000000002,10.1228
2026-07-28 09:56:16.559000-04:00,CRWV,2027-01-15,185.0,P,7,4,118.0,50,7,43,121.2,50,2026-07-28 06:30:23-04:00,14.0,119.6,3.200000000000003,0.02675585284280939,171,65.425,1.827665265571265,0.4692993999717783,1.1012568757707415,-0.8359376290048925,-2.43651,113.15,116.4,14.0,1.067,-0.8216,0.005,-0.022000000000000002,12.6759
2026-07-28 09:56:16.551000-04:00,CRWV,2027-01-15,190.0,C,66,65,1.52,50,337,65,1.93,50,2026-07-28 06:30:23-04:00,1963.0,1.725,0.4099999999999999,0.2376811594202898,171,65.425,1.9040886511272452,0.4692993999717783,0.9701204608364308,0.10636002059539901,-2.42851,1.9100000000000001,2.24,1963.0,0.9391,0.11850000000000001,0.0043,-0.0269,9.6356
2026-07-28 09:56:16.803000-04:00,CRWV,2027-01-15,190.0,P,6,65,123.0,50,5,31,125.95,50,2026-07-28 06:30:12-04:00,118.0,124.475,2.950000000000003,0.0236995380598514,171,65.425,1.9040886511272452,0.4692993999717783,1.1157415695187822,-0.838970334611074,-2.68051,118.5,121.10000000000001,118.0,1.0948,-0.8199000000000001,0.0049,-0.0228,12.7554
2026-07-28 09:56:18.720000-04:00,CRWV,2027-01-15,195.0,C,744,65,1.34,50,1160,65,2.04,50,2026-07-28 06:30:06-04:00,498.0,1.69,0.7,0.41420118343195267,171,65.425,1.9805120366832254,0.4692993999717783,0.9822787018240775,0.10365067212167856,-4.59751,1.76,2.08,486.0,0.9401,0.111,0.0041,-0.0257,9.2027
2026-07-28 09:56:18.212000-04:00,CRWV,2027-01-15,195.0,P,8,4,127.9,50,7,43,130.95,50,2026-07-28 06:30:00-04:00,35.0,129.425,3.049999999999983,0.023565771682441436,171,65.425,1.9805120366832254,0.4692993999717783,1.136450341653078,-0.8392787384019693,-4.08951,122.75,126.45,35.0,1.1037000000000001,-0.8253,0.0048000000000000004,-0.0218,12.5122
2026-07-28 09:56:19.770000-04:00,CRWV,2027-01-15,200.0,C,473,65,1.32,50,815,65,1.6,50,2026-07-28 06:30:06-04:00,8090.0,1.46,0.28,0.19178082191780824,171,65.425,2.056935422239205,0.4692993999717783,0.9683762845895352,0.09227400608615949,-5.64751,1.75,1.94,8035.0,0.9476,0.10650000000000001,0.0039000000000000003,-0.0251,8.9323
2026-07-28 09:56:16.304000-04:00,CRWV,2027-01-15,200.0,P,5,6,132.9,50,5,6,135.85,50,2026-07-28 06:30:12-04:00,93.0,134.375,2.9499999999999886,0.02195348837209294,171,65.425,2.056935422239205,0.4692993999717783,1.1566158648217693,-0.839515885166958,-2.18151,127.65,131.35,93.0,1.12,-0.8274,0.0046,-0.0216,12.415000000000001
2026-07-28 09:56:18.570000-04:00,CRWV,2027-01-15,210.0,C,926,65,1.03,50,1292,65,1.69,50,2026-07-28 06:30:00-04:00,2793.0,1.3599999999999999,0.6599999999999999,0.4852941176470588,171,65.425,2.2097821933511654,0.4692993999717783,0.9843592708761004,0.08583948421778004,-4.44751,1.42,1.7,2792.0,0.9453,0.0926,0.0036000000000000003,-0.022600000000000002,8.061
2026-07-28 09:56:16.296000-04:00,CRWV,2027-01-15,210.0,P,5,6,142.8,50,5,6,145.70000000000002,50,2026-07-28 06:30:06-04:00,66.0,144.25,2.9000000000000057,0.020103986135182016,171,65.425,2.2097821933511654,0.4692993999717783,1.1931454836675213,-0.8406503762240236,-2.17351,137.35,141.25,66.0,1.1509,-0.8313,0.0045000000000000005,-0.0211,12.234
2026-07-28 09:56:18.643000-04:00,CRWV,2027-01-15,220.0,C,852,65,0.9,50,1325,65,1.48,50,2026-07-28 06:30:23-04:00,3235.0,1.19,0.58,0.48739495798319327,171,65.425,2.3626289644631258,0.4692993999717783,0.9869314421487331,0.07631360125693978,-4.52051,1.25,1.5,3235.0,0.9492,0.0825,0.0033,-0.020800000000000003,7.3992
2026-07-28 09:56:16.301000-04:00,CRWV,2027-01-15,220.0,P,2,4,152.75,50,2,4,156.95000000000002,50,2026-07-28 06:30:00-04:00,35.0,154.85000000000002,4.200000000000017,0.02712302227962555,171,65.425,2.3626289644631258,0.4692993999717783,1.2917592284618582,-0.8182206275537813,-2.17851,147.25,151.15,35.0,1.1878,-0.8319000000000001,0.0043,-0.021400000000000002,12.2072
2026-07-28 09:56:17.260000-04:00,CRWV,2027-01-15,230.0,C,794,65,0.8,50,1312,65,1.37,50,2026-07-28 06:30:06-04:00,2561.0,1.085,0.5700000000000001,0.5253456221198157,171,65.425,2.515475735575086,0.4692993999717783,0.996103216220171,0.06996782159603283,-3.13751,1.1,1.33,2561.0,0.9532,0.0738,0.003,-0.019200000000000002,6.801
2026-07-28 09:56:16.362000-04:00,CRWV,2027-01-15,230.0,P,1,11,162.6,50,5,31,166.95000000000002,50,2026-07-28 06:30:00-04:00,20.0,164.775,4.350000000000023,0.026399635867091625,171,65.425,2.515475735575086,0.4692993999717783,1.3292340819678905,-0.8176628690804452,-2.23951,157.35,161.15,20.0,1.2353,-0.8277,0.004200000000000001,-0.0228,12.4014
2026-07-28 09:56:17.689000-04:00,CRWV,2027-01-15,240.0,C,120,65,0.77,50,640,65,0.97,50,2026-07-28 06:30:18-04:00,2779.0,0.87,0.19999999999999996,0.2298850574712643,171,65.425,2.6683225066870464,0.4692993999717783,0.9821444789371627,0.05821981337284199,-3.56651,0.99,1.19,2779.0,0.9599000000000001,0.0671,0.0027,-0.018000000000000002,6.32
2026-07-28 09:56:16.361000-04:00,CRWV,2027-01-15,240.0,P,1,11,172.6,50,1,11,176.9,50,2026-07-28 06:30:23-04:00,14.0,174.75,4.300000000000011,0.02460658082975686,171,65.425,2.6683225066870464,0.4692993999717783,1.3693809901450995,-0.8154568951928508,-2.23851,167.15,171.05,14.0,1.2651000000000001,-0.8293,0.0041,-0.022600000000000002,12.3253
2026-07-28 09:56:17.733000-04:00,CRWV,2027-01-15,250.0,C,91,65,0.7000000000000001,50,870,65,0.92,50,2026-07-28 06:30:06-04:00,2581.0,0.81,0.21999999999999997,0.27160493827160487,171,65.425,2.8211692777990067,0.4692993999717783,0.9931552998351815,0.05424815830893772,-3.61051,0.9,1.08,2516.0,0.9669000000000001,0.0614,0.0025,-0.016900000000000002,5.8950000000000005
2026-07-28 09:56:16.484000-04:00,CRWV,2027-01-15,250.0,P,5,31,182.75,50,1,11,186.9,50,2026-07-28 06:30:29-04:00,0.0,184.825,4.150000000000006,0.022453672392804037,171,65.425,2.8211692777990067,0.4692993999717783,1.4163666674137583,-0.8102474824738702,-2.36151,177.0,181.35,8.0,1.3112000000000001,-0.8244,0.004,-0.0241,12.5496
2026-07-28 09:56:18.604000-04:00,CRWV,2027-01-15,260.0,C,773,65,0.52,50,1060,65,0.91,50,2026-07-28 06:30:23-04:00,2004.0,0.7150000000000001,0.39,0.5454545454545454,171,65.425,2.974016048910967,0.4692993999717783,0.9946151464641161,0.04853820581557684,-4.48151,0.8,0.96,2004.0,0.9696,0.055200000000000006,0.0023,-0.0155,5.4251000000000005
2026-07-28 09:56:17.323000-04:00,CRWV,2027-01-15,260.0,P,5,31,192.75,50,1,11,196.9,50,2026-07-28 06:30:18-04:00,0.0,194.825,4.150000000000006,0.02130116771461571,171,65.425,2.974016048910967,0.4692993999717783,1.4557508140457158,-0.8072333096685158,-3.20051,187.6,191.3,0.0,1.372,-0.8138000000000001,0.004,-0.0273,13.0226
2026-07-28 09:56:18.618000-04:00,CRWV,2027-01-15,270.0,C,313,65,0.47000000000000003,50,1065,65,0.84,50,2026-07-28 06:30:29-04:00,2442.0,0.655,0.36999999999999994,0.5648854961832059,171,65.425,3.126862820022927,0.4692993999717783,1.0013019381158403,0.04470020659912652,-4.49551,0.7000000000000001,0.9500000000000001,2440.0,0.9792000000000001,0.051500000000000004,0.0022,-0.0149,5.1375
2026-07-28 09:56:16.484000-04:00,CRWV,2027-01-15,270.0,P,5,31,202.75,50,1,11,206.9,50,2026-07-28 06:30:23-04:00,0.0,204.825,4.150000000000006,0.020261198584157238,171,65.425,3.126862820022927,0.4692993999717783,1.493893083698449,-0.8041869494699664,-2.36151,197.1,201.0,0.0,1.3787,-0.8220000000000001,0.0038,-0.025,12.6613
2026-07-28 09:56:17.672000-04:00,CRWV,2027-01-15,280.0,C,10,5,0.55,50,813,65,0.79,50,2026-07-28 06:30:23-04:00,18010.0,0.67,0.24,0.3582089552238806,171,65.425,3.2797095911348872,0.4692993999717783,1.0243339762038617,0.044885946785985044,-3.54951,0.65,0.79,17990.0,0.9787,0.0459,0.002,-0.0135,4.6859
2026-07-28 09:56:16.484000-04:00,CRWV,2027-01-15,280.0,P,5,31,212.75,50,1,11,216.9,50,2026-07-28 06:30:18-04:00,0.0,214.825,4.150000000000006,0.019318049575235686,171,65.425,3.2797095911348872,0.4692993999717783,1.530886025716114,-0.8011155684167263,-2.36151,207.1,211.0,0.0,1.4155,-0.8190000000000001,0.0038,-0.026000000000000002,12.7948
2026-07-28 09:56:16.391000-04:00,CRWV,2027-02-19,40.0,C,137,65,30.1,50,180,65,33.35,50,2026-07-28 06:30:17-04:00,2.0,31.725,3.25,0.1024428684003152,206,65.425,-0.38861291555215893,0.5651898109306824,1.008275930139832,0.8543605150814555,-2.26851,34.6,37.0,1.0,0.9532,0.8815000000000001,0.0039000000000000003,-0.0269,10.5653
2026-07-28 09:56:18.239000-04:00,CRWV,2027-02-19,40.0,P,1035,65,4.15,50,600,65,5.8,50,2026-07-28 06:30:29-04:00,3.0,4.975,1.6499999999999995,0.33165829145728637,206,65.425,-0.38861291555215893,0.5651898109306824,0.9627254837467611,-0.1422653242650871,-4.11651,3.75,4.75,2.0,0.9586,-0.1189,0.0038,-0.023200000000000002,10.598
2026-07-28 09:56:16.379000-04:00,CRWV,2027-02-19,45.0,C,5,31,26.8,50,14,65,30.45,50,2026-07-28 06:30:23-04:00,0.0,28.625,3.6499999999999986,0.12751091703056763,206,65.425,-0.31218952999617877,0.5651898109306824,0.9907842620127759,0.8166196692151368,-2.25651,31.85,33.95,0.0,0.9749000000000001,0.8443,0.0045000000000000005,-0.032600000000000004,12.7408
2026-07-28 09:56:18.708000-04:00,CRWV,2027-02-19,45.0,P,971,65,5.9,50,786,65,7.8500000000000005,50,2026-07-28 06:30:11-04:00,12.0,6.875,1.9500000000000002,0.2836363636363637,206,65.425,-0.31218952999617877,0.5651898109306824,0.9596019284226006,-0.18192248492724516,-4.58551,5.5,6.6000000000000005,11.0,0.9639000000000001,-0.1549,0.0046,-0.027800000000000002,12.699300000000001
2026-07-28 09:56:18.334000-04:00,CRWV,2027-02-19,50.0,C,429,65,24.45,50,303,65,27.85,50,2026-07-28 06:30:06-04:00,20.0,26.15,3.400000000000002,0.1300191204588911,206,65.425,-0.23576614444019872,0.5651898109306824,1.0003918036800534,0.7766675368168765,-4.21151,28.1,31.150000000000002,0.0,0.9451,0.8087000000000001,0.0054,-0.0359,14.523800000000001
2026-07-28 09:56:18.661000-04:00,CRWV,2027-02-19,50.0,P,833,65,7.8500000000000005,50,425,65,9.700000000000001,50,2026-07-28 06:30:29-04:00,9.0,8.775,1.8500000000000005,0.2108262108262109,206,65.425,-0.23576614444019872,0.5651898109306824,0.9371024205299742,-0.22267363485017322,-4.53851,6.95,9.3,3.0,0.9665,-0.19210000000000002,0.0053,-0.0318,14.5669
2026-07-28 09:56:19.774000-04:00,CRWV,2027-02-19,55.0,C,515,65,22.1,50,747,65,24.95,50,2026-07-28 06:30:34-04:00,0.0,23.525,2.849999999999998,0.12114771519659928,206,65.425,-0.15934275888421856,0.5651898109306824,0.9826863591106905,0.7363901936642752,-5.65151,26.650000000000002,28.05,0.0,0.9675,0.77,0.0058000000000000005,-0.0405,16.1853
2026-07-28 09:56:18.775000-04:00,CRWV,2027-02-19,55.0,P,621,65,10.6,50,219,65,12.200000000000001,50,2026-07-28 06:30:34-04:00,0.0,11.4,1.6000000000000014,0.1403508771929826,206,65.425,-0.15934275888421856,0.5651898109306824,0.9468162695446652,-0.2647624741438559,-4.65251,9.75,10.85,0.0,0.9590000000000001,-0.22990000000000002,0.0059,-0.034800000000000005,16.1839
2026-07-28 09:56:18.545000-04:00,CRWV,2027-02-19,60.0,C,629,65,19.650000000000002,50,826,65,22.900000000000002,50,2026-07-28 06:30:06-04:00,0.0,21.275000000000002,3.25,0.15276145710928318,206,65.425,-0.0829193733282384,0.5651898109306824,0.9754617845012256,0.695967312404441,-4.42251,23.7,25.6,0.0,0.9476,0.7315,0.006500000000000001,-0.0429,17.5762
2026-07-28 09:56:19.149000-04:00,CRWV,2027-02-19,60.0,P,784,65,12.5,50,522,65,15.4,50,2026-07-28 06:30:34-04:00,11.0,13.95,2.9000000000000004,0.20788530465949825,206,65.425,-0.0829193733282384,0.5651898109306824,0.9363195650866666,-0.30704850598290856,-5.02651,11.25,12.9,11.0,0.9155000000000001,-0.26940000000000003,0.0067,-0.0358,17.6081
2026-07-28 09:56:18.102000-04:00,CRWV,2027-02-19,65.0,C,653,65,17.75,50,867,65,20.95,50,2026-07-28 06:30:23-04:00,1.0,19.35,3.1999999999999993,0.16537467700258393,206,65.425,-0.006495987772258238,0.5651898109306824,0.9750218387794328,0.6567247305155457,-3.97951,22.05,23.2,0.0,0.9541000000000001,0.6938000000000001,0.0068000000000000005,-0.045700000000000005,18.705000000000002
2026-07-28 09:56:18.723000-04:00,CRWV,2027-02-19,65.0,P,713,65,15.3,50,153,65,17.85,50,2026-07-28 06:30:17-04:00,0.0,16.575000000000003,2.5500000000000007,0.15384615384615385,206,65.425,-0.006495987772258238,0.5651898109306824,0.9186871911491302,-0.35025367861350076,-4.60051,14.700000000000001,16.6,0.0,0.9620000000000001,-0.3055,0.0068000000000000005,-0.0397,18.6883
2026-07-28 09:56:18.618000-04:00,CRWV,2027-02-19,70.0,C,538,65,16.1,50,773,65,18.650000000000002,50,2026-07-28 06:30:17-04:00,25.0,17.375,2.5500000000000007,0.1467625899280576,206,65.425,0.06992739778372181,0.5651898109306824,0.9615929706253519,0.6165749377666043,-4.49551,19.2,21.2,10.0,0.9296000000000001,0.6537000000000001,0.0074,-0.046700000000000005,19.6672
2026-07-28 09:56:16.966000-04:00,CRWV,2027-02-19,70.0,P,459,65,18.400000000000002,50,113,65,21.0,50,2026-07-28 06:30:06-04:00,20.0,19.700000000000003,2.599999999999998,0.13197969543147195,206,65.425,0.06992739778372181,0.5651898109306824,0.9180099699159019,-0.3908782059863263,-2.84351,17.45,19.55,3.0,0.9561000000000001,-0.343,0.007200000000000001,-0.0409,19.5987
2026-07-28 09:56:19.005000-04:00,CRWV,2027-02-19,75.0,C,1,6,15.0,50,666,65,16.4,50,2026-07-28 06:30:29-04:00,8.0,15.7,1.3999999999999986,0.0891719745222929,206,65.425,0.14635078333970197,0.5651898109306824,0.9553768826045959,0.5783525043727854,-4.88251,18.7,19.75,7.0,0.9686,0.6231,0.0073,-0.049800000000000004,20.245800000000003
2026-07-28 09:56:18.528000-04:00,CRWV,2027-02-19,75.0,P,357,65,21.25,50,209,65,24.45,50,2026-07-28 06:30:11-04:00,31.0,22.85,3.1999999999999993,0.14004376367614876,206,65.425,0.14635078333970197,0.5651898109306824,0.9090481425067185,-0.43170378515657415,-4.40551,19.8,22.400000000000002,11.0,0.9293,-0.38320000000000004,0.0077,-0.0408,20.3507
2026-07-28 09:56:18.705000-04:00,CRWV,2027-02-19,80.0,C,583,65,13.1,50,753,65,15.450000000000001,50,2026-07-28 06:30:34-04:00,8.0,14.275,2.3500000000000014,0.16462346760070062,206,65.425,0.22277416889568213,0.5651898109306824,0.9540788871615808,0.5426034359101585,-4.58251,16.3,17.7,8.0,0.9378000000000001,0.5828,0.0078000000000000005,-0.0495,20.8074
2026-07-28 09:56:17.689000-04:00,CRWV,2027-02-19,80.0,P,81,65,24.7,50,78,5,28.0,50,2026-07-28 06:30:17-04:00,10.0,26.35,3.3000000000000007,0.12523719165085392,206,65.425,0.22277416889568213,0.5651898109306824,0.9097260228362959,-0.4688924353540288,-3.56651,22.75,25.1,10.0,0.9063,-0.4237,0.0081,-0.0403,20.8779
2026-07-28 09:56:19.523000-04:00,CRWV,2027-02-19,85.0,C,565,65,11.8,50,420,65,13.6,50,2026-07-28 06:30:12-04:00,9.0,12.7,1.799999999999999,0.14173228346456684,206,65.425,0.2991975544516623,0.5651898109306824,0.9379487521691823,0.5042402408201694,-5.40051,13.700000000000001,16.15,3.0,0.9076000000000001,0.5415,0.0081,-0.0487,21.1522
2026-07-28 09:56:19.523000-04:00,CRWV,2027-02-19,85.0,P,305,65,28.55,50,196,65,32.25,50,2026-07-28 06:30:23-04:00,0.0,30.4,3.6999999999999993,0.12171052631578945,206,65.425,0.2991975544516623,0.5651898109306824,0.9308412255151098,-0.4978671487527163,-5.40051,26.95,29.25,0.0,0.9410000000000001,-0.4501,0.0078000000000000005,-0.0419,21.101200000000002
2026-07-28 09:56:19.523000-04:00,CRWV,2027-02-19,90.0,C,523,65,10.75,50,680,65,13.0,50,2026-07-28 06:30:23-04:00,2.0,11.875,2.25,0.18947368421052632,206,65.425,0.37562094000764246,0.5651898109306824,0.9536217392035341,0.47703877848666265,-5.40051,13.200000000000001,14.700000000000001,1.0,0.9235000000000001,0.5128,0.008,-0.049600000000000005,21.256600000000002
2026-07-28 09:56:16.759000-04:00,CRWV,2027-02-19,90.0,P,10,65,32.0,50,12,65,35.4,50,2026-07-28 06:30:28-04:00,0.0,33.7,3.3999999999999986,0.10089020771513348,206,65.425,0.37562094000764246,0.5651898109306824,0.9069846955985048,-0.5384425980768686,-2.63651,30.650000000000002,32.15,0.0,0.9272,-0.48600000000000004,0.008,-0.041,21.2547
2026-07-28 09:56:19.523000-04:00,CRWV,2027-02-19,95.0,C,472,65,9.75,50,446,65,11.450000000000001,50,2026-07-28 06:30:06-04:00,3.0,10.600000000000001,1.700000000000001,0.1603773584905661,206,65.425,0.4520443255636226,0.5651898109306824,0.9405100775835525,0.4424412155500206,-5.40051,10.8,13.6,0.0,0.8968,0.4731,0.0083,-0.048,21.2196
2026-07-28 09:56:19.774000-04:00,CRWV,2027-02-19,95.0,P,184,65,37.050000000000004,50,59,5,39.300000000000004,50,2026-07-28 06:30:29-04:00,8.0,38.175000000000004,2.25,0.058939096267190565,206,65.425,0.4520443255636226,0.5651898109306824,0.9374050262426175,-0.5586709722382006,-5.65151,34.2,36.15,0.0,0.9297000000000001,-0.5161,0.008,-0.0405,21.2502
2026-07-28 09:56:17.837000-04:00,CRWV,2027-02-19,100.0,C,759,5,8.85,50,609,5,10.4,50,2026-07-28 06:30:34-04:00,23.0,9.625,1.5500000000000007,0.16103896103896112,206,65.425,0.5284677111196026,0.5651898109306824,0.9374785308764704,0.4128140844799778,-3.71451,10.35,12.4,22.0,0.9079,0.447,0.0081,-0.0482,21.080000000000002
2026-07-28 09:56:19.929000-04:00,CRWV,2027-02-19,100.0,P,366,65,40.25,50,7,76,43.800000000000004,50,2026-07-28 06:30:17-04:00,1.0,42.025000000000006,3.5500000000000043,0.08447352766210597,206,65.425,0.5284677111196026,0.5651898109306824,0.9305187700903804,-0.5898704239433622,-5.80651,38.2,39.800000000000004,0.0,0.9299000000000001,-0.5452,0.0079,-0.0397,21.1307
2026-07-28 09:56:19.523000-04:00,CRWV,2027-02-19,105.0,C,547,65,8.05,50,929,65,10.700000000000001,50,2026-07-28 06:30:12-04:00,2.0,9.375,2.6500000000000004,0.2826666666666667,206,65.425,0.6048910966755827,0.5651898109306824,0.9679363921490193,0.39824582807686626,-5.40051,9.4,11.35,2.0,0.9062,0.4183,0.008,-0.047400000000000005,20.820500000000003
2026-07-28 09:56:19.774000-04:00,CRWV,2027-02-19,105.0,P,239,65,44.95,50,41,5,48.15,50,2026-07-28 06:30:06-04:00,3.0,46.55,3.1999999999999957,0.06874328678839949,206,65.425,0.6048910966755827,0.5651898109306824,0.9544191169417136,-0.6071031675423764,-5.65151,41.7,45.0,0.0,0.9500000000000001,-0.5653,0.0077,-0.0398,20.982100000000003
2026-07-28 09:56:18.284000-04:00,CRWV,2027-02-19,110.0,C,553,65,7.3,50,927,65,9.65,50,2026-07-28 06:30:23-04:00,4.0,8.475,2.3500000000000005,0.2772861356932154,206,65.425,0.6813144822315629,0.5651898109306824,0.9602180217874101,0.3706124709920038,-4.16151,8.55,10.65,2.0,0.9112,0.39390000000000003,0.0079,-0.046900000000000004,20.5115
2026-07-28 09:56:16.417000-04:00,CRWV,2027-02-19,110.0,P,14,65,48.550000000000004,50,6,31,51.800000000000004,50,2026-07-28 06:30:11-04:00,0.0,50.175000000000004,3.25,0.06477329347284504,206,65.425,0.6813144822315629,0.5651898109306824,0.9261452166278423,-0.6437377234345935,-2.29451,46.0,49.050000000000004,0.0,0.9576,-0.5878,0.0076,-0.0391,20.7501
2026-07-28 09:56:18.589000-04:00,CRWV,2027-02-19,115.0,C,610,65,6.55,50,682,65,8.5,50,2026-07-28 06:30:29-04:00,10.0,7.525,1.9500000000000002,0.25913621262458475,206,65.425,0.757737867787543,0.5651898109306824,0.9454658674150151,0.34123328222725224,-4.46651,8.1,9.8,10.0,0.9182,0.37220000000000003,0.0077,-0.046400000000000004,20.166900000000002
2026-07-28 09:56:16.417000-04:00,CRWV,2027-02-19,115.0,P,6,31,52.7,50,6,76,56.4,50,2026-07-28 06:30:34-04:00,0.0,54.55,3.6999999999999957,0.06782768102658104,206,65.425,0.757737867787543,0.5651898109306824,0.9342465221852415,-0.6636691192487869,-2.29451,49.95,53.25,0.0,0.9571000000000001,-0.6118,0.007500000000000001,-0.037700000000000004,20.4266
2026-07-28 09:56:18.585000-04:00,CRWV,2027-02-19,120.0,C,607,65,5.95,50,943,65,8.45,50,2026-07-28 06:30:11-04:00,2.0,7.199999999999999,2.499999999999999,0.34722222222222215,206,65.425,0.8341612533435232,0.5651898109306824,0.9617570908566418,0.3267562227372106,-4.46251,7.0,9.0,0.0,0.9066000000000001,0.34400000000000003,0.0076,-0.0446,19.6217
2026-07-28 09:56:19.523000-04:00,CRWV,2027-02-19,120.0,P,353,65,57.050000000000004,50,52,5,61.050000000000004,50,2026-07-28 06:30:17-04:00,0.0,59.050000000000004,4.0,0.06773920406435224,206,65.425,0.8341612533435232,0.5651898109306824,0.946199127504577,-0.6801296549204063,-5.40051,53.2,57.45,0.0,0.935,-0.6435000000000001,0.0074,-0.034800000000000005,19.8745
2026-07-28 09:56:19.379000-04:00,CRWV,2027-02-19,125.0,C,732,5,5.5,50,514,65,6.9,50,2026-07-28 06:30:06-04:00,24.0,6.2,1.4000000000000004,0.22580645161290328,206,65.425,0.9105846388995034,0.5651898109306824,0.936261822670811,0.2951035450613787,-5.25651,6.9,8.1,5.0,0.9144,0.32580000000000003,0.0073,-0.0439,19.2074
2026-07-28 09:56:19.523000-04:00,CRWV,2027-02-19,125.0,P,199,65,62.2,50,49,65,65.25,50,2026-07-28 06:30:23-04:00,0.0,63.725,3.049999999999997,0.04786190663005095,206,65.425,0.9105846388995034,0.5651898109306824,0.9655556475306766,-0.691641514041281,-5.40051,58.550000000000004,61.75,0.0,0.9655,-0.6517000000000001,0.0071,-0.035300000000000005,19.7099
2026-07-28 09:56:16.422000-04:00,CRWV,2027-03-19,35.0,C,6,65,34.45,50,9,4,37.5,50,2026-07-28 06:30:14-04:00,7.0,35.975,3.049999999999997,0.08478109798471152,234,65.425,-0.4650363011081391,0.6417879844466642,1.0465118247859302,0.8836203075719066,-2.29951,40.15,41.15,7.0,1.0332000000000001,0.9018,0.0029000000000000002,-0.0239,9.8302
2026-07-28 09:56:17.734000-04:00,CRWV,2027-03-19,35.0,P,433,65,3.6,50,157,65,4.45,50,2026-07-28 06:30:25-04:00,309.0,4.025,0.8500000000000001,0.2111801242236025,234,65.425,-0.4650363011081391,0.6417879844466642,0.9757441160049753,-0.11102847478723143,-3.61151,3.5,3.95,309.0,0.9995,-0.09530000000000001,0.0029000000000000002,-0.0194,9.626800000000001
2026-07-28 09:56:16.424000-04:00,CRWV,2027-03-19,37.5,C,7,4,32.85,50,15,11,35.9,50,2026-07-28 06:30:02-04:00,0.0,34.375,3.049999999999997,0.08872727272727264,234,65.425,-0.426824608330149,0.6417879844466642,1.039525970963955,0.8671110858684656,-2.30151,36.800000000000004,39.45,0.0,0.9479000000000001,0.8937,0.0034000000000000002,-0.0235,10.4207
2026-07-28 09:56:19.376000-04:00,CRWV,2027-03-19,37.5,P,870,65,4.3500000000000005,50,55,5,5.15,50,2026-07-28 06:30:31-04:00,60.0,4.75,0.7999999999999998,0.16842105263157892,234,65.425,-0.426824608330149,0.6417879844466642,0.9646955654610845,-0.12779272575916023,-5.25351,4.15,4.65,58.0,0.9895,-0.10990000000000001,0.0033,-0.0212,10.678
2026-07-28 09:56:16.358000-04:00,CRWV,2027-03-19,40.0,C,5,31,31.35,50,14,11,34.25,50,2026-07-28 06:30:19-04:00,34.0,32.8,2.8999999999999986,0.08841463414634143,234,65.425,-0.38861291555215893,0.6417879844466642,1.0295801382102079,0.8502103809636061,-2.23551,36.75,37.75,34.0,1.0135,0.8723000000000001,0.0036000000000000003,-0.028,11.8679
2026-07-28 09:56:17.689000-04:00,CRWV,2027-03-19,40.0,P,436,65,5.05,50,146,65,6.15,50,2026-07-28 06:30:25-04:00,152.0,5.6,1.1000000000000005,0.19642857142857154,234,65.425,-0.38861291555215893,0.6417879844466642,0.9594515597422661,-0.14573025263945216,-3.56651,4.95,5.4,152.0,0.9828,-0.1255,0.0036000000000000003,-0.023100000000000002,11.726
2026-07-28 09:56:16.832000-04:00,CRWV,2027-03-19,42.5,C,15,65,29.95,50,22,5,32.75,50,2026-07-28 06:30:19-04:00,7.0,31.35,2.8000000000000007,0.08931419457735248,234,65.425,-0.35040122277416885,0.6417879844466642,1.0250916687706721,0.832590252776094,-2.70951,33.55,36.15,7.0,0.9426,0.8607,0.0041,-0.027800000000000002,12.596300000000001
2026-07-28 09:56:18.119000-04:00,CRWV,2027-03-19,42.5,P,314,65,6.3,50,106,65,7.0,50,2026-07-28 06:30:25-04:00,164.0,6.65,0.7000000000000002,0.10526315789473686,234,65.425,-0.35040122277416885,0.6417879844466642,0.9645761871324923,-0.164790377979684,-3.99651,5.75,6.3,164.0,0.9778,-0.14170000000000002,0.004,-0.024900000000000002,12.7501
2026-07-28 09:56:16.424000-04:00,CRWV,2027-03-19,45.0,C,6,65,28.45,50,12,65,31.3,50,2026-07-28 06:30:08-04:00,1.0,29.875,2.8500000000000014,0.095397489539749,234,65.425,-0.31218952999617877,0.6417879844466642,1.0144641731941013,0.8147843333141703,-2.30151,32.05,34.65,1.0,0.9426,0.8433,0.0044,-0.029900000000000003,13.6323
2026-07-28 09:56:17.682000-04:00,CRWV,2027-03-19,45.0,P,253,65,7.4,50,143,65,8.05,50,2026-07-28 06:30:31-04:00,82.0,7.7250000000000005,0.6500000000000004,0.08414239482200651,234,65.425,-0.31218952999617877,0.6417879844466642,0.9655680012845356,-0.18383173261200692,-3.55951,6.65,7.1000000000000005,82.0,0.9684,-0.1582,0.0043,-0.0264,13.720600000000001
2026-07-28 09:56:18.683000-04:00,CRWV,2027-03-19,47.5,C,351,65,27.1,50,384,65,29.45,50,2026-07-28 06:30:14-04:00,31.0,28.275,2.349999999999998,0.08311229000884165,234,65.425,-0.2739778372181887,0.6417879844466642,0.9921467151199574,0.7966483064914509,-4.56051,30.7,33.2,31.0,0.9447000000000001,0.8254,0.0047,-0.032,14.6189
2026-07-28 09:56:18.017000-04:00,CRWV,2027-03-19,47.5,P,605,65,8.3,50,333,5,9.1,50,2026-07-28 06:30:02-04:00,131.0,8.7,0.7999999999999989,0.09195402298850563,234,65.425,-0.2739778372181887,0.6417879844466642,0.9549936899136595,-0.20280468304730148,-3.89451,7.6000000000000005,8.1,131.0,0.9645,-0.1754,0.0047,-0.028,14.6666
2026-07-28 09:56:18.155000-04:00,CRWV,2027-03-19,50.0,C,239,65,26.05,50,475,5,28.6,50,2026-07-28 06:30:25-04:00,38.0,27.325000000000003,2.5500000000000007,0.09332113449222325,234,65.425,-0.23576614444019872,0.6417879844466642,1.0096689443201567,0.778105683437731,-4.03251,29.5,31.75,37.0,0.9466,0.8074,0.005,-0.0339,15.5424
2026-07-28 09:56:16.591000-04:00,CRWV,2027-03-19,50.0,P,669,5,9.5,50,253,5,10.25,50,2026-07-28 06:30:02-04:00,390.0,9.875,0.75,0.0759493670886076,234,65.425,-0.23576614444019872,0.6417879844466642,0.9540879067226018,-0.22225482249840933,-2.46851,8.65,9.1,390.0,0.9593,-0.19290000000000002,0.005,-0.029500000000000002,15.5609
2026-07-28 09:56:16.416000-04:00,CRWV,2027-03-19,55.0,C,170,65,23.75,50,686,65,25.85,50,2026-07-28 06:30:19-04:00,27.0,24.8,2.1000000000000014,0.08467741935483876,234,65.425,-0.15934275888421856,0.6417879844466642,0.9929915293556532,0.7406624417210473,-2.29351,27.7,29.150000000000002,27.0,0.9658,0.7713,0.0055000000000000005,-0.0379,17.189600000000002
2026-07-28 09:56:17.670000-04:00,CRWV,2027-03-19,55.0,P,717,5,11.85,50,223,5,12.700000000000001,50,2026-07-28 06:30:08-04:00,1662.0,12.275,0.8500000000000014,0.06924643584521396,234,65.425,-0.15934275888421856,0.6417879844466642,0.9444161171233,-0.26151919805620183,-3.54751,10.8,11.6,1643.0,0.9567,-0.22870000000000001,0.0055000000000000005,-0.0322,17.1929
2026-07-28 09:56:17.310000-04:00,CRWV,2027-03-19,60.0,C,183,65,21.6,50,910,65,23.45,50,2026-07-28 06:30:31-04:00,80.0,22.525,1.8499999999999979,0.08213096559378459,234,65.425,-0.0829193733282384,0.6417879844466642,0.980276723655567,0.7028828672004047,-3.18751,25.35,26.650000000000002,79.0,0.9577,0.7356,0.006,-0.040400000000000005,18.5823
2026-07-28 09:56:18.704000-04:00,CRWV,2027-03-19,60.0,P,802,5,14.6,50,314,5,15.450000000000001,50,2026-07-28 06:30:14-04:00,1244.0,15.025,0.8500000000000014,0.05657237936772056,234,65.425,-0.0829193733282384,0.6417879844466642,0.9425733177581546,-0.30041411357489034,-4.58151,13.15,13.85,1244.0,0.9405,-0.2651,0.0061,-0.034,18.610500000000002
2026-07-28 09:56:16.434000-04:00,CRWV,2027-03-19,65.0,C,4,46,20.0,50,887,65,21.400000000000002,50,2026-07-28 06:30:31-04:00,47.0,20.700000000000003,1.4000000000000021,0.06763285024154599,234,65.425,-0.006495987772258238,0.6417879844466642,0.9820373385871068,0.6669195087145918,-2.31151,23.2,24.400000000000002,45.0,0.9513,0.6999000000000001,0.0064,-0.0425,19.751900000000003
2026-07-28 09:56:17.144000-04:00,CRWV,2027-03-19,65.0,P,947,65,16.95,50,274,5,18.400000000000002,50,2026-07-28 06:30:31-04:00,1180.0,17.675,1.4500000000000028,0.08203677510608219,234,65.425,-0.006495987772258238,0.6417879844466642,0.9248103849465809,-0.3405893698125294,-3.02151,15.950000000000001,16.75,1180.0,0.9434,-0.3007,0.0064,-0.0359,19.7724
2026-07-28 09:56:16.580000-04:00,CRWV,2027-03-19,67.5,C,206,5,18.8,50,601,5,20.0,50,2026-07-28 06:30:02-04:00,26.0,19.4,1.1999999999999993,0.06185567010309275,234,65.425,0.03171570500573173,0.6417879844466642,0.9594343218946233,0.6458588878011977,-2.45751,22.05,23.400000000000002,26.0,0.9456,0.6818000000000001,0.0066,-0.043300000000000005,20.2621
2026-07-28 09:56:19.524000-04:00,CRWV,2027-03-19,67.5,P,1298,22,17.85,50,345,5,20.1,50,2026-07-28 06:30:19-04:00,860.0,18.975,2.25,0.11857707509881422,234,65.425,0.03171570500573173,0.6417879844466642,0.9115387309087442,-0.3615023115086895,-5.40151,17.35,18.0,860.0,0.936,-0.3191,0.0067,-0.0363,20.290000000000003
2026-07-28 09:56:17.625000-04:00,CRWV,2027-03-19,70.0,C,328,65,17.85,50,777,65,19.400000000000002,50,2026-07-28 06:30:14-04:00,269.0,18.625,1.5500000000000007,0.08322147651006716,234,65.425,0.06992739778372181,0.6417879844466642,0.9619661823237191,0.6285494336365645,-3.50251,21.2,22.35,149.0,0.9444,0.6644,0.0067,-0.0441,20.7068
2026-07-28 09:56:16.907000-04:00,CRWV,2027-03-19,70.0,P,796,65,20.45,50,79,5,21.5,50,2026-07-28 06:30:02-04:00,1890.0,20.975,1.0500000000000007,0.05005959475566153,234,65.425,0.06992739778372181,0.6417879844466642,0.9315382639115369,-0.3767780650473054,-2.78451,18.8,19.75,1887.0,0.9401,-0.336,0.0068000000000000005,-0.0371,20.719900000000003
2026-07-28 09:56:20.002000-04:00,CRWV,2027-03-19,72.5,C,312,65,17.05,50,873,65,18.75,50,2026-07-28 06:30:08-04:00,331.0,17.9,1.6999999999999993,0.09497206703910611,234,65.425,0.10813909056171189,0.6417879844466642,0.9648736425116582,0.611777017126587,-5.87951,20.45,21.45,308.0,0.9472,0.6478,0.0068000000000000005,-0.0449,21.0862
2026-07-28 09:56:17.585000-04:00,CRWV,2027-03-19,72.5,P,775,65,21.75,50,273,5,23.3,50,2026-07-28 06:30:08-04:00,3641.0,22.525,1.5500000000000007,0.06881243063263044,234,65.425,0.10813909056171189,0.6417879844466642,0.9265677895671942,-0.3957470724400345,-3.46251,20.3,21.25,3641.0,0.9373,-0.3536,0.006900000000000001,-0.0375,21.118100000000002
2026-07-28 09:56:18.144000-04:00,CRWV,2027-03-19,75.0,C,546,65,16.15,50,723,65,17.85,50,2026-07-28 06:30:25-04:00,200.0,17.0,1.7000000000000028,0.10000000000000017,234,65.425,0.14635078333970197,0.6417879844466642,0.957199900135752,0.5932245790384826,-4.02151,19.0,20.55,202.0,0.9313,0.6284000000000001,0.0071,-0.045000000000000005,21.4756
2026-07-28 09:56:17.786000-04:00,CRWV,2027-03-19,75.0,P,564,65,23.650000000000002,50,330,5,25.05,50,2026-07-28 06:30:19-04:00,2345.0,24.35,1.3999999999999986,0.057494866529774064,234,65.425,0.14635078333970197,0.6417879844466642,0.9332147380273502,-0.41198275024700126,-3.66351,21.900000000000002,22.75,2345.0,0.9349000000000001,-0.3709,0.0071,-0.0378,21.4642
2026-07-28 09:56:16.648000-04:00,CRWV,2027-03-19,77.5,C,284,5,15.6,50,1256,65,17.85,50,2026-07-28 06:30:14-04:00,104.0,16.725,2.2500000000000018,0.13452914798206286,234,65.425,0.18456247611769205,0.6417879844466642,0.978372992641238,0.5814824391692988,-2.52551,18.55,19.75,102.0,0.9398000000000001,0.6133000000000001,0.0071,-0.0458,21.7394
2026-07-28 09:56:19.533000-04:00,CRWV,2027-03-19,77.5,P,857,65,24.5,50,1,31,26.45,50,2026-07-28 06:30:31-04:00,742.0,25.475,1.9499999999999993,0.0765456329735034,234,65.425,0.18456247611769205,0.6417879844466642,0.9039244556906335,-0.4362317880181249,-5.41051,23.45,24.25,742.0,0.93,-0.3885,0.007200000000000001,-0.0379,21.7699
2026-07-28 09:56:20.026000-04:00,CRWV,2027-03-19,80.0,C,388,65,14.85,50,704,5,16.25,50,2026-07-28 06:30:25-04:00,257.0,15.55,1.4000000000000004,0.09003215434083603,234,65.425,0.22277416889568213,0.6417879844466642,0.953970739202227,0.5594626463960561,-5.90351,18.2,19.0,233.0,0.9496,0.5991000000000001,0.0071,-0.046700000000000005,21.956500000000002
2026-07-28 09:56:20.001000-04:00,CRWV,2027-03-19,80.0,P,582,65,27.2,50,217,5,28.400000000000002,50,2026-07-28 06:30:02-04:00,978.0,27.8,1.2000000000000028,0.04316546762589938,234,65.425,0.22277416889568213,0.6417879844466642,0.9311313367660408,-0.4464027129039131,-5.87851,25.1,26.0,975.0,0.9311,-0.4046,0.0073,-0.0381,22.0107
2026-07-28 09:56:19.513000-04:00,CRWV,2027-03-19,82.5,C,349,65,14.200000000000001,50,550,5,15.55,50,2026-07-28 06:30:31-04:00,152.0,14.875,1.3499999999999996,0.09075630252100839,234,65.425,0.2609858616736722,0.6417879844466642,0.9523695186834704,0.5430984032600309,-5.39051,17.0,18.2,152.0,0.9373,0.5806,0.0073,-0.0466,22.1953
2026-07-28 09:56:16.434000-04:00,CRWV,2027-03-19,82.5,P,832,65,27.95,50,195,65,30.3,50,2026-07-28 06:30:25-04:00,61.0,29.125,2.3500000000000014,0.08068669527897,234,65.425,0.2609858616736722,0.6417879844466642,0.9084249539363759,-0.46914367070792795,-2.31151,27.0,27.8,61.0,0.9374,-0.4192,0.0073,-0.0385,22.1951
2026-07-28 09:56:17.583000-04:00,CRWV,2027-03-19,85.0,C,508,5,13.5,50,742,65,15.0,50,2026-07-28 06:30:19-04:00,427.0,14.25,1.5,0.10526315789473684,234,65.425,0.2991975544516623,0.6417879844466642,0.9516815926185973,0.5273513480747793,-3.46051,16.15,17.5,427.0,0.9335,0.5642,0.0074,-0.046700000000000005,22.366300000000003
2026-07-28 09:56:18.535000-04:00,CRWV,2027-03-19,85.0,P,889,65,30.05,50,200,65,32.15,50,2026-07-28 06:30:02-04:00,2450.0,31.1,2.099999999999998,0.06752411575562693,234,65.425,0.2991975544516623,0.6417879844466642,0.9154223985284267,-0.48336571405884576,-4.41251,28.400000000000002,29.45,2450.0,0.9272,-0.4373,0.0074,-0.0381,22.3805
2026-07-28 09:56:19.153000-04:00,CRWV,2027-03-19,87.5,C,530,5,12.9,50,1208,65,15.15,50,2026-07-28 06:30:14-04:00,157.0,14.025,2.25,0.16042780748663102,234,65.425,0.3374092472296524,0.6417879844466642,0.9687259444640164,0.5173838159352457,-5.03051,15.450000000000001,16.75,157.0,0.9311,0.5482,0.0074,-0.0468,22.494400000000002
2026-07-28 09:56:17.501000-04:00,CRWV,2027-03-19,87.5,P,678,65,32.4,50,202,65,34.0,50,2026-07-28 06:30:08-04:00,81.0,33.2,1.6000000000000014,0.04819277108433739,234,65.425,0.3374092472296524,0.6417879844466642,0.9269043466749403,-0.49549386753000413,-3.37851,30.3,31.35,81.0,0.9327000000000001,-0.45130000000000003,0.0074,-0.0383,22.491500000000002
2026-07-28 09:56:19.276000-04:00,CRWV,2027-03-19,90.0,C,524,65,12.35,50,743,5,13.75,50,2026-07-28 06:30:19-04:00,339.0,13.05,1.4000000000000004,0.10727969348659006,234,65.425,0.37562094000764246,0.6417879844466642,0.9485418473625344,0.49645028029763477,-5.15351,15.1,16.05,335.0,0.9356000000000001,0.5345,0.0074,-0.0471,22.575300000000002
2026-07-28 09:56:17.682000-04:00,CRWV,2027-03-19,90.0,P,512,5,34.6,50,174,65,35.9,50,2026-07-28 06:30:19-04:00,2913.0,35.25,1.2999999999999972,0.0368794326241134,234,65.425,0.37562094000764246,0.6417879844466642,0.9346124510814361,-0.5080871185817518,-3.55951,31.95,33.2,2912.0,0.9301,-0.46690000000000004,0.007500000000000001,-0.0381,22.582700000000003
2026-07-28 09:56:17.276000-04:00,CRWV,2027-03-19,95.0,C,360,65,11.35,50,615,5,12.700000000000001,50,2026-07-28 06:30:14-04:00,584.0,12.025,1.3500000000000014,0.11226611226611238,234,65.425,0.4520443255636226,0.6417879844466642,0.9487036140217893,0.46815607389944497,-3.15351,13.65,14.75,581.0,0.9273,0.5032,0.007500000000000001,-0.0468,22.6597
2026-07-28 09:56:18.813000-04:00,CRWV,2027-03-19,95.0,P,722,65,38.0,50,61,5,39.65,50,2026-07-28 06:30:31-04:00,2884.0,38.825,1.6499999999999986,0.04249839021249191,234,65.425,0.4520443255636226,0.6417879844466642,0.9210642595092092,-0.5417241072362184,-4.69051,35.65,36.85,2885.0,0.9291,-0.49610000000000004,0.007500000000000001,-0.0376,22.6594
2026-07-28 09:56:18.444000-04:00,CRWV,2027-03-19,97.5,C,325,65,10.9,50,602,5,12.1,50,2026-07-28 06:30:08-04:00,124.0,11.5,1.1999999999999993,0.10434782608695646,234,65.425,0.4902560183416127,0.6417879844466642,0.9464382246842784,0.4537576435077508,-4.32151,13.05,14.200000000000001,118.0,0.9261,0.4889,0.007500000000000001,-0.046700000000000005,22.6518
2026-07-28 09:56:16.507000-04:00,CRWV,2027-03-19,97.5,P,219,65,39.4,50,70,65,41.85,50,2026-07-28 06:30:14-04:00,128.0,40.625,2.450000000000003,0.060307692307692375,234,65.425,0.4902560183416127,0.6417879844466642,0.913025525522394,-0.5587030793428053,-2.38451,37.5,38.800000000000004,128.0,0.9295,-0.5099,0.007500000000000001,-0.0373,22.6535
2026-07-28 09:56:18.462000-04:00,CRWV,2027-03-19,100.0,C,358,65,10.450000000000001,50,1337,65,12.6,50,2026-07-28 06:30:08-04:00,678.0,11.525,2.1499999999999986,0.1865509761388285,234,65.425,0.5284677111196026,0.6417879844466642,0.9696302702101386,0.4492208342290187,-4.33951,12.85,13.65,674.0,0.933,0.4777,0.007500000000000001,-0.046900000000000004,22.6252
2026-07-28 09:56:18.436000-04:00,CRWV,2027-03-19,100.0,P,609,65,42.25,50,173,65,43.800000000000004,50,2026-07-28 06:30:19-04:00,2036.0,43.025000000000006,1.5500000000000043,0.03602556653108667,234,65.425,0.5284677111196026,0.6417879844466642,0.9329122580195232,-0.5646021126242569,-4.31351,39.45,40.800000000000004,2036.0,0.9319000000000001,-0.5226000000000001,0.007500000000000001,-0.0371,22.624000000000002
2026-07-28 09:56:16.424000-04:00,CRWV,2027-03-19,105.0,C,309,65,9.6,50,7,65,10.200000000000001,50,2026-07-28 06:30:02-04:00,318.0,9.9,0.6000000000000014,0.060606060606060747,234,65.425,0.6048910966755827,0.6417879844466642,0.9318908616323627,0.4094349896492102,-2.30151,11.55,12.6,318.0,0.9242,0.4485,0.007500000000000001,-0.0461,22.472
2026-07-28 09:56:16.507000-04:00,CRWV,2027-03-19,105.0,P,85,65,46.25,50,61,65,47.95,50,2026-07-28 06:30:25-04:00,243.0,47.1,1.7000000000000028,0.036093418259023416,234,65.425,0.6048910966755827,0.6417879844466642,0.9346425752928926,-0.5894472114559823,-2.38451,43.300000000000004,44.5,243.0,0.9265,-0.5505,0.007500000000000001,-0.036000000000000004,22.4784
2026-07-28 09:56:19.785000-04:00,CRWV,2027-03-19,110.0,C,556,65,8.75,50,7,5,9.4,50,2026-07-28 06:30:25-04:00,544.0,9.075,0.6500000000000004,0.07162534435261712,234,65.425,0.6813144822315629,0.6417879844466642,0.9289912178735021,0.3841697762147892,-5.66251,10.75,11.65,544.0,0.9253,0.4243,0.0074,-0.0456,22.2518
2026-07-28 09:56:16.424000-04:00,CRWV,2027-03-19,110.0,P,155,65,49.6,50,53,65,52.1,50,2026-07-28 06:30:31-04:00,505.0,50.85,2.5,0.049164208456243856,234,65.425,0.6813144822315629,0.6417879844466642,0.9163198300127751,-0.6212791959276078,-2.30151,47.45,48.85,505.0,0.9382,-0.5705,0.0073,-0.0356,22.3048
2026-07-28 09:56:16.380000-04:00,CRWV,2027-03-19,115.0,C,288,65,8.2,50,7,65,8.700000000000001,50,2026-07-28 06:30:02-04:00,357.0,8.45,0.5000000000000018,0.05917159763313631,234,65.425,0.757737867787543,0.6417879844466642,0.9326293154463693,0.363174913483972,-2.25751,10.200000000000001,10.75,353.0,0.9294,0.4027,0.0073,-0.045200000000000004,21.9833
2026-07-28 09:56:16.801000-04:00,CRWV,2027-03-19,115.0,P,785,65,53.9,50,125,65,56.4,50,2026-07-28 06:30:14-04:00,151.0,55.15,2.5,0.04533091568449683,234,65.425,0.757737867787543,0.6417879844466642,0.9218051870624353,-0.641629244573272,-2.67851,51.45,52.7,151.0,0.9319000000000001,-0.5962000000000001,0.0073,-0.0342,21.997600000000002
2026-07-28 09:56:19.852000-04:00,CRWV,2027-03-19,120.0,C,567,65,7.3500000000000005,50,686,65,8.55,50,2026-07-28 06:30:08-04:00,1254.0,7.950000000000001,1.2000000000000002,0.1509433962264151,234,65.425,0.8341612533435232,0.6417879844466642,0.9396672439673291,0.34521075246712685,-5.72951,9.05,9.950000000000001,1256.0,0.9193,0.3764,0.007200000000000001,-0.0438,21.564400000000003
2026-07-28 09:56:18.208000-04:00,CRWV,2027-03-19,120.0,P,366,5,59.5,50,193,5,60.9,50,2026-07-28 06:30:02-04:00,173.0,60.2,1.3999999999999986,0.023255813953488347,234,65.425,0.8341612533435232,0.6417879844466642,0.963009967673177,-0.64436664399126,-4.08551,55.7,57.050000000000004,173.0,0.9395,-0.6148,0.0071,-0.0334,21.7148
2026-07-28 09:56:16.949000-04:00,CRWV,2027-03-19,125.0,C,311,65,6.95,50,399,5,7.75,50,2026-07-28 06:30:02-04:00,874.0,7.35,0.7999999999999998,0.10884353741496597,234,65.425,0.9105846388995034,0.6417879844466642,0.9387639460556908,0.3250329579195488,-2.82651,8.4,9.25,874.0,0.9194,0.3556,0.0071,-0.043000000000000003,21.1609
2026-07-28 09:56:18.734000-04:00,CRWV,2027-03-19,125.0,P,699,65,62.65,50,183,65,65.3,50,2026-07-28 06:30:31-04:00,140.0,63.974999999999994,2.6499999999999986,0.041422430636967544,234,65.425,0.9105846388995034,0.6417879844466642,0.9357996757292154,-0.6763391798374664,-4.61151,59.85,61.6,140.0,0.9469000000000001,-0.6321,0.007,-0.032600000000000004,21.4058
2026-07-28 09:56:16.591000-04:00,CRWV,2027-03-19,130.0,C,252,5,6.55,50,123,5,6.95,50,2026-07-28 06:30:19-04:00,270.0,6.75,0.40000000000000036,0.05925925925925931,234,65.425,0.9870080244554835,0.6417879844466642,0.9350855526041963,0.3047581271706399,-2.46851,8.0,8.45,268.0,0.9207000000000001,0.3366,0.006900000000000001,-0.042100000000000005,20.733900000000002
2026-07-28 09:56:19.026000-04:00,CRWV,2027-03-19,130.0,P,639,65,67.05,50,187,65,69.8,50,2026-07-28 06:30:31-04:00,89.0,68.425,2.75,0.0401899890390939,234,65.425,0.9870080244554835,0.6417879844466642,0.941061162525414,-0.6924295699260661,-4.90351,64.05,65.8,89.0,0.9447000000000001,-0.6523,0.0068000000000000005,-0.031100000000000003,20.9863
2026-07-28 09:56:19.287000-04:00,CRWV,2027-03-19,135.0,C,287,5,6.05,50,453,5,6.75,50,2026-07-28 06:30:14-04:00,555.0,6.4,0.7000000000000002,0.10937500000000003,234,65.425,1.0634314100114635,0.6417879844466642,0.9426427411182704,0.2909486373031499,-5.16451,7.3500000000000005,8.0,555.0,0.922,0.31880000000000003,0.0068000000000000005,-0.0412,20.2814
2026-07-28 09:56:19.523000-04:00,CRWV,2027-03-19,135.0,P,251,65,72.35000000000001,50,81,65,74.2,50,2026-07-28 06:30:08-04:00,45.0,73.275,1.8499999999999943,0.02524735585124523,234,65.425,1.0634314100114635,0.6417879844466642,0.9661266251120452,-0.6979964936179587,-5.40051,68.75,70.05,45.0,0.9536,-0.6665,0.0067,-0.0302,20.655900000000003
2026-07-28 09:56:18.311000-04:00,CRWV,2027-03-19,140.0,C,328,5,5.6000000000000005,50,649,5,6.2,50,2026-07-28 06:30:25-04:00,392.0,5.9,0.5999999999999996,0.10169491525423723,234,65.425,1.1398547955674436,0.6417879844466642,0.9396792899488035,0.27324101015196,-4.18851,6.7,7.45,366.0,0.9184,0.2997,0.0066,-0.039900000000000005,19.7425
2026-07-28 09:56:18.668000-04:00,CRWV,2027-03-19,140.0,P,347,65,76.95,50,91,65,78.75,50,2026-07-28 06:30:14-04:00,29.0,77.85,1.7999999999999972,0.02312138728323696,234,65.425,1.1398547955674436,0.6417879844466642,0.9745280829813684,-0.7102300124931058,-4.54551,73.15,74.55,29.0,0.9590000000000001,-0.6811,0.006500000000000001,-0.0292,20.282400000000003
2026-07-28 09:56:18.361000-04:00,CRWV,2027-03-19,145.0,C,370,5,5.15,50,957,65,6.5,50,2026-07-28 06:30:31-04:00,458.0,5.825,1.3499999999999996,0.23175965665236045,234,65.425,1.2162781811234238,0.6417879844466642,0.9592762378541801,0.26735109364820886,-4.23851,6.5,6.95,458.0,0.9253,0.2867,0.0064,-0.039400000000000004,19.3412
2026-07-28 09:56:18.896000-04:00,CRWV,2027-03-19,145.0,P,419,65,81.35000000000001,50,65,5,83.35000000000001,50,2026-07-28 06:30:02-04:00,127.0,82.35000000000001,2.0,0.024286581663630843,234,65.425,1.2162781811234238,0.6417879844466642,0.9769518551990323,-0.7242718439859581,-4.77351,77.5,79.2,127.0,0.9650000000000001,-0.6944,0.0063,-0.0281,19.9126
2026-07-28 09:56:16.380000-04:00,CRWV,2027-03-19,150.0,C,453,65,4.8,50,763,65,5.65,50,2026-07-28 06:30:31-04:00,2273.0,5.225,0.8500000000000005,0.16267942583732067,234,65.425,1.292701566679404,0.6417879844466642,0.9464362277665109,0.24688153879857727,-2.25751,6.0,6.45,2274.0,0.9227000000000001,0.2701,0.0063,-0.0381,18.7866
2026-07-28 09:56:16.381000-04:00,CRWV,2027-03-19,150.0,P,183,65,86.10000000000001,50,60,65,88.05,50,2026-07-28 06:30:08-04:00,13.0,87.075,1.9499999999999886,0.022394487510766448,234,65.425,1.292701566679404,0.6417879844466642,0.9906648067078029,-0.7320886506469392,-2.25851,81.9,83.55,13.0,0.9627,-0.7107,0.006200000000000001,-0.026500000000000003,19.4208
2026-07-28 09:56:17.307000-04:00,CRWV,2027-03-19,155.0,C,337,65,4.5,50,1142,65,5.7,50,2026-07-28 06:30:08-04:00,1312.0,5.1,1.2000000000000002,0.23529411764705888,234,65.425,1.369124952235384,0.6417879844466642,0.9603226741447598,0.2400886921552608,-3.18451,5.6000000000000005,6.05,1312.0,0.9234,0.256,0.0061,-0.0371,18.279400000000003
2026-07-28 09:56:17.050000-04:00,CRWV,2027-03-19,155.0,P,181,65,91.0,50,38,5,92.7,50,2026-07-28 06:30:02-04:00,36.0,91.85,1.7000000000000028,0.01850843767011435,234,65.425,1.369124952235384,0.6417879844466642,1.0060935366899961,-0.7382840761581796,-2.92751,86.65,88.05,36.0,0.9721000000000001,-0.7206,0.006,-0.0257,19.1003
2026-07-28 09:56:17.989000-04:00,CRWV,2027-03-19,160.0,C,294,65,4.2,50,715,5,4.9,50,2026-07-28 06:30:25-04:00,184.0,4.550000000000001,0.7000000000000002,0.15384615384615385,234,65.425,1.4455483377913643,0.6417879844466642,0.946220943271734,0.22070822842717136,-3.86651,5.2,5.7,184.0,0.924,0.2427,0.0059,-0.0361,17.7682
2026-07-28 09:56:20-04:00,CRWV,2027-03-19,160.0,P,204,65,95.5,50,72,65,97.60000000000001,50,2026-07-28 06:30:14-04:00,14.0,96.55000000000001,2.1000000000000085,0.02175038839979294,234,65.425,1.4455483377913643,0.6417879844466642,1.0160083944098286,-0.7463153654621592,-5.87751,90.60000000000001,93.3,14.0,0.9786,-0.731,0.0059,-0.0246,18.744400000000002
2026-07-28 09:56:17.580000-04:00,CRWV,2027-03-19,165.0,C,444,65,3.9,50,316,5,4.45,50,2026-07-28 06:30:08-04:00,66.0,4.175,0.5500000000000003,0.13173652694610785,234,65.425,1.5219717233473444,0.6417879844466642,0.941018300850392,0.20637680484150323,-3.45751,4.65,5.3500000000000005,66.0,0.9184,0.2272,0.0057,-0.0345,17.1304
2026-07-28 09:56:16.382000-04:00,CRWV,2027-03-19,165.0,P,200,65,100.25,50,68,65,102.15,50,2026-07-28 06:30:31-04:00,13.0,101.2,1.9000000000000057,0.018774703557312308,234,65.425,1.5219717233473444,0.6417879844466642,1.0217827149677137,-0.7555854647987588,-2.25951,96.05,97.45,13.0,0.9946,-0.7362000000000001,0.0057,-0.0244,18.559900000000003
2026-07-28 09:56:16.382000-04:00,CRWV,2027-03-19,170.0,C,791,65,3.45,50,197,65,4.15,50,2026-07-28 06:30:02-04:00,331.0,3.8000000000000003,0.7000000000000002,0.18421052631578952,234,65.425,1.5983951089033246,0.6417879844466642,0.9338321341058924,0.19186502870125488,-2.25951,4.3500000000000005,5.0,334.0,0.918,0.215,0.0056,-0.0334,16.5975
2026-07-28 09:56:18.701000-04:00,CRWV,2027-03-19,170.0,P,638,65,104.10000000000001,50,107,65,107.35000000000001,50,2026-07-28 06:30:25-04:00,716.0,105.72500000000001,3.25,0.03074012768976117,234,65.425,1.5983951089033246,0.6417879844466642,1.0186046114788265,-0.7683627439694485,-4.57851,100.75,102.85000000000001,716.0,1.0232,-0.7349,0.0056,-0.0251,18.6053
2026-07-28 09:56:17.028000-04:00,CRWV,2027-03-19,175.0,C,22,22,3.45,50,1140,65,4.45,50,2026-07-28 06:30:19-04:00,2309.0,3.95,1.0,0.2531645569620253,234,65.425,1.6748184944593048,0.6417879844466642,0.9619553018955455,0.19462090836647133,-2.90551,4.25,4.65,2292.0,0.9229,0.20600000000000002,0.0054,-0.0327,16.186700000000002
2026-07-28 09:56:17.680000-04:00,CRWV,2027-03-19,175.0,P,39,65,110.2,50,36,5,112.0,50,2026-07-28 06:30:02-04:00,97.0,111.1,1.7999999999999972,0.016201620162016178,234,65.425,1.6748184944593048,0.6417879844466642,1.067165121738332,-0.7567789660861941,-3.55751,105.0,107.0,97.0,1.0046,-0.755,0.0055000000000000005,-0.0222,17.8525
2026-07-28 09:56:19.899000-04:00,CRWV,2027-03-19,180.0,C,545,65,3.15,50,937,65,4.2,50,2026-07-28 06:30:14-04:00,250.0,3.675,1.0500000000000003,0.2857142857142858,234,65.425,1.751241880015285,0.6417879844466642,0.9595668588993811,0.1836085864746157,-5.77651,3.9,4.3500000000000005,250.0,0.9196000000000001,0.1937,0.005200000000000001,-0.031400000000000004,15.601
2026-07-28 09:56:16.435000-04:00,CRWV,2027-03-19,180.0,P,138,65,114.2,50,55,65,116.85000000000001,50,2026-07-28 06:30:31-04:00,56.0,115.525,2.6500000000000057,0.022938757844622425,234,65.425,1.751241880015285,0.6417879844466642,1.056281302880819,-0.7719261441577704,-2.31251,109.10000000000001,111.8,56.0,0.9979,-0.7691,0.0053,-0.020200000000000003,17.2852
2026-07-28 09:56:19.130000-04:00,CRWV,2027-03-19,185.0,C,702,65,2.87,50,959,65,4.0,50,2026-07-28 06:30:14-04:00,152.0,3.435,1.13,0.32896652110625907,234,65.425,1.827665265571265,0.6417879844466642,0.9583134133050523,0.17371877890951554,-5.00751,3.5500000000000003,4.15,152.0,0.9187000000000001,0.18330000000000002,0.005,-0.0303,15.076600000000001
2026-07-28 09:56:16.393000-04:00,CRWV,2027-03-19,185.0,P,20,65,118.5,50,6,31,121.7,50,2026-07-28 06:30:20-04:00,2.0,120.1,3.200000000000003,0.02664446294754374,234,65.425,1.827665265571265,0.6417879844466642,1.0533205204388991,-0.7829352566856862,-2.27051,113.95,117.3,2.0,1.0315,-0.7637,0.005200000000000001,-0.021500000000000002,17.5069
2026-07-28 09:56:18.565000-04:00,CRWV,2027-03-19,190.0,C,440,65,2.81,50,471,5,3.3000000000000003,50,2026-07-28 06:30:31-04:00,482.0,3.055,0.4900000000000002,0.16039279869067108,234,65.425,1.9040886511272452,0.6417879844466642,0.9448192879139666,0.15887047189551212,-4.44251,3.3000000000000003,3.9,482.0,0.9179,0.17350000000000002,0.0049,-0.029300000000000003,14.5625
2026-07-28 09:56:16.304000-04:00,CRWV,2027-03-19,190.0,P,5,6,123.5,50,5,6,126.65,50,2026-07-28 06:30:09-04:00,46.0,125.075,3.1500000000000057,0.02518488906656011,234,65.425,1.9040886511272452,0.6417879844466642,1.0754236168151736,-0.7821569110917564,-2.18151,119.15,121.85000000000001,46.0,1.0481,-0.7659,0.0051,-0.021400000000000002,17.4163
2026-07-28 09:56:18.203000-04:00,CRWV,2027-03-19,195.0,C,461,65,2.63,50,912,65,3.5500000000000003,50,2026-07-28 06:30:31-04:00,116.0,3.09,0.9200000000000004,0.29773462783171534,234,65.425,1.9805120366832254,0.6417879844466642,0.9625499008691636,0.1585780691569338,-4.08051,3.15,3.65,116.0,0.9193,0.1652,0.0047,-0.0284,14.1143
2026-07-28 09:56:16.302000-04:00,CRWV,2027-03-19,195.0,P,5,6,128.4,50,6,6,131.5,50,2026-07-28 06:30:14-04:00,61.0,129.95,3.0999999999999943,0.02385532897268176,234,65.425,1.9805120366832254,0.6417879844466642,1.0905052358352771,-0.7841987806632895,-2.17951,124.0,125.75,61.0,1.034,-0.7817000000000001,0.005,-0.0188,16.7418
2026-07-28 09:56:18.852000-04:00,CRWV,2027-03-19,200.0,C,412,65,2.48,50,831,65,3.2,50,2026-07-28 06:30:03-04:00,2072.0,2.84,0.7200000000000002,0.2535211267605635,234,65.425,2.056935422239205,0.6417879844466642,0.9568284871155187,0.14825963192577502,-4.72951,3.1,3.45,2050.0,0.9248000000000001,0.1593,0.0046,-0.0279,13.785300000000001
2026-07-28 09:56:16.416000-04:00,CRWV,2027-03-19,200.0,P,5,6,133.25,50,8,43,136.4,50,2026-07-28 06:30:26-04:00,165.0,134.825,3.1500000000000057,0.023363619506768078,234,65.425,2.056935422239205,0.6417879844466642,1.105068381977945,-0.7861392538201835,-2.29351,129.1,131.9,165.0,1.0932,-0.7638,0.0049,-0.0223,17.503600000000002
2026-07-28 09:56:16.419000-04:00,CRWV,2027-06-17,35.0,C,126,65,35.0,50,689,65,38.9,50,2026-07-28 06:30:13-04:00,102.0,36.95,3.8999999999999986,0.1055480378890392,324,65.425,-0.4650363011081391,0.8883633269124176,0.9539169981894168,0.8812728905835958,-2.29651,41.300000000000004,43.0,100.0,0.9883000000000001,0.8954000000000001,0.0027,-0.0205,12.1045
2026-07-28 09:56:19.420000-04:00,CRWV,2027-06-17,35.0,P,702,5,5.25,50,1,7,5.65,50,2026-07-28 06:30:18-04:00,290.0,5.45,0.40000000000000036,0.0733944954128441,324,65.425,-0.4650363011081391,0.8883633269124176,0.957319533785695,-0.11892528709231831,-5.29751,4.8500000000000005,5.15,290.0,0.9681000000000001,-0.1032,0.0027,-0.0166,11.9989
2026-07-28 09:56:19.523000-04:00,CRWV,2027-06-17,37.5,C,254,65,33.8,50,16,65,38.5,50,2026-07-28 06:30:07-04:00,13.0,36.15,4.700000000000003,0.13001383125864463,324,65.425,-0.426824608330149,0.8883633269124176,1.0017697033413713,0.8634380532498696,-5.40051,40.15,41.35,13.0,0.9945,0.8811,0.0029000000000000002,-0.0224,13.271
2026-07-28 09:56:20.084000-04:00,CRWV,2027-06-17,37.5,P,1028,65,5.9,50,495,65,6.75,50,2026-07-28 06:30:01-04:00,1456.0,6.325,0.8499999999999996,0.13438735177865607,324,65.425,-0.426824608330149,0.8883633269124176,0.9493716862222484,-0.13444283295680037,-5.96151,5.7,6.15,1456.0,0.9686,-0.1174,0.003,-0.0181,13.1644
2026-07-28 09:56:17.119000-04:00,CRWV,2027-06-17,40.0,C,635,65,33.0,50,5,4,37.0,50,2026-07-28 06:30:18-04:00,77.0,35.0,4.0,0.11428571428571428,324,65.425,-0.38861291555215893,0.8883633269124176,1.013683482150876,0.8477027829507515,-2.99651,37.9,39.9,76.0,0.9637,0.8682000000000001,0.0033,-0.0233,14.263900000000001
2026-07-28 09:56:16.385000-04:00,CRWV,2027-06-17,40.0,P,806,65,6.95,50,629,65,7.9,50,2026-07-28 06:30:13-04:00,4339.0,7.425000000000001,0.9500000000000002,0.12794612794612795,324,65.425,-0.38861291555215893,0.8883633269124176,0.9533477241520342,-0.15081681004124836,-2.26251,6.4,6.95,4337.0,0.9521000000000001,-0.1312,0.0033,-0.019200000000000002,14.2224
2026-07-28 09:56:16.385000-04:00,CRWV,2027-06-17,42.5,C,14,65,31.900000000000002,50,12,4,35.5,50,2026-07-28 06:30:24-04:00,12.0,33.7,3.599999999999998,0.10682492581602367,324,65.425,-0.35040122277416885,0.8883633269124176,1.010316289678153,0.8322786369197387,-2.26251,36.800000000000004,38.35,12.0,0.9669000000000001,0.8533000000000001,0.0035,-0.025,15.340900000000001
2026-07-28 09:56:20.187000-04:00,CRWV,2027-06-17,42.5,P,418,65,7.8,50,71,65,8.950000000000001,50,2026-07-28 06:30:18-04:00,126.0,8.375,1.1500000000000012,0.13731343283582104,324,65.425,-0.35040122277416885,0.8883633269124176,0.9427547124760376,-0.1669531267541181,-6.06451,7.55,8.1,126.0,0.9601000000000001,-0.1464,0.0035,-0.020800000000000003,15.3247
2026-07-28 09:56:17.683000-04:00,CRWV,2027-06-17,45.0,C,28,65,30.25,50,20,4,34.45,50,2026-07-28 06:30:18-04:00,33.0,32.35,4.200000000000003,0.12982998454404954,324,65.425,-0.31218952999617877,0.8883633269124176,1.0006273413581603,0.8166716519810457,-3.56051,35.550000000000004,36.95,33.0,0.9665,0.8384,0.0037,-0.026600000000000002,16.3523
2026-07-28 09:56:19.523000-04:00,CRWV,2027-06-17,45.0,P,1385,65,8.55,50,469,5,10.0,50,2026-07-28 06:30:30-04:00,662.0,9.275,1.4499999999999993,0.15633423180592984,324,65.425,-0.31218952999617877,0.8883633269124176,0.926483797112949,-0.18344364060651563,-5.40051,8.45,9.15,663.0,0.9527,-0.1612,0.0038,-0.0219,16.332900000000002
2026-07-28 09:56:16.391000-04:00,CRWV,2027-06-17,47.5,C,26,11,29.0,50,12,65,33.0,50,2026-07-28 06:30:13-04:00,22.0,31.0,4.0,0.12903225806451613,324,65.425,-0.2739778372181887,0.8883633269124176,0.9886204145260444,0.8007512916580033,-2.26851,34.35,35.7,22.0,0.9679000000000001,0.8235,0.004,-0.028,17.3089
2026-07-28 09:56:16.709000-04:00,CRWV,2027-06-17,47.5,P,350,5,10.5,50,504,5,11.25,50,2026-07-28 06:30:07-04:00,202.0,10.875,0.75,0.06896551724137931,324,65.425,-0.2739778372181887,0.8883633269124176,0.948932857301375,-0.20005336139123808,-2.58651,9.55,10.35,202.0,0.9526,-0.1763,0.004,-0.023100000000000002,17.303
2026-07-28 09:56:16.395000-04:00,CRWV,2027-06-17,50.0,C,540,65,28.150000000000002,50,131,65,32.0,50,2026-07-28 06:30:01-04:00,115.0,30.075000000000003,3.849999999999998,0.12801330008312545,324,65.425,-0.23576614444019872,0.8883633269124176,0.9982886545448469,0.7854361430466419,-2.27251,33.0,34.4,114.0,0.9612,0.8085,0.004200000000000001,-0.0292,18.2113
2026-07-28 09:56:20.082000-04:00,CRWV,2027-06-17,50.0,P,748,65,11.25,50,368,5,12.35,50,2026-07-28 06:30:24-04:00,374.0,11.8,1.0999999999999996,0.09322033898305081,324,65.425,-0.23576614444019872,0.8883633269124176,0.9288247513427612,-0.21713725148506302,-5.95951,10.6,11.4,412.0,0.9439000000000001,-0.1915,0.0043,-0.024,18.2189
2026-07-28 09:56:18.587000-04:00,CRWV,2027-06-17,55.0,C,719,65,25.650000000000002,50,471,65,29.5,50,2026-07-28 06:30:30-04:00,84.0,27.575000000000003,3.849999999999998,0.13961922030825014,324,65.425,-0.15934275888421856,0.8883633269124176,0.9742915160951209,0.7528461824557756,-4.46451,30.6,31.85,84.0,0.9497000000000001,0.7781,0.0046,-0.031400000000000004,19.8749
2026-07-28 09:56:17.219000-04:00,CRWV,2027-06-17,55.0,P,1029,65,13.5,50,72,11,14.950000000000001,50,2026-07-28 06:30:13-04:00,1166.0,14.225000000000001,1.450000000000001,0.10193321616871712,324,65.425,-0.15934275888421856,0.8883633269124176,0.914489725643319,-0.25144150372537455,-3.09651,12.9,13.8,1165.0,0.9333,-0.2225,0.0047,-0.0256,19.907700000000002
2026-07-28 09:56:17.291000-04:00,CRWV,2027-06-17,60.0,C,602,5,24.150000000000002,50,79,65,25.35,50,2026-07-28 06:30:07-04:00,157.0,24.75,1.1999999999999993,0.04848484848484846,324,65.425,-0.0829193733282384,0.8883633269124176,0.9288766938824674,0.7168988287722892,-3.16851,28.5,29.650000000000002,157.0,0.9461,0.7479,0.005,-0.0334,21.320500000000003
2026-07-28 09:56:17.411000-04:00,CRWV,2027-06-17,60.0,P,958,65,16.35,50,55,65,17.8,50,2026-07-28 06:30:01-04:00,1958.0,17.075000000000003,1.4499999999999993,0.08491947291361635,324,65.425,-0.0829193733282384,0.8883633269124176,0.9128146695814882,-0.2848561049930267,-3.28851,15.700000000000001,16.2,1964.0,0.9267000000000001,-0.2535,0.0051,-0.027100000000000003,21.384900000000002
2026-07-28 09:56:18.567000-04:00,CRWV,2027-06-17,62.5,C,670,65,22.95,50,776,65,25.25,50,2026-07-28 06:30:18-04:00,70.0,24.1,2.3000000000000007,0.09543568464730293,324,65.425,-0.04470768055024832,0.8883633269124176,0.9406366548782529,0.7024471885270336,-4.44451,27.85,28.6,70.0,0.9518000000000001,0.7336,0.0051,-0.0344,21.936500000000002
2026-07-28 09:56:18.549000-04:00,CRWV,2027-06-17,62.5,P,807,65,17.95,50,298,5,19.5,50,2026-07-28 06:30:13-04:00,143.0,18.725,1.5500000000000007,0.08277703604806412,324,65.425,-0.04470768055024832,0.8883633269124176,0.9193378333382058,-0.30032810454860104,-4.42651,16.9,17.85,143.0,0.926,-0.2687,0.0053,-0.027700000000000002,22.036
2026-07-28 09:56:17.209000-04:00,CRWV,2027-06-17,65.0,C,615,5,22.45,50,925,65,24.35,50,2026-07-28 06:30:24-04:00,126.0,23.4,1.9000000000000021,0.0811965811965813,324,65.425,-0.006495987772258238,0.8883633269124176,0.9477012113398832,0.6880093016759168,-3.08651,26.0,27.55,126.0,0.9286000000000001,0.7165,0.0054,-0.0347,22.6204
2026-07-28 09:56:20.088000-04:00,CRWV,2027-06-17,65.0,P,254,5,20.25,50,537,5,20.900000000000002,50,2026-07-28 06:30:18-04:00,16415.0,20.575000000000003,0.6500000000000021,0.03159173754556511,324,65.425,-0.006495987772258238,0.8883633269124176,0.9327734379918151,-0.31423612239248233,-5.96551,18.55,19.150000000000002,14416.0,0.9261,-0.2837,0.0054,-0.028300000000000002,22.6309
2026-07-28 09:56:18.481000-04:00,CRWV,2027-06-17,67.5,C,356,65,21.650000000000002,50,699,65,23.75,50,2026-07-28 06:30:07-04:00,48.0,22.700000000000003,2.099999999999998,0.09251101321585893,324,65.425,0.03171570500573173,0.8883633269124176,0.9527575513048072,0.6737673750453657,-4.35851,25.150000000000002,26.6,47.0,0.9287000000000001,0.7017,0.0055000000000000005,-0.0354,23.1632
2026-07-28 09:56:19.523000-04:00,CRWV,2027-06-17,67.5,P,444,65,19.5,50,209,5,22.6,50,2026-07-28 06:30:01-04:00,1214.0,21.05,3.1000000000000014,0.14726840855106896,324,65.425,0.03171570500573173,0.8883633269124176,0.8825753541944731,-0.33820313047325945,-5.40051,19.85,20.8,1212.0,0.9241,-0.2988,0.0056,-0.028800000000000003,23.1843
2026-07-28 09:56:20.154000-04:00,CRWV,2027-06-17,70.0,C,738,5,20.5,50,308,5,22.1,50,2026-07-28 06:30:30-04:00,167.0,21.3,1.6000000000000014,0.07511737089201885,324,65.425,0.06992739778372181,0.8883633269124176,0.9251704658156743,0.653826934889296,-6.03151,24.3,25.75,145.0,0.9293,0.6873,0.0057,-0.0361,23.654600000000002
2026-07-28 09:56:20.086000-04:00,CRWV,2027-06-17,70.0,P,568,65,22.85,50,303,5,24.1,50,2026-07-28 06:30:13-04:00,3808.0,23.475,1.25,0.05324813631522896,324,65.425,0.06992739778372181,0.8883633269124176,0.9178507711618041,-0.3475652840225999,-5.96351,21.45,22.150000000000002,3789.0,0.9209,-0.3139,0.0057,-0.0291,23.6948
2026-07-28 09:56:17.050000-04:00,CRWV,2027-06-17,72.5,C,595,5,20.150000000000002,50,327,5,21.1,50,2026-07-28 06:30:24-04:00,101.0,20.625,0.9499999999999993,0.046060606060606024,324,65.425,0.10813909056171189,0.8883633269124176,0.9284055674794426,0.6395425267022137,-2.92751,23.35,24.8,99.0,0.9241,0.6721,0.0058000000000000005,-0.0366,24.1278
2026-07-28 09:56:20.129000-04:00,CRWV,2027-06-17,72.5,P,460,65,24.650000000000002,50,202,5,25.75,50,2026-07-28 06:30:24-04:00,586.0,25.200000000000003,1.0999999999999979,0.04365079365079356,324,65.425,0.10813909056171189,0.8883633269124176,0.9203153431308597,-0.3621500001200515,-6.00651,22.85,24.0,586.0,0.9221,-0.3281,0.0058000000000000005,-0.029500000000000002,24.137600000000003
2026-07-28 09:56:18.436000-04:00,CRWV,2027-06-17,75.0,C,530,65,19.25,50,1312,65,22.5,50,2026-07-28 06:30:07-04:00,257.0,20.875,3.25,0.15568862275449102,324,65.425,0.14635078333970197,0.8883633269124176,0.9698517374885772,0.6342431758671182,-4.31351,23.0,23.95,257.0,0.932,0.6594,0.0058000000000000005,-0.0374,24.491200000000003
2026-07-28 09:56:18.705000-04:00,CRWV,2027-06-17,75.0,P,394,65,26.5,50,327,5,27.55,50,2026-07-28 06:30:01-04:00,6774.0,27.025,1.0500000000000007,0.03885291396854767,324,65.425,0.14635078333970197,0.8883633269124176,0.9255486656852469,-0.3757052398763703,-4.58251,24.5,25.7,6773.0,0.9243,-0.34190000000000004,0.0059,-0.029900000000000003,24.53
2026-07-28 09:56:20.126000-04:00,CRWV,2027-06-17,77.5,C,1,31,19.1,50,1091,65,21.25,50,2026-07-28 06:30:13-04:00,82.0,20.175,2.1499999999999986,0.10656753407682769,324,65.425,0.18456247611769205,0.8883633269124176,0.9686865997779193,0.6203929091829317,-6.00351,22.150000000000002,23.150000000000002,82.0,0.9295,0.6451,0.0059,-0.0378,24.864600000000003
2026-07-28 09:56:17.247000-04:00,CRWV,2027-06-17,77.5,P,302,65,26.0,50,207,5,29.150000000000002,50,2026-07-28 06:30:18-04:00,184.0,27.575000000000003,3.150000000000002,0.11423390752493207,324,65.425,0.18456247611769205,0.8883633269124176,0.87565195756908,-0.4025576420177862,-3.12451,26.2,27.25,186.0,0.9227000000000001,-0.3562,0.006,-0.030100000000000002,24.8987
2026-07-28 09:56:17.925000-04:00,CRWV,2027-06-17,80.0,C,1,46,18.5,50,694,65,19.55,50,2026-07-28 06:30:24-04:00,294.0,19.025,1.0500000000000007,0.05519053876478322,324,65.425,0.22277416889568213,0.8883633269124176,0.9474093174226353,0.6016277547295524,-3.80251,21.45,22.35,303.0,0.9286000000000001,0.6314000000000001,0.006,-0.038200000000000005,25.189700000000002
2026-07-28 09:56:18.449000-04:00,CRWV,2027-06-17,80.0,P,509,65,29.7,50,209,65,30.95,50,2026-07-28 06:30:18-04:00,814.0,30.325,1.25,0.041220115416323165,324,65.425,0.22277416889568213,0.8883633269124176,0.9171240807465274,-0.40630831146365365,-4.32651,27.8,28.8,814.0,0.9183,-0.3708,0.0061,-0.0302,25.2402
2026-07-28 09:56:19.523000-04:00,CRWV,2027-06-17,82.5,C,711,65,17.0,50,745,65,20.5,50,2026-07-28 06:30:13-04:00,57.0,18.75,3.5,0.18666666666666668,324,65.425,0.2609858616736722,0.8883633269124176,0.9618846807565101,0.5922302367103306,-5.40051,20.650000000000002,21.6,58.0,0.9253,0.6173000000000001,0.0061,-0.0385,25.488200000000003
2026-07-28 09:56:16.427000-04:00,CRWV,2027-06-17,82.5,P,1070,65,30.1,50,259,65,32.9,50,2026-07-28 06:30:07-04:00,170.0,31.5,2.799999999999997,0.0888888888888888,324,65.425,0.2609858616736722,0.8883633269124176,0.8915573867664317,-0.4274823011507689,-2.30451,29.45,30.5,162.0,0.9164,-0.38480000000000003,0.006200000000000001,-0.0302,25.5301
2026-07-28 09:56:20.088000-04:00,CRWV,2027-06-17,85.0,C,315,65,16.8,50,738,5,18.2,50,2026-07-28 06:30:30-04:00,352.0,17.5,1.3999999999999986,0.07999999999999992,324,65.425,0.2991975544516623,0.8883633269124176,0.934702952107421,0.5714990245056619,-5.96551,20.150000000000002,20.900000000000002,351.0,0.9281,0.6049,0.006200000000000001,-0.038900000000000004,25.722
2026-07-28 09:56:19.671000-04:00,CRWV,2027-06-17,85.0,P,775,65,32.75,50,200,65,34.550000000000004,50,2026-07-28 06:30:13-04:00,3472.0,33.650000000000006,1.8000000000000043,0.053491827637444395,324,65.425,0.2991975544516623,0.8883633269124176,0.9052998955912763,-0.4372753028786125,-5.54851,31.25,32.35,3476.0,0.9196000000000001,-0.3972,0.006200000000000001,-0.0304,25.759900000000002
2026-07-28 09:56:19.523000-04:00,CRWV,2027-06-17,87.5,C,483,65,16.1,50,749,65,19.0,50,2026-07-28 06:30:18-04:00,108.0,17.55,2.8999999999999986,0.16524216524216515,324,65.425,0.3374092472296524,0.8883633269124176,0.9603272591083565,0.5663888280435452,-5.40051,18.75,20.25,108.0,0.9135000000000001,0.5881000000000001,0.0063,-0.038700000000000005,25.9954
2026-07-28 09:56:19.523000-04:00,CRWV,2027-06-17,87.5,P,282,65,33.5,50,258,5,36.6,50,2026-07-28 06:30:24-04:00,285.0,35.05,3.1000000000000014,0.08844507845934384,324,65.425,0.3374092472296524,0.8883633269124176,0.8871294814132303,-0.456543686084113,-5.40051,32.85,34.25,285.0,0.9186000000000001,-0.41040000000000004,0.0063,-0.0304,25.974800000000002
2026-07-28 09:56:18.999000-04:00,CRWV,2027-06-17,90.0,C,692,5,15.450000000000001,50,706,5,16.9,50,2026-07-28 06:30:07-04:00,1038.0,16.175,1.4499999999999975,0.08964451313755781,324,65.425,0.37562094000764246,0.8883633269124176,0.9263711136171802,0.5431848308536423,-4.87651,18.7,19.650000000000002,1037.0,0.9247000000000001,0.5785,0.0063,-0.0393,26.129900000000003
2026-07-28 09:56:19.326000-04:00,CRWV,2027-06-17,90.0,P,670,65,36.75,50,284,5,38.45,50,2026-07-28 06:30:01-04:00,1811.0,37.6,1.7000000000000028,0.04521276595744688,324,65.425,0.37562094000764246,0.8883633269124176,0.9149878984584693,-0.46056350985656735,-5.20351,34.85,36.050000000000004,1805.0,0.9223,-0.42200000000000004,0.0063,-0.030500000000000003,26.1388
2026-07-28 09:56:19.523000-04:00,CRWV,2027-06-17,92.5,C,556,65,14.950000000000001,50,872,65,18.0,50,2026-07-28 06:30:30-04:00,121.0,16.475,3.049999999999999,0.1851289833080424,324,65.425,0.41383263278563254,0.8883633269124176,0.9601130295109633,0.5420563135123445,-5.40051,17.55,19.0,118.0,0.913,0.5627,0.0064,-0.0391,26.3186
2026-07-28 09:56:18.195000-04:00,CRWV,2027-06-17,92.5,P,422,65,37.0,50,270,65,40.5,50,2026-07-28 06:30:13-04:00,199.0,38.75,3.5,0.09032258064516129,324,65.425,0.41383263278563254,0.8883633269124176,0.8847458354383345,-0.4838269315790843,-4.07251,36.550000000000004,37.7,192.0,0.9164,-0.43620000000000003,0.0064,-0.0303,26.3075
2026-07-28 09:56:16.646000-04:00,CRWV,2027-06-17,95.0,C,564,65,14.450000000000001,50,720,65,16.25,50,2026-07-28 06:30:24-04:00,296.0,15.350000000000001,1.799999999999999,0.11726384364820838,324,65.425,0.4520443255636226,0.8883633269124176,0.9347717140179601,0.5215329615780097,-2.52351,17.0,18.35,303.0,0.9119,0.5501,0.0064,-0.0392,26.437800000000003
2026-07-28 09:56:18.671000-04:00,CRWV,2027-06-17,95.0,P,983,65,39.15,50,230,5,42.2,50,2026-07-28 06:30:18-04:00,304.0,40.675,3.0500000000000043,0.07498463429625088,324,65.425,0.4520443255636226,0.8883633269124176,0.8851911489177084,-0.49641510283272483,-4.54851,38.5,39.5,309.0,0.9176000000000001,-0.448,0.0064,-0.0302,26.4222
2026-07-28 09:56:19.899000-04:00,CRWV,2027-06-17,97.5,C,412,65,14.05,50,890,65,17.0,50,2026-07-28 06:30:24-04:00,192.0,15.525,2.9499999999999993,0.19001610305958128,324,65.425,0.4902560183416127,0.8883633269124176,0.961574501578763,0.5194390962467613,-5.77651,16.9,17.8,192.0,0.9205000000000001,0.541,0.0064,-0.0396,26.5075
2026-07-28 09:56:18.784000-04:00,CRWV,2027-06-17,97.5,P,1095,65,41.050000000000004,50,283,65,44.35,50,2026-07-28 06:30:18-04:00,1217.0,42.7,3.299999999999997,0.07728337236533951,324,65.425,0.4902560183416127,0.8883633269124176,0.8888209117532951,-0.5074370476913762,-4.66151,40.15,41.6,1215.0,0.9175000000000001,-0.45990000000000003,0.0064,-0.030100000000000002,26.514200000000002
2026-07-28 09:56:17.609000-04:00,CRWV,2027-06-17,100.0,C,8,5,13.75,50,718,65,14.9,50,2026-07-28 06:30:30-04:00,1239.0,14.325,1.1500000000000004,0.08027923211169287,324,65.425,0.5284677111196026,0.8883633269124176,0.9316556735766535,0.49713843543484937,-3.48651,16.5,17.150000000000002,1232.0,0.9204,0.5294,0.0064,-0.0396,26.5761
2026-07-28 09:56:19.852000-04:00,CRWV,2027-06-17,100.0,P,704,65,44.35,50,259,65,46.25,50,2026-07-28 06:30:12-04:00,341.0,45.3,1.8999999999999986,0.04194260485651211,324,65.425,0.5284677111196026,0.8883633269124176,0.9150085950061448,-0.5092293229815829,-5.72951,42.25,43.4,340.0,0.9196000000000001,-0.4708,0.0064,-0.030000000000000002,26.5774
2026-07-28 09:56:17.795000-04:00,CRWV,2027-06-17,105.0,C,421,65,12.65,50,771,65,14.4,50,2026-07-28 06:30:07-04:00,538.0,13.525,1.75,0.12939001848428835,324,65.425,0.6048910966755827,0.8883633269124176,0.9346721248620359,0.4761995019328568,-3.67251,15.35,16.15,538.0,0.9176000000000001,0.506,0.006500000000000001,-0.0396,26.6457
2026-07-28 09:56:18.116000-04:00,CRWV,2027-06-17,105.0,P,993,65,47.550000000000004,50,116,5,50.1,50,2026-07-28 06:30:01-04:00,2246.0,48.825,2.549999999999997,0.05222734254992313,324,65.425,0.6048910966755827,0.8883633269124176,0.8969538511840376,-0.5392334640473071,-3.99351,45.95,47.2,2246.0,0.916,-0.49450000000000005,0.006500000000000001,-0.029400000000000003,26.6463
2026-07-28 09:56:18.045000-04:00,CRWV,2027-06-17,110.0,C,600,5,11.8,50,761,65,13.15,50,2026-07-28 06:30:24-04:00,1160.0,12.475000000000001,1.3499999999999996,0.10821643286573142,324,65.425,0.6813144822315629,0.8883633269124176,0.9247287661240244,0.4510010210793716,-3.92251,14.5,15.15,1160.0,0.9171,0.4844,0.006500000000000001,-0.0395,26.628400000000003
2026-07-28 09:56:18.614000-04:00,CRWV,2027-06-17,110.0,P,230,65,51.5,50,275,5,54.550000000000004,50,2026-07-28 06:30:18-04:00,694.0,53.025000000000006,3.0500000000000043,0.057520037718057596,324,65.425,0.6813144822315629,0.8883633269124176,0.9035859554385031,-0.5581082631972369,-4.49151,49.9,51.5,694.0,0.9239,-0.5129,0.0064,-0.0291,26.634700000000002
2026-07-28 09:56:18.118000-04:00,CRWV,2027-06-17,115.0,C,528,65,11.0,50,687,5,12.35,50,2026-07-28 06:30:30-04:00,552.0,11.675,1.3499999999999996,0.11563169164882223,324,65.425,0.757737867787543,0.8883633269124176,0.9224350986008513,0.4298597389177892,-3.99551,13.200000000000001,14.25,531.0,0.9078,0.46,0.006500000000000001,-0.038900000000000004,26.5153
2026-07-28 09:56:16.391000-04:00,CRWV,2027-06-17,115.0,P,260,65,55.5,50,210,65,58.65,50,2026-07-28 06:30:13-04:00,126.0,57.075,3.1499999999999986,0.05519053876478315,324,65.425,0.757737867787543,0.8883633269124176,0.9015007058481616,-0.5795708252956,-2.26851,54.0,55.6,126.0,0.9281,-0.5315,0.0064,-0.0287,26.5654
2026-07-28 09:56:17.588000-04:00,CRWV,2027-06-17,120.0,C,447,65,10.3,50,650,65,11.6,50,2026-07-28 06:30:07-04:00,1232.0,10.95,1.299999999999999,0.11872146118721452,324,65.425,0.8341612533435232,0.8883633269124176,0.92089561413595,0.41001268941365665,-3.46551,12.55,13.4,1227.0,0.9093,0.441,0.0064,-0.0386,26.3575
2026-07-28 09:56:18.786000-04:00,CRWV,2027-06-17,120.0,P,737,65,60.65,50,222,65,62.9,50,2026-07-28 06:30:01-04:00,104.0,61.775,2.25,0.03642250101173614,324,65.425,0.8341612533435232,0.8883633269124176,0.9241739534629861,-0.5884738200835886,-4.66351,57.9,59.550000000000004,104.0,0.9232,-0.5528000000000001,0.0064,-0.027700000000000002,26.4141
2026-07-28 09:56:18.220000-04:00,CRWV,2027-06-17,125.0,C,351,5,9.75,50,562,5,11.05,50,2026-07-28 06:30:24-04:00,673.0,10.4,1.3000000000000007,0.12500000000000006,324,65.425,0.9105846388995034,0.8883633269124176,0.9245573131882581,0.3935754939018985,-4.09751,11.65,12.65,673.0,0.906,0.4208,0.0064,-0.0381,26.1228
2026-07-28 09:56:18.737000-04:00,CRWV,2027-06-17,125.0,P,471,5,65.25,50,166,65,67.5,50,2026-07-28 06:30:18-04:00,112.0,66.375,2.25,0.03389830508474576,324,65.425,0.9105846388995034,0.8883633269124176,0.940877957217422,-0.5987369028528438,-4.61451,62.2,63.6,112.0,0.9261,-0.5700000000000001,0.0063,-0.027,26.2364
2026-07-28 09:56:18.472000-04:00,CRWV,2027-06-17,130.0,C,496,65,9.05,50,474,5,10.200000000000001,50,2026-07-28 06:30:30-04:00,702.0,9.625,1.1500000000000004,0.11948051948051952,324,65.425,0.9870080244554835,0.8883633269124176,0.9167093813952144,0.3725356104595363,-4.34951,10.950000000000001,11.950000000000001,708.0,0.9053,0.4026,0.0063,-0.037700000000000004,25.8518
2026-07-28 09:56:18.462000-04:00,CRWV,2027-06-17,130.0,P,682,65,69.4,50,253,65,71.95,50,2026-07-28 06:30:13-04:00,67.0,70.67500000000001,2.549999999999997,0.03608065086664304,324,65.425,0.9870080244554835,0.8883633269124176,0.9432523396964579,-0.6146005547896146,-4.33951,66.1,68.3,67.0,0.9317000000000001,-0.5850000000000001,0.006200000000000001,-0.0264,26.0408
2026-07-28 09:56:17.672000-04:00,CRWV,2027-06-17,135.0,C,646,65,8.5,50,788,5,9.85,50,2026-07-28 06:30:07-04:00,542.0,9.175,1.3499999999999996,0.14713896457765663,324,65.425,1.0634314100114635,0.8883633269124176,0.9209112281239594,0.3582312623312225,-3.54951,10.35,11.25,570.0,0.9046000000000001,0.38530000000000003,0.0063,-0.0371,25.5407
2026-07-28 09:56:18.294000-04:00,CRWV,2027-06-17,135.0,P,193,65,73.0,50,261,5,76.45,50,2026-07-28 06:30:01-04:00,13.0,74.725,3.450000000000003,0.046169287387086026,324,65.425,1.0634314100114635,0.8883633269124176,0.9331289895600302,-0.6357024569559624,-4.17151,70.85000000000001,72.35000000000001,13.0,0.9394,-0.598,0.0061,-0.025900000000000003,25.839000000000002
2026-07-28 09:56:20.086000-04:00,CRWV,2027-06-17,140.0,C,334,65,8.15,50,692,65,9.5,50,2026-07-28 06:30:24-04:00,629.0,8.825,1.3499999999999996,0.15297450424929177,324,65.425,1.1398547955674436,0.8883633269124176,0.9279348656397637,0.346263404006393,-5.96351,10.0,10.65,631.0,0.9089,0.3713,0.006200000000000001,-0.0369,25.25
2026-07-28 09:56:20.002000-04:00,CRWV,2027-06-17,140.0,P,153,65,77.5,50,218,65,80.8,50,2026-07-28 06:30:18-04:00,39.0,79.15,3.299999999999997,0.04169298799747311,324,65.425,1.1398547955674436,0.8883633269124176,0.9374369618877471,-0.6489582735978248,-5.87951,74.75,76.05,39.0,0.9221,-0.6222,0.0061,-0.0241,25.388
2026-07-28 09:56:18.445000-04:00,CRWV,2027-06-17,145.0,C,530,65,7.5,50,461,5,8.6,50,2026-07-28 06:30:30-04:00,289.0,8.05,1.0999999999999996,0.1366459627329192,324,65.425,1.2162781811234238,0.8883633269124176,0.9145512860815466,0.32468724898592516,-4.32251,9.200000000000001,10.05,289.0,0.9029,0.3529,0.0061,-0.036000000000000004,24.8166
2026-07-28 09:56:19.523000-04:00,CRWV,2027-06-17,145.0,P,314,65,82.0,50,230,65,85.25,50,2026-07-28 06:30:13-04:00,119.0,83.625,3.25,0.03886397608370702,324,65.425,1.2162781811234238,0.8883633269124176,0.9425326261108007,-0.6609849449706761,-5.40051,79.60000000000001,80.85000000000001,119.0,0.9434,-0.627,0.006,-0.024200000000000003,25.2867
2026-07-28 09:56:18.469000-04:00,CRWV,2027-06-17,150.0,C,1,5,7.5,50,652,65,8.2,50,2026-07-28 06:30:07-04:00,4245.0,7.85,0.6999999999999993,0.0891719745222929,324,65.425,1.292701566679404,0.8883633269124176,0.9254903978504485,0.3163704446749981,-4.34651,8.85,9.4,4223.0,0.9034000000000001,0.33840000000000003,0.006,-0.0354,24.4337
2026-07-28 09:56:16.579000-04:00,CRWV,2027-06-17,150.0,P,363,65,87.75,50,170,65,89.8,50,2026-07-28 06:30:01-04:00,79.0,88.775,2.049999999999997,0.023092086736130633,324,65.425,1.292701566679404,0.8883633269124176,0.9763965858324721,-0.6577124595392304,-2.45651,83.55,86.0,79.0,0.9528000000000001,-0.6366,0.0058000000000000005,-0.0238,25.0694
2026-07-28 09:56:18.493000-04:00,CRWV,2027-06-17,155.0,C,442,5,6.75,50,1063,65,8.5,50,2026-07-28 06:30:24-04:00,562.0,7.625,1.75,0.22950819672131148,324,65.425,1.369124952235384,0.8883633269124176,0.9342291360124725,0.30767799235853344,-4.37051,8.2,9.05,562.0,0.9025000000000001,0.324,0.0059,-0.0347,24.0135
2026-07-28 09:56:17.484000-04:00,CRWV,2027-06-17,155.0,P,334,65,92.25,50,158,65,94.35000000000001,50,2026-07-28 06:30:18-04:00,31.0,93.30000000000001,2.1000000000000085,0.02250803858520909,324,65.425,1.369124952235384,0.8883633269124176,0.9816473556459316,-0.6680586817953471,-3.36151,87.65,90.15,31.0,0.9442,-0.6545000000000001,0.0058000000000000005,-0.0222,24.622
2026-07-28 09:56:20.084000-04:00,CRWV,2027-06-17,160.0,C,475,65,6.3500000000000005,50,1262,65,8.05,50,2026-07-28 06:30:30-04:00,1007.0,7.200000000000001,1.7000000000000002,0.2361111111111111,324,65.425,1.4455483377913643,0.8883633269124176,0.9325906066014367,0.29425697926966554,-5.96151,7.75,8.55,1007.0,0.9015000000000001,0.31020000000000003,0.0058000000000000005,-0.034,23.5755
2026-07-28 09:56:19.716000-04:00,CRWV,2027-06-17,160.0,P,106,65,95.5,50,105,65,99.0,50,2026-07-28 06:30:12-04:00,69.0,97.25,3.5,0.03598971722365039,324,65.425,1.4455483377913643,0.8883633269124176,0.9595836038241248,-0.6917049396505697,-5.59351,93.05,94.75,69.0,0.9696,-0.6548,0.0056,-0.0227,24.6161
2026-07-28 09:56:17.813000-04:00,CRWV,2027-06-17,165.0,C,595,5,6.05,50,747,65,7.1000000000000005,50,2026-07-28 06:30:07-04:00,2112.0,6.575,1.0500000000000007,0.1596958174904944,324,65.425,1.5219717233473444,0.8883633269124176,0.9200152001363175,0.2756526234670399,-3.69051,7.3500000000000005,8.1,2112.0,0.901,0.2973,0.0057,-0.0333,23.1309
2026-07-28 09:56:20.186000-04:00,CRWV,2027-06-17,165.0,P,574,65,100.75,50,82,65,103.9,50,2026-07-28 06:30:01-04:00,145.0,102.325,3.1500000000000057,0.03078426581969221,324,65.425,1.5219717233473444,0.8883633269124176,0.9878618598086644,-0.6890409473960737,-6.06351,97.4,99.65,145.0,0.9788,-0.6624,0.0055000000000000005,-0.0222,24.4068
2026-07-28 09:56:19.899000-04:00,CRWV,2027-06-17,170.0,C,418,65,5.75,50,718,65,6.8500000000000005,50,2026-07-28 06:30:24-04:00,1967.0,6.300000000000001,1.1000000000000005,0.17460317460317468,324,65.425,1.5983951089033246,0.8883633269124176,0.9230345823630198,0.2658774328060799,-5.77651,7.15,7.7,1966.0,0.905,0.2874,0.0056,-0.0329,22.7698
2026-07-28 09:56:16.390000-04:00,CRWV,2027-06-17,170.0,P,107,65,105.0,50,77,65,108.3,50,2026-07-28 06:30:18-04:00,64.0,106.65,3.299999999999997,0.030942334739803064,324,65.425,1.5983951089033246,0.8883633269124176,0.9807053735283712,-0.703951067920761,-2.26751,101.9,103.7,64.0,0.9730000000000001,-0.6771,0.0055000000000000005,-0.020800000000000003,23.9764
2026-07-28 09:56:20.084000-04:00,CRWV,2027-06-17,175.0,C,402,5,5.45,50,956,65,6.95,50,2026-07-28 06:30:20-04:00,723.0,6.2,1.5,0.24193548387096772,324,65.425,1.6748184944593048,0.8883633269124176,0.9338747114017567,0.2608114832900714,-5.96151,6.65,7.25,723.0,0.9004000000000001,0.2735,0.0055000000000000005,-0.032,22.2302
2026-07-28 09:56:16.384000-04:00,CRWV,2027-06-17,175.0,P,174,65,109.85000000000001,50,65,65,113.0,50,2026-07-28 06:30:31-04:00,9.0,111.42500000000001,3.1499999999999915,0.028270136863360926,324,65.425,1.6748184944593048,0.8883633269124176,0.9936829868667121,-0.7080165201456396,-2.26151,105.9,108.45,9.0,0.9698,-0.6900000000000001,0.0054,-0.0196,23.564700000000002
2026-07-28 09:56:20.147000-04:00,CRWV,2027-06-17,180.0,C,612,65,5.05,50,710,5,6.2,50,2026-07-28 06:30:20-04:00,359.0,5.625,1.1500000000000004,0.2044444444444445,324,65.425,1.751241880015285,0.8883633269124176,0.9197837755539122,0.24304492643976994,-6.02451,6.4,6.9,363.0,0.9024000000000001,0.2636,0.0054,-0.031400000000000004,21.823900000000002
2026-07-28 09:56:16.805000-04:00,CRWV,2027-06-17,180.0,P,197,65,114.95,50,81,65,118.15,50,2026-07-28 06:30:03-04:00,20.0,116.55000000000001,3.200000000000003,0.027456027456027477,324,65.425,1.751241880015285,0.8883633269124176,1.0225482935821328,-0.7035189321885085,-2.68251,111.2,113.8,20.0,1.0065,-0.682,0.0053,-0.020800000000000003,23.822100000000002
2026-07-28 09:56:17.661000-04:00,CRWV,2027-06-17,185.0,C,484,65,4.8500000000000005,50,1010,65,6.3500000000000005,50,2026-07-28 06:30:03-04:00,166.0,5.6000000000000005,1.5,0.26785714285714285,324,65.425,1.827665265571265,0.8883633269124176,0.9330049417302022,0.24026358668969905,-3.53851,6.1000000000000005,6.6000000000000005,164.0,0.9035000000000001,0.2538,0.0053,-0.0309,21.3996
2026-07-28 09:56:16.390000-04:00,CRWV,2027-06-17,185.0,P,36,65,119.0,50,72,65,122.85000000000001,50,2026-07-28 06:30:26-04:00,2.0,120.92500000000001,3.8500000000000085,0.0318379160636759,324,65.425,1.827665265571265,0.8883633269124176,1.0153871632730882,-0.7169216498835662,-2.26751,115.85000000000001,117.3,2.0,0.9891000000000001,-0.7011000000000001,0.005200000000000001,-0.0187,23.1832
2026-07-28 09:56:19.515000-04:00,CRWV,2027-06-17,190.0,C,428,5,4.65,50,522,5,5.5,50,2026-07-28 06:30:03-04:00,985.0,5.075,0.8499999999999996,0.16748768472906397,324,65.425,1.9040886511272452,0.8883633269124176,0.9190382525473043,0.2235595437190947,-5.39251,5.8500000000000005,6.25,988.0,0.9037000000000001,0.24400000000000002,0.0051,-0.0302,20.9561
2026-07-28 09:56:17.794000-04:00,CRWV,2027-06-17,190.0,P,30,5,124.0,50,30,65,127.75,50,2026-07-28 06:30:26-04:00,3.0,125.875,3.75,0.029791459781529295,324,65.425,1.9040886511272452,0.8883633269124176,1.034981207442637,-0.7163065425031572,-3.67151,120.3,122.4,3.0,1.0012,-0.7048,0.0051,-0.0184,23.0549
2026-07-28 09:56:19.672000-04:00,CRWV,2027-06-17,195.0,C,766,65,4.3500000000000005,50,1280,65,5.8,50,2026-07-28 06:30:20-04:00,1707.0,5.075,1.4499999999999993,0.2857142857142856,324,65.425,1.9805120366832254,0.8883633269124176,0.9324495918153496,0.22174933781613693,-5.54951,5.45,6.0,1706.0,0.9016000000000001,0.23340000000000002,0.005,-0.029400000000000003,20.453500000000002
2026-07-28 09:56:16.377000-04:00,CRWV,2027-06-17,195.0,P,39,65,128.5,50,76,65,132.35,50,2026-07-28 06:30:30-04:00,0.0,130.425,3.8499999999999943,0.029518880582710325,324,65.425,1.9805120366832254,0.8883633269124176,1.0348127335002666,-0.7253429452857192,-2.25451,124.8,127.65,0.0,1.0167000000000002,-0.7062,0.005,-0.0184,23.0012
2026-07-28 09:56:17.788000-04:00,CRWV,2027-06-17,200.0,C,1,7,4.3,50,504,65,4.95,50,2026-07-28 06:30:09-04:00,2730.0,4.625,0.6500000000000004,0.1405405405405406,324,65.425,2.056935422239205,0.8883633269124176,0.9203423341388918,0.20694926472162078,-3.66551,5.3,5.7,2709.0,0.9041,0.2257,0.0049,-0.028900000000000002,20.073700000000002
2026-07-28 09:56:16.377000-04:00,CRWV,2027-06-17,200.0,P,45,65,133.5,50,59,65,137.20000000000002,50,2026-07-28 06:30:26-04:00,18.0,135.35000000000002,3.700000000000017,0.027336534909494024,324,65.425,2.056935422239205,0.8883633269124176,1.0522950453497044,-0.7250887561324223,-2.25451,129.85,132.15,18.0,1.0278,-0.7096,0.0049,-0.0181,22.877000000000002
2026-07-28 09:56:20.259000-04:00,CRWV,2027-09-17,35.0,C,7,11,37.5,50,7,11,41.4,50,2026-07-28 06:30:25-04:00,2.0,39.45,3.8999999999999986,0.09885931558935357,416,65.425,-0.4650363011081391,1.1404181214329654,1.0064664003931227,0.8765983559763157,-6.13651,42.45,44.65,2.0,0.9599000000000001,0.8925000000000001,0.0025,-0.018000000000000002,13.992500000000001
2026-07-28 09:56:20.260000-04:00,CRWV,2027-09-17,35.0,P,138,65,6.5,50,39,65,7.2,50,2026-07-28 06:30:19-04:00,109.0,6.85,0.7000000000000002,0.10218978102189784,416,65.425,-0.4650363011081391,1.1404181214329654,0.9538181770930846,-0.12215108779860162,-6.13751,6.05,6.55,109.0,0.9574,-0.1073,0.0025,-0.0146,13.982800000000001
2026-07-28 09:56:20.259000-04:00,CRWV,2027-09-17,37.5,C,5,6,36.25,50,6,65,40.5,50,2026-07-28 06:30:08-04:00,11.0,38.375,4.25,0.11074918566775244,416,65.425,-0.426824608330149,1.1404181214329654,1.0177353605339907,0.8629814238382096,-6.13651,40.800000000000004,43.45,11.0,0.9560000000000001,0.8796,0.0027,-0.0193,15.1639
2026-07-28 09:56:20.259000-04:00,CRWV,2027-09-17,37.5,P,638,65,7.2,50,750,65,9.0,50,2026-07-28 06:30:13-04:00,10.0,8.1,1.7999999999999998,0.2222222222222222,416,65.425,-0.426824608330149,1.1404181214329654,0.9641128809922924,-0.13658474305777168,-6.13651,7.0,7.5,10.0,0.9525,-0.1202,0.0027,-0.015700000000000002,15.154100000000001
2026-07-28 09:56:20.259000-04:00,CRWV,2027-09-17,40.0,C,216,65,35.15,50,252,65,38.45,50,2026-07-28 06:30:02-04:00,11.0,36.8,3.3000000000000043,0.08967391304347838,416,65.425,-0.38861291555215893,1.1404181214329654,0.9933674881836876,0.8493067124908155,-6.13651,40.4,41.800000000000004,11.0,0.9740000000000001,0.8662000000000001,0.0029000000000000002,-0.021,16.3243
2026-07-28 09:56:20.259000-04:00,CRWV,2027-09-17,40.0,P,784,65,8.15,50,369,5,9.35,50,2026-07-28 06:30:24-04:00,245.0,8.75,1.1999999999999993,0.13714285714285707,416,65.425,-0.38861291555215893,1.1404181214329654,0.9325375673492053,-0.1506151296077708,-6.13651,8.05,8.4,245.0,0.9457000000000001,-0.1332,0.003,-0.0167,16.279500000000002
2026-07-28 09:56:20.259000-04:00,CRWV,2027-09-17,42.5,C,310,65,33.95,50,12,5,37.5,50,2026-07-28 06:30:07-04:00,46.0,35.725,3.549999999999997,0.09937018894331692,416,65.425,-0.35040122277416885,1.1404181214329654,0.9974295769837584,0.8356334008888848,-6.13651,38.65,40.45,46.0,0.9559000000000001,0.8533000000000001,0.0031000000000000003,-0.0219,17.377000000000002
2026-07-28 09:56:20.259000-04:00,CRWV,2027-09-17,42.5,P,500,5,9.55,50,491,5,10.700000000000001,50,2026-07-28 06:30:30-04:00,161.0,10.125,1.1500000000000004,0.11358024691358028,416,65.425,-0.35040122277416885,1.1404181214329654,0.9430693934433633,-0.1652167512523306,-6.13651,9.15,9.55,161.0,0.9456,-0.14650000000000002,0.0032,-0.0177,17.3701
2026-07-28 09:56:20.259000-04:00,CRWV,2027-09-17,45.0,C,9,11,32.5,50,10,4,36.5,50,2026-07-28 06:30:30-04:00,17.0,34.5,4.0,0.11594202898550725,416,65.425,-0.31218952999617877,1.1404181214329654,0.9899475518601674,0.8217259649441642,-6.13651,37.050000000000004,39.15,17.0,0.9423,0.8400000000000001,0.0034000000000000002,-0.0229,18.4055
2026-07-28 09:56:20.258000-04:00,CRWV,2027-09-17,45.0,P,765,22,10.35,50,101,5,11.65,50,2026-07-28 06:30:07-04:00,139.0,11.0,1.3000000000000007,0.11818181818181825,416,65.425,-0.31218952999617877,1.1404181214329654,0.9221314423232302,-0.18017923792494028,-6.13551,9.9,10.75,139.0,0.9338000000000001,-0.15990000000000001,0.0034000000000000002,-0.0184,18.4069
2026-07-28 09:56:20.259000-04:00,CRWV,2027-09-17,47.5,C,195,65,31.55,50,6,73,35.5,50,2026-07-28 06:30:24-04:00,24.0,33.525,3.9499999999999993,0.11782252050708425,416,65.425,-0.2739778372181887,1.1404181214329654,0.9936536431979301,0.8082652972537938,-6.13651,36.35,37.95,24.0,0.9532,0.8268000000000001,0.0035,-0.024200000000000003,19.3721
2026-07-28 09:56:18.027000-04:00,CRWV,2027-09-17,47.5,P,502,5,12.0,50,216,5,12.9,50,2026-07-28 06:30:19-04:00,72.0,12.45,0.9000000000000004,0.07228915662650606,416,65.425,-0.2739778372181887,1.1404181214329654,0.9303176131520642,-0.19464224010701092,-3.90451,11.3,12.0,72.0,0.9390000000000001,-0.1734,0.0036000000000000003,-0.0194,19.3912
2026-07-28 09:56:20.259000-04:00,CRWV,2027-09-17,50.0,C,320,65,30.150000000000002,50,30,5,32.75,50,2026-07-28 06:30:02-04:00,23.0,31.450000000000003,2.599999999999998,0.08267090620031789,416,65.425,-0.23576614444019872,1.1404181214329654,0.9395997629386177,0.7913616501612731,-6.13651,35.25,36.7,23.0,0.9493,0.8135,0.0037,-0.0252,20.296300000000002
2026-07-28 09:56:20.026000-04:00,CRWV,2027-09-17,50.0,P,270,5,13.55,50,35,11,14.200000000000001,50,2026-07-28 06:30:24-04:00,776.0,13.875,0.6500000000000004,0.046846846846846875,416,65.425,-0.23576614444019872,1.1404181214329654,0.9340457604347617,-0.2089616287534073,-5.90351,12.35,13.0,776.0,0.926,-0.1872,0.0038,-0.02,20.3469
2026-07-28 09:56:20.259000-04:00,CRWV,2027-09-17,55.0,C,127,65,29.05,50,625,65,30.75,50,2026-07-28 06:30:19-04:00,67.0,29.9,1.6999999999999993,0.056856187290969876,416,65.425,-0.15934275888421856,1.1404181214329654,0.9578337453603372,0.7647978025313734,-6.13651,33.15,34.45,68.0,0.9448000000000001,0.7869,0.004,-0.027,21.9886
2026-07-28 09:56:18.027000-04:00,CRWV,2027-09-17,55.0,P,634,5,15.950000000000001,50,291,5,16.95,50,2026-07-28 06:30:02-04:00,1666.0,16.45,0.9999999999999982,0.0607902735562309,416,65.425,-0.15934275888421856,1.1404181214329654,0.9215469554598238,-0.23862581041045128,-3.90451,15.1,15.9,1666.0,0.9326000000000001,-0.2137,0.0041,-0.021500000000000002,22.0362
2026-07-28 09:56:20.258000-04:00,CRWV,2027-09-17,60.0,C,616,65,26.650000000000002,50,757,65,28.75,50,2026-07-28 06:30:24-04:00,89.0,27.700000000000003,2.099999999999998,0.07581227436823096,416,65.425,-0.0829193733282384,1.1404181214329654,0.9382172896297328,0.735293260828751,-6.13551,30.6,32.4,87.0,0.9283,0.7595000000000001,0.0044,-0.0284,23.5487
2026-07-28 09:56:20.258000-04:00,CRWV,2027-09-17,60.0,P,351,5,19.0,50,82,4,19.85,50,2026-07-28 06:30:19-04:00,143.0,19.425,0.8500000000000014,0.04375804375804383,416,65.425,-0.0829193733282384,1.1404181214329654,0.9206030645903628,-0.2669892302882705,-6.13551,17.75,18.400000000000002,142.0,0.92,-0.2412,0.0044,-0.022500000000000003,23.5909
2026-07-28 09:56:20.258000-04:00,CRWV,2027-09-17,65.0,C,529,5,24.8,50,285,65,26.6,50,2026-07-28 06:30:30-04:00,25.0,25.700000000000003,1.8000000000000007,0.07003891050583659,416,65.425,-0.006495987772258238,1.1404181214329654,0.9227758760857196,0.7059432417005829,-6.13551,29.3,30.400000000000002,25.0,0.9335,0.7343000000000001,0.0046,-0.029900000000000003,24.8127
2026-07-28 09:56:19.524000-04:00,CRWV,2027-09-17,65.0,P,1288,22,21.1,50,52,11,22.900000000000002,50,2026-07-28 06:30:13-04:00,1024.0,22.0,1.8000000000000007,0.08181818181818185,416,65.425,-0.006495987772258238,1.1404181214329654,0.8969020175718686,-0.29834523462504114,-5.40151,20.55,21.6,1024.0,0.9198000000000001,-0.2674,0.0047,-0.0234,24.8972
2026-07-28 09:56:20.259000-04:00,CRWV,2027-09-17,67.5,C,93,5,24.5,50,734,65,26.25,50,2026-07-28 06:30:19-04:00,65.0,25.375,1.75,0.06896551724137931,416,65.425,0.03171570500573173,1.1404181214329654,0.9409944384484324,0.6959533911255416,-6.13651,28.400000000000002,29.5,65.0,0.931,0.7214,0.0047,-0.030500000000000003,25.405900000000003
2026-07-28 09:56:16.944000-04:00,CRWV,2027-09-17,67.5,P,419,5,23.35,50,187,5,24.650000000000002,50,2026-07-28 06:30:31-04:00,24.0,24.0,1.3000000000000007,0.054166666666666696,416,65.425,0.03171570500573173,1.1404181214329654,0.912542585973048,-0.3092674006473679,-2.82151,22.05,23.0,24.0,0.9157000000000001,-0.2807,0.0048000000000000004,-0.023700000000000002,25.505200000000002
2026-07-28 09:56:20.259000-04:00,CRWV,2027-09-17,70.0,C,612,65,23.0,50,122,5,24.8,50,2026-07-28 06:30:07-04:00,43.0,23.9,1.8000000000000007,0.07531380753138078,416,65.425,0.06992739778372181,1.1404181214329654,0.9112191090139306,0.6771929410499603,-6.13651,27.75,28.6,41.0,0.9319000000000001,0.7092,0.0048000000000000004,-0.031100000000000003,25.933600000000002
2026-07-28 09:56:20.258000-04:00,CRWV,2027-09-17,70.0,P,835,65,24.25,50,216,5,26.35,50,2026-07-28 06:30:02-04:00,670.0,25.3,2.1000000000000014,0.08300395256917001,416,65.425,0.06992739778372181,1.1404181214329654,0.8984376147357498,-0.3253970438095931,-6.13551,23.7,24.650000000000002,654.0,0.9181,-0.29300000000000004,0.0049,-0.0241,26.027
2026-07-28 09:56:20.259000-04:00,CRWV,2027-09-17,72.5,C,592,65,22.400000000000002,50,65,5,23.900000000000002,50,2026-07-28 06:30:19-04:00,82.0,23.150000000000002,1.5,0.06479481641468682,416,65.425,0.10813909056171189,1.1404181214329654,0.9097926318454728,0.6638312033781794,-6.13651,25.75,27.75,80.0,0.9074000000000001,0.6925,0.0051,-0.031100000000000003,26.5957
2026-07-28 09:56:20.258000-04:00,CRWV,2027-09-17,72.5,P,401,65,26.6,50,160,5,27.900000000000002,50,2026-07-28 06:30:24-04:00,36.0,27.25,1.3000000000000007,0.04770642201834865,416,65.425,0.10813909056171189,1.1404181214329654,0.9090427517434786,-0.336333794135933,-6.13551,25.05,26.0,36.0,0.9079,-0.3073,0.0051,-0.024200000000000003,26.592200000000002
2026-07-28 09:56:20.258000-04:00,CRWV,2027-09-17,75.0,C,289,65,22.150000000000002,50,607,65,24.0,50,2026-07-28 06:30:24-04:00,144.0,23.075000000000003,1.8499999999999979,0.08017334777898148,416,65.425,0.14635078333970197,1.1404181214329654,0.9334592454317192,0.6565859355920222,-6.13551,25.6,27.0,144.0,0.9187000000000001,0.6824,0.0051,-0.031900000000000005,26.9718
2026-07-28 09:56:20.258000-04:00,CRWV,2027-09-17,75.0,P,682,65,27.7,50,183,5,29.650000000000002,50,2026-07-28 06:30:19-04:00,67.0,28.675,1.9500000000000028,0.06800348735832616,416,65.425,0.14635078333970197,1.1404181214329654,0.8979274656003724,-0.35181627299898066,-6.13551,26.900000000000002,27.650000000000002,67.0,0.9118,-0.3189,0.0051,-0.0245,27.020300000000002
2026-07-28 09:56:20.258000-04:00,CRWV,2027-09-17,77.5,C,280,65,21.45,50,301,5,22.75,50,2026-07-28 06:30:13-04:00,190.0,22.1,1.3000000000000007,0.05882352941176473,416,65.425,0.18456247611769205,1.1404181214329654,0.9209743570351631,0.641273934091656,-6.13551,25.2,26.150000000000002,189.0,0.9219,0.6711,0.0051,-0.0324,27.3643
2026-07-28 09:56:20.258000-04:00,CRWV,2027-09-17,77.5,P,628,65,29.6,50,200,5,31.400000000000002,50,2026-07-28 06:30:19-04:00,88.0,30.5,1.8000000000000007,0.05901639344262297,416,65.425,0.18456247611769205,1.1404181214329654,0.9012845650421638,-0.3637267149991712,-6.13551,28.400000000000002,29.55,89.0,0.9127000000000001,-0.33080000000000004,0.005200000000000001,-0.0247,27.4298
2026-07-28 09:56:20.258000-04:00,CRWV,2027-09-17,80.0,C,270,65,20.8,50,844,65,23.05,50,2026-07-28 06:30:30-04:00,91.0,21.925,2.25,0.10262257696693272,416,65.425,0.22277416889568213,1.1404181214329654,0.9381604021623212,0.6337238583576859,-6.13551,24.45,25.400000000000002,91.0,0.9198000000000001,0.6589,0.005200000000000001,-0.0327,27.758300000000002
2026-07-28 09:56:20.258000-04:00,CRWV,2027-09-17,80.0,P,782,65,31.0,50,149,5,33.1,50,2026-07-28 06:30:13-04:00,703.0,32.05,2.1000000000000014,0.06552262090483624,416,65.425,0.22277416889568213,1.1404181214329654,0.8932013866123689,-0.37838954238056366,-6.13551,30.05,31.0,703.0,0.9072,-0.34390000000000004,0.0053,-0.024800000000000003,27.8471
2026-07-28 09:56:20.258000-04:00,CRWV,2027-09-17,82.5,C,435,22,20.1,50,628,65,22.0,50,2026-07-28 06:30:30-04:00,126.0,21.05,1.8999999999999986,0.09026128266033247,416,65.425,0.2609858616736722,1.1404181214329654,0.9277693346964109,0.6191856243335001,-6.13551,22.900000000000002,24.7,126.0,0.9037000000000001,0.6433,0.0054,-0.0327,28.2142
2026-07-28 09:56:20.258000-04:00,CRWV,2027-09-17,82.5,P,299,65,33.55,50,197,5,35.0,50,2026-07-28 06:30:13-04:00,9.0,34.275,1.4500000000000028,0.0423048869438367,416,65.425,0.2609858616736722,1.1404181214329654,0.9095339594814139,-0.38600162191061294,-6.13551,31.7,33.0,9.0,0.9108,-0.3548,0.0054,-0.025,28.165300000000002
2026-07-28 09:56:20.258000-04:00,CRWV,2027-09-17,85.0,C,337,5,19.45,50,622,65,22.5,50,2026-07-28 06:30:07-04:00,107.0,20.975,3.0500000000000007,0.1454112038140644,416,65.425,0.2991975544516623,1.1404181214329654,0.946552260785502,0.6131924288985854,-6.13551,22.25,24.0,107.0,0.9025000000000001,0.6314000000000001,0.0055000000000000005,-0.033,28.530800000000003
2026-07-28 09:56:20.258000-04:00,CRWV,2027-09-17,85.0,P,635,65,34.75,50,200,5,36.75,50,2026-07-28 06:30:02-04:00,440.0,35.75,2.0,0.055944055944055944,416,65.425,0.2991975544516623,1.1404181214329654,0.8969155043677182,-0.4016439051389259,-6.13551,33.55,34.7,440.0,0.9114000000000001,-0.36610000000000004,0.0054,-0.0251,28.471300000000003
2026-07-28 09:56:20.258000-04:00,CRWV,2027-09-17,87.5,C,258,5,18.95,50,706,65,20.900000000000002,50,2026-07-28 06:30:07-04:00,27.0,19.925,1.9500000000000028,0.09786700125470528,416,65.425,0.3374092472296524,1.1404181214329654,0.9281290919663833,0.5964788538190616,-6.13551,21.6,23.35,26.0,0.9016000000000001,0.6198,0.0055000000000000005,-0.0332,28.812800000000003
2026-07-28 09:56:20.258000-04:00,CRWV,2027-09-17,87.5,P,901,65,35.9,50,156,5,38.65,50,2026-07-28 06:30:02-04:00,474.0,37.275,2.75,0.07377598926894702,416,65.425,0.3374092472296524,1.1404181214329654,0.8855146686876347,-0.4170702334018861,-6.13551,35.25,36.300000000000004,474.0,0.907,-0.3786,0.0055000000000000005,-0.025,28.7783
2026-07-28 09:56:20.259000-04:00,CRWV,2027-09-17,90.0,C,270,65,18.35,50,1,5,19.2,50,2026-07-28 06:30:24-04:00,151.0,18.775,0.8499999999999979,0.045272969374167665,416,65.425,0.37562094000764246,1.1404181214329654,0.9056059125009034,0.5780224707770312,-6.13651,21.0,22.75,147.0,0.9016000000000001,0.6086,0.0056,-0.0335,29.058500000000002
2026-07-28 09:56:20.258000-04:00,CRWV,2027-09-17,90.0,P,772,65,37.65,50,176,5,40.550000000000004,50,2026-07-28 06:30:19-04:00,131.0,39.1,2.9000000000000057,0.07416879795396433,416,65.425,0.37562094000764246,1.1404181214329654,0.8844041500922016,-0.429109022199589,-6.13551,36.95,38.300000000000004,131.0,0.9087000000000001,-0.38920000000000005,0.0055000000000000005,-0.0251,29.0148
2026-07-28 09:56:20.258000-04:00,CRWV,2027-09-17,92.5,C,179,65,17.650000000000002,50,276,65,20.75,50,2026-07-28 06:30:24-04:00,68.0,19.200000000000003,3.099999999999998,0.1614583333333332,416,65.425,0.41383263278563254,1.1404181214329654,0.9400466384787682,0.5786488087722419,-6.13551,20.55,22.150000000000002,68.0,0.9036000000000001,0.5983,0.0056,-0.033800000000000004,29.264100000000003
2026-07-28 09:56:20.258000-04:00,CRWV,2027-09-17,92.5,P,434,5,40.550000000000004,50,157,5,42.4,50,2026-07-28 06:30:19-04:00,43.0,41.475,1.8499999999999943,0.04460518384569004,416,65.425,0.41383263278563254,1.1404181214329654,0.9025209058221901,-0.43416431711996495,-6.13551,38.800000000000004,40.1,42.0,0.909,-0.4,0.0056,-0.0251,29.2326
2026-07-28 09:56:20.258000-04:00,CRWV,2027-09-17,95.0,C,253,65,17.35,50,695,65,19.45,50,2026-07-28 06:30:30-04:00,64.0,18.4,2.099999999999998,0.11413043478260859,416,65.425,0.4520443255636226,1.1404181214329654,0.9289546376069221,0.5643506644041794,-6.13551,20.6,21.55,64.0,0.913,0.5906,0.0056,-0.0342,29.4033
2026-07-28 09:56:20.258000-04:00,CRWV,2027-09-17,95.0,P,733,22,41.65,50,146,65,44.35,50,2026-07-28 06:30:13-04:00,436.0,43.0,2.700000000000003,0.06279069767441867,416,65.425,0.4520443255636226,1.1404181214329654,0.8890127262834129,-0.44999434722767684,-6.13551,40.65,41.85,436.0,0.9076000000000001,-0.41100000000000003,0.0056,-0.025,29.433
2026-07-28 09:56:20.258000-04:00,CRWV,2027-09-17,97.5,C,338,5,16.75,50,548,65,18.8,50,2026-07-28 06:30:30-04:00,48.0,17.775,2.0500000000000007,0.11533052039381159,416,65.425,0.4902560183416127,1.1404181214329654,0.9236549447133483,0.5520840986958595,-6.13551,20.05,21.2,48.0,0.916,0.5812,0.0056,-0.0345,29.5578
2026-07-28 09:56:20.259000-04:00,CRWV,2027-09-17,97.5,P,442,65,43.65,50,83,5,46.2,50,2026-07-28 06:30:13-04:00,36.0,44.925,2.5500000000000043,0.05676126878130227,416,65.425,0.4902560183416127,1.1404181214329654,0.8893504837714696,-0.4607126748739552,-6.13651,42.5,43.7,36.0,0.9072,-0.42160000000000003,0.0056,-0.024900000000000002,29.6022
2026-07-28 09:56:17.714000-04:00,CRWV,2027-09-17,100.0,C,447,5,16.3,50,592,5,17.95,50,2026-07-28 06:30:07-04:00,262.0,17.125,1.6499999999999986,0.09635036496350356,416,65.425,0.5284677111196026,1.1404181214329654,0.9168712337560965,0.5393390371810088,-3.59151,19.35,20.400000000000002,258.0,0.9081,0.5684,0.0057,-0.0344,29.7409
2026-07-28 09:56:18.089000-04:00,CRWV,2027-09-17,100.0,P,505,5,46.65,50,208,5,48.300000000000004,50,2026-07-28 06:30:02-04:00,143.0,47.475,1.6500000000000057,0.03475513428120075,416,65.425,0.5284677111196026,1.1404181214329654,0.9115398065973802,-0.46269904713218835,-3.96651,44.2,45.75,141.0,0.9069,-0.432,0.0057,-0.024800000000000003,29.7465
2026-07-28 09:56:20.258000-04:00,CRWV,2027-09-17,105.0,C,552,22,15.200000000000001,50,489,5,16.9,50,2026-07-28 06:30:24-04:00,204.0,16.05,1.6999999999999975,0.10591900311526464,416,65.425,0.6048910966755827,1.1404181214329654,0.9097216359811716,0.516614375799568,-6.13551,18.5,19.55,205.0,0.9126000000000001,0.5502,0.0057,-0.0347,29.9463
2026-07-28 09:56:20.258000-04:00,CRWV,2027-09-17,105.0,P,924,22,49.550000000000004,50,143,65,52.2,50,2026-07-28 06:30:19-04:00,1033.0,50.875,2.6499999999999986,0.05208845208845206,416,65.425,0.6048910966755827,1.1404181214329654,0.8928837539359853,-0.49030948260941454,-6.13551,48.2,49.550000000000004,1033.0,0.9098,-0.45080000000000003,0.0057,-0.0246,29.956000000000003
2026-07-28 09:56:20.258000-04:00,CRWV,2027-09-17,110.0,C,317,65,14.55,50,418,5,15.950000000000001,50,2026-07-28 06:30:30-04:00,175.0,15.25,1.4000000000000004,0.09180327868852461,416,65.425,0.6813144822315629,1.1404181214329654,0.9102848567157088,0.49775726447571783,-6.13551,17.0,18.35,117.0,0.8982,0.5256000000000001,0.0058000000000000005,-0.034300000000000004,30.1234
2026-07-28 09:56:20.258000-04:00,CRWV,2027-09-17,110.0,P,91,65,53.0,50,154,5,56.25,50,2026-07-28 06:30:13-04:00,70.0,54.625,3.25,0.059496567505720827,416,65.425,0.6813144822315629,1.1404181214329654,0.8846196831906307,-0.5133980933929203,-6.13551,52.45,53.25,69.0,0.9132,-0.46840000000000004,0.0057,-0.024300000000000002,30.0915
2026-07-28 09:56:20.259000-04:00,CRWV,2027-09-17,115.0,C,80,65,13.75,50,198,65,16.35,50,2026-07-28 06:30:07-04:00,86.0,15.05,2.6000000000000014,0.17275747508305656,416,65.425,0.757737867787543,1.1404181214329654,0.9303983415380417,0.48843537041202045,-6.13651,16.85,17.25,86.0,0.9062,0.5104000000000001,0.0058000000000000005,-0.0346,30.1754
2026-07-28 09:56:20.258000-04:00,CRWV,2027-09-17,115.0,P,410,65,58.25,50,181,65,60.6,50,2026-07-28 06:30:02-04:00,39.0,59.425,2.3500000000000014,0.03954564577198152,416,65.425,0.757737867787543,1.1404181214329654,0.9120381605093288,-0.5196918412036393,-6.13551,56.4,57.35,39.0,0.9159,-0.4854,0.0057,-0.024,30.1659
2026-07-28 09:56:17.791000-04:00,CRWV,2027-09-17,120.0,C,381,5,12.950000000000001,50,36,5,13.9,50,2026-07-28 06:30:24-04:00,86.0,13.425,0.9499999999999993,0.07076350093109864,416,65.425,0.8341612533435232,1.1404181214329654,0.8974665370678963,0.4560952672805314,-3.66851,16.05,16.5,86.0,0.9069,0.4932,0.0058000000000000005,-0.0346,30.1815
2026-07-28 09:56:20.259000-04:00,CRWV,2027-09-17,120.0,P,110,65,61.5,50,37,4,64.55,50,2026-07-28 06:30:19-04:00,47.0,63.025,3.049999999999997,0.048393494644982105,416,65.425,0.8341612533435232,1.1404181214329654,0.8944880276836744,-0.54531340584381,-6.13651,60.1,61.5,47.0,0.9138000000000001,-0.5037,0.0057,-0.0234,30.1845
2026-07-28 09:56:20.259000-04:00,CRWV,2027-09-17,125.0,C,79,65,12.3,50,219,65,14.8,50,2026-07-28 06:30:30-04:00,86.0,13.55,2.5,0.18450184501845018,416,65.425,0.9105846388995034,1.1404181214329654,0.9259318920749599,0.4529391725454757,-6.13651,14.55,15.65,86.0,0.893,0.4701,0.0058000000000000005,-0.034,30.1015
2026-07-28 09:56:20.258000-04:00,CRWV,2027-09-17,125.0,P,321,65,66.75,50,165,65,69.05,50,2026-07-28 06:30:13-04:00,18.0,67.9,2.299999999999997,0.03387334315169362,416,65.425,0.9105846388995034,1.1404181214329654,0.9212825258813847,-0.5492684258217038,-6.13551,64.25,65.45,17.0,0.914,-0.5203,0.0057,-0.0228,30.146700000000003
2026-07-28 09:56:20.258000-04:00,CRWV,2027-09-17,130.0,C,298,65,11.75,50,271,5,12.8,50,2026-07-28 06:30:07-04:00,251.0,12.275,1.0500000000000007,0.08553971486761716,416,65.425,0.9870080244554835,1.1404181214329654,0.9021858267636624,0.42553553210747613,-6.13551,14.0,14.9,248.0,0.8948,0.45470000000000005,0.0058000000000000005,-0.0339,29.991200000000003
2026-07-28 09:56:20.258000-04:00,CRWV,2027-09-17,130.0,P,138,65,70.0,50,44,4,73.35000000000001,50,2026-07-28 06:30:02-04:00,91.0,71.67500000000001,3.3500000000000085,0.046738751307987554,416,65.425,0.9870080244554835,1.1404181214329654,0.9067552790192904,-0.5721844714873823,-6.13551,68.05,69.9,91.0,0.915,-0.5358,0.0057,-0.0223,30.0641
2026-07-28 09:56:20.258000-04:00,CRWV,2027-09-17,135.0,C,88,65,11.1,50,206,65,13.450000000000001,50,2026-07-28 06:30:24-04:00,193.0,12.275,2.3500000000000014,0.1914460285132384,416,65.425,1.0634314100114635,1.1404181214329654,0.9234553726459751,0.4210354413962744,-6.13551,13.200000000000001,14.55,193.0,0.8976000000000001,0.4404,0.0058000000000000005,-0.033800000000000004,29.8491
2026-07-28 09:56:20.258000-04:00,CRWV,2027-09-17,135.0,P,141,65,74.5,50,41,4,77.8,50,2026-07-28 06:30:19-04:00,8.0,76.15,3.299999999999997,0.04333552199606037,416,65.425,1.0634314100114635,1.1404181214329654,0.9162780886108539,-0.5825809622073778,-6.13551,72.55,74.2,8.0,0.9239,-0.5468000000000001,0.0056,-0.022000000000000002,29.977400000000003
2026-07-28 09:56:20.259000-04:00,CRWV,2027-09-17,140.0,C,101,65,10.55,50,80,65,12.1,50,2026-07-28 06:30:30-04:00,133.0,11.325,1.549999999999999,0.13686534216335533,416,65.425,1.1398547955674436,1.1404181214329654,0.9085997748269695,0.3989839452594822,-6.13651,12.700000000000001,13.9,133.0,0.8993,0.4264,0.0057,-0.033600000000000005,29.6707
2026-07-28 09:56:20.259000-04:00,CRWV,2027-09-17,140.0,P,81,65,79.75,50,30,65,82.0,50,2026-07-28 06:30:13-04:00,119.0,80.875,2.25,0.027820710973724884,416,65.425,1.1398547955674436,1.1404181214329654,0.93381249184803,-0.5880397265264425,-6.13651,76.75,78.45,119.0,0.9259000000000001,-0.5604,0.0056,-0.021400000000000002,29.838600000000003
2026-07-28 09:56:20.259000-04:00,CRWV,2027-09-17,145.0,C,474,65,9.9,50,16,73,10.75,50,2026-07-28 06:30:30-04:00,5070.0,10.325,0.8499999999999996,0.08232445520581111,416,65.425,1.2162781811234238,1.1404181214329654,0.8902442398222051,0.3752534462495932,-6.13651,12.200000000000001,12.8,4829.0,0.892,0.40840000000000004,0.0057,-0.033,29.3868
2026-07-28 09:56:20.260000-04:00,CRWV,2027-09-17,145.0,P,96,65,83.5,50,37,65,86.85000000000001,50,2026-07-28 06:30:13-04:00,43.0,85.17500000000001,3.3500000000000085,0.039330789550924665,416,65.425,1.2162781811234238,1.1404181214329654,0.9346181443425076,-0.6012609457266735,-6.13751,81.5,82.9,43.0,0.9392,-0.5678000000000001,0.0055000000000000005,-0.0212,29.7485
2026-07-28 09:56:20.259000-04:00,CRWV,2027-09-17,150.0,C,88,65,9.5,50,231,65,11.700000000000001,50,2026-07-28 06:30:24-04:00,976.0,10.600000000000001,2.200000000000001,0.20754716981132082,416,65.425,1.292701566679404,1.1404181214329654,0.9187048235018724,0.37723405412932,-6.13651,11.6,12.4,976.0,0.8937,0.3955,0.0056,-0.0328,29.145200000000003
2026-07-28 09:56:20.259000-04:00,CRWV,2027-09-17,150.0,P,82,65,88.75,50,30,11,91.05,50,2026-07-28 06:30:07-04:00,124.0,89.9,2.299999999999997,0.02558398220244713,416,65.425,1.292701566679404,1.1404181214329654,0.9501694901181789,-0.6061704528743153,-6.13651,85.5,87.45,124.0,0.9404,-0.5804,0.0054,-0.0206,29.5696
2026-07-28 09:56:20.259000-04:00,CRWV,2027-09-17,155.0,C,90,65,9.200000000000001,50,66,4,10.25,50,2026-07-28 06:30:02-04:00,563.0,9.725000000000001,1.049999999999999,0.10796915167095103,416,65.425,1.369124952235384,1.1404181214329654,0.9026640189618963,0.3558368750563676,-6.13651,10.9,11.950000000000001,563.0,0.8915000000000001,0.38120000000000004,0.0056,-0.0323,28.837600000000002
2026-07-28 09:56:20.259000-04:00,CRWV,2027-09-17,155.0,P,27,65,92.75,50,23,11,95.55,50,2026-07-28 06:30:19-04:00,113.0,94.15,2.799999999999997,0.02973977695167283,416,65.425,1.369124952235384,1.1404181214329654,0.9470861632604758,-0.6201774755314295,-6.13651,89.8,91.65,113.0,0.9398000000000001,-0.5934,0.0054,-0.0198,29.3533
2026-07-28 09:56:20.259000-04:00,CRWV,2027-09-17,160.0,C,397,5,8.6,50,6,65,9.35,50,2026-07-28 06:30:24-04:00,770.0,8.975,0.75,0.08356545961002786,416,65.425,1.4455483377913643,1.1404181214329654,0.8899483916016779,0.3365225285655772,-6.13651,10.5,11.450000000000001,769.0,0.8928,0.3693,0.0055000000000000005,-0.032,28.551000000000002
2026-07-28 09:56:20.259000-04:00,CRWV,2027-09-17,160.0,P,52,4,97.0,50,25,11,100.2,50,2026-07-28 06:30:02-04:00,88.0,98.6,3.200000000000003,0.03245436105476676,416,65.425,1.4455483377913643,1.1404181214329654,0.9505591849147264,-0.6302076204928497,-6.13651,94.0,96.0,88.0,0.9392,-0.6059,0.0054,-0.019,29.114
2026-07-28 09:56:20.259000-04:00,CRWV,2027-09-17,165.0,C,196,65,8.15,50,216,65,10.3,50,2026-07-28 06:30:14-04:00,183.0,9.225000000000001,2.1500000000000004,0.23306233062330622,416,65.425,1.5219717233473444,1.1404181214329654,0.9154047974838959,0.33910431585686446,-6.13651,9.950000000000001,10.8,183.0,0.8879,0.3544,0.0055000000000000005,-0.031400000000000004,28.1549
2026-07-28 09:56:20.259000-04:00,CRWV,2027-09-17,165.0,P,49,4,101.5,50,30,65,105.10000000000001,50,2026-07-28 06:30:03-04:00,111.0,103.30000000000001,3.6000000000000085,0.03484995159728953,416,65.425,1.5219717233473444,1.1404181214329654,0.9627313145630297,-0.6350334770086888,-6.13651,98.65,100.95,111.0,0.9557,-0.609,0.0053,-0.019,29.0511
2026-07-28 09:56:20.258000-04:00,CRWV,2027-09-17,170.0,C,102,65,7.9,50,211,65,10.05,50,2026-07-28 06:30:26-04:00,95.0,8.975000000000001,2.1500000000000004,0.2395543175487465,416,65.425,1.5983951089033246,1.1404181214329654,0.9206162698606777,0.33091943197239737,-6.13551,9.5,10.450000000000001,95.0,0.8892,0.3435,0.0054,-0.031100000000000003,27.8339
2026-07-28 09:56:20.259000-04:00,CRWV,2027-09-17,170.0,P,30,65,106.8,50,25,65,109.7,50,2026-07-28 06:30:20-04:00,1.0,108.25,2.9000000000000057,0.0267898383371825,416,65.425,1.5983951089033246,1.1404181214329654,0.9837768863340672,-0.6345810047027451,-6.13651,103.60000000000001,105.5,1.0,0.9698,-0.6128,0.005200000000000001,-0.0189,28.9705
2026-07-28 09:56:20.258000-04:00,CRWV,2027-09-17,175.0,C,151,65,7.5,50,90,65,8.950000000000001,50,2026-07-28 06:30:14-04:00,202.0,8.225000000000001,1.450000000000001,0.17629179331307002,416,65.425,1.6748184944593048,1.1404181214329654,0.9050266387331105,0.311467737866407,-6.13551,9.25,10.0,202.0,0.8914000000000001,0.3336,0.0053,-0.0308,27.521800000000002
2026-07-28 09:56:20.259000-04:00,CRWV,2027-09-17,175.0,P,25,4,110.5,50,20,65,114.25,50,2026-07-28 06:30:19-04:00,0.0,112.375,3.75,0.03337041156840934,416,65.425,1.6748184944593048,1.1404181214329654,0.9726013679781305,-0.6509460194789205,-6.13651,107.45,110.15,0.0,0.9659000000000001,-0.6255000000000001,0.0051,-0.0179,28.6785
2026-07-28 09:56:20.258000-04:00,CRWV,2027-09-17,180.0,C,138,65,7.2,50,204,65,9.1,50,2026-07-28 06:30:26-04:00,373.0,8.15,1.8999999999999995,0.23312883435582815,416,65.425,1.751241880015285,1.1404181214329654,0.915771158989259,0.30736808845278196,-6.13551,8.85,9.55,373.0,0.8902,0.32220000000000004,0.0053,-0.0303,27.139100000000003
2026-07-28 09:56:20.259000-04:00,CRWV,2027-09-17,180.0,P,28,11,116.3,50,17,4,119.10000000000001,50,2026-07-28 06:30:30-04:00,0.0,117.7,2.8000000000000114,0.023789294817332298,416,65.425,1.751241880015285,1.1404181214329654,1.0069831022957025,-0.6423470735402365,-6.13651,112.3,114.75,0.0,0.9777,-0.6295000000000001,0.0051,-0.0177,28.5801
2026-07-28 09:56:20.259000-04:00,CRWV,2027-09-17,185.0,C,42,5,6.95,50,127,65,8.3,50,2026-07-28 06:30:20-04:00,27.0,7.625,1.3500000000000005,0.17704918032786893,416,65.425,1.827665265571265,1.1404181214329654,0.9074086123976511,0.29280477068718924,-6.13651,8.4,9.1,27.0,0.8871,0.31020000000000003,0.005200000000000001,-0.0297,26.7041
2026-07-28 09:56:20.259000-04:00,CRWV,2027-09-17,185.0,P,19,4,120.0,50,15,4,123.9,50,2026-07-28 06:30:13-04:00,0.0,121.95,3.9000000000000057,0.03198031980319808,416,65.425,1.827665265571265,1.1404181214329654,0.9994018204893199,-0.6559023188375898,-6.13651,116.95,119.4,0.0,0.9865,-0.6346,0.005,-0.0173,28.448400000000003
2026-07-28 09:56:20.259000-04:00,CRWV,2027-09-17,190.0,C,13,76,6.65,50,58,65,7.7,50,2026-07-28 06:30:20-04:00,22.0,7.175000000000001,1.0499999999999998,0.1463414634146341,416,65.425,1.9040886511272452,1.1404181214329654,0.9011919701521749,0.2798313594556377,-6.13651,8.05,8.75,22.0,0.887,0.3003,0.0051,-0.0292,26.3228
2026-07-28 09:56:20.259000-04:00,CRWV,2027-09-17,190.0,P,36,11,125.25,50,23,11,128.5,50,2026-07-28 06:30:31-04:00,2.0,126.875,3.25,0.02561576354679803,416,65.425,1.9040886511272452,1.1404181214329654,1.0174208740251156,-0.6553004579217376,-6.13651,121.2,124.25,2.0,0.9912000000000001,-0.6416000000000001,0.0049,-0.016800000000000002,28.262500000000003
2026-07-28 09:56:17.607000-04:00,CRWV,2027-09-17,195.0,C,181,5,6.4,50,605,22,7.65,50,2026-07-28 06:30:31-04:00,583.0,7.025,1.25,0.1779359430604982,416,65.425,1.9805120366832254,1.1404181214329654,0.9070188277604022,0.27418319871190566,-3.48451,7.8500000000000005,8.4,583.0,0.8889,0.29200000000000004,0.0051,-0.028900000000000002,25.9842
2026-07-28 09:56:20.258000-04:00,CRWV,2027-09-17,195.0,P,31,4,129.5,50,45,5,133.1,50,2026-07-28 06:30:14-04:00,4.0,131.3,3.5999999999999943,0.02741812642802737,416,65.425,1.9805120366832254,1.1404181214329654,1.0154740883564022,-0.6651176753824586,-6.13551,126.5,128.65,4.0,1.006,-0.6428,0.0049,-0.0167,28.2303
2026-07-28 09:56:20.150000-04:00,CRWV,2027-09-17,200.0,C,16,76,6.2,50,581,22,7.3500000000000005,50,2026-07-28 06:30:09-04:00,369.0,6.775,1.1500000000000004,0.1697416974169742,416,65.425,2.056935422239205,1.1404181214329654,0.9080046487785353,0.2661115755593789,-6.02751,7.4,8.05,372.0,0.8856,0.28090000000000004,0.005,-0.028300000000000002,25.5133
2026-07-28 09:56:20.259000-04:00,CRWV,2027-09-17,200.0,P,138,65,135.45,50,70,65,138.25,50,2026-07-28 06:30:26-04:00,2.0,136.85,2.8000000000000114,0.02046035805626607,416,65.425,2.056935422239205,1.1404181214329654,1.0570161950250612,-0.6512317582798028,-6.13651,130.65,132.95,2.0,0.9983000000000001,-0.6557000000000001,0.0048000000000000004,-0.0155,27.8562
2026-07-28 09:56:20.532000-04:00,CRWV,2027-12-17,35.0,C,35,65,39.0,50,23,9,43.0,50,2026-07-28 06:30:07-04:00,33.0,41.0,4.0,0.0975609756097561,507,65.425,-0.4650363011081391,1.3898473451772577,1.0004540697815871,0.8776087538973711,-6.40951,43.0,46.25,33.0,0.9277000000000001,0.8919,0.0023,-0.016,15.5004
2026-07-28 09:56:20.424000-04:00,CRWV,2027-12-17,35.0,P,600,4,7.4,50,628,4,8.8,50,2026-07-28 06:30:01-04:00,577.0,8.100000000000001,1.4000000000000004,0.17283950617283952,507,65.425,-0.4650363011081391,1.3898473451772577,0.952911018750156,-0.12227301027665805,-6.30151,7.1000000000000005,7.7,575.0,0.9469000000000001,-0.1085,0.0023,-0.0129,15.5515
2026-07-28 09:56:20.532000-04:00,CRWV,2027-12-17,37.5,C,33,9,37.5,50,210,65,41.4,50,2026-07-28 06:30:07-04:00,10.0,39.45,3.8999999999999986,0.09885931558935357,507,65.425,-0.426824608330149,1.3898473451772577,0.9762292653468196,0.8650119548269495,-6.40951,43.15,45.050000000000004,10.0,0.9738,0.8793000000000001,0.0024000000000000002,-0.0178,16.7731
2026-07-28 09:56:20.418000-04:00,CRWV,2027-12-17,37.5,P,199,5,8.8,50,483,65,9.85,50,2026-07-28 06:30:13-04:00,219.0,9.325,1.049999999999999,0.11260053619302939,507,65.425,-0.426824608330149,1.3898473451772577,0.9556307641829307,-0.13515487396617365,-6.29551,8.3,8.700000000000001,229.0,0.9464,-0.12040000000000001,0.0025,-0.013900000000000001,16.751
2026-07-28 09:56:20.401000-04:00,CRWV,2027-12-17,40.0,C,7,65,36.65,50,24,9,40.25,50,2026-07-28 06:30:07-04:00,61.0,38.45,3.6000000000000014,0.09362808842652799,507,65.425,-0.38861291555215893,1.3898473451772577,0.9827586294523033,0.8526245563005533,-6.27851,40.5,43.550000000000004,61.0,0.9236000000000001,0.8676,0.0027,-0.0181,17.89
2026-07-28 09:56:20.259000-04:00,CRWV,2027-12-17,40.0,P,538,65,9.55,50,923,65,11.700000000000001,50,2026-07-28 06:30:01-04:00,119.0,10.625,2.1500000000000004,0.20235294117647062,507,65.425,-0.38861291555215893,1.3898473451772577,0.9590771605662495,-0.14792732167915656,-6.13651,8.9,9.85,109.0,0.9302,-0.13240000000000002,0.0027,-0.0145,17.8931
2026-07-28 09:56:20.542000-04:00,CRWV,2027-12-17,42.5,C,10,65,35.5,50,15,9,39.5,50,2026-07-28 06:30:13-04:00,44.0,37.5,4.0,0.10666666666666667,507,65.425,-0.35040122277416885,1.3898473451772577,0.9885465729110178,0.8404734156165576,-6.41951,40.4,42.6,44.0,0.9587,0.8557,0.0028,-0.0198,18.9682
2026-07-28 09:56:20.310000-04:00,CRWV,2027-12-17,42.5,P,1204,65,9.0,50,466,65,12.200000000000001,50,2026-07-28 06:30:07-04:00,585.0,10.600000000000001,3.200000000000001,0.30188679245283023,507,65.425,-0.35040122277416885,1.3898473451772577,0.8892519785876387,-0.16254073525525214,-6.18751,10.450000000000001,11.1,585.0,0.9407000000000001,-0.14450000000000002,0.0028,-0.0154,18.991
2026-07-28 09:56:20.258000-04:00,CRWV,2027-12-17,45.0,C,649,22,34.25,50,1023,65,37.7,50,2026-07-28 06:30:06-04:00,360.0,35.975,3.450000000000003,0.09589993050729681,507,65.425,-0.31218952999617877,1.3898473451772577,0.9621794009642447,0.8268551321842434,-6.13551,38.050000000000004,41.35,360.0,0.9237000000000001,0.8430000000000001,0.0031000000000000003,-0.020200000000000003,20.0642
2026-07-28 09:56:20.272000-04:00,CRWV,2027-12-17,45.0,P,464,65,12.05,50,315,65,13.25,50,2026-07-28 06:30:00-04:00,919.0,12.65,1.1999999999999993,0.09486166007905132,507,65.425,-0.31218952999617877,1.3898473451772577,0.9281478866769445,-0.17476870423489754,-6.14951,11.55,12.200000000000001,919.0,0.9328000000000001,-0.1567,0.003,-0.0161,20.0468
2026-07-28 09:56:20.533000-04:00,CRWV,2027-12-17,47.5,C,84,9,33.15,50,13,9,37.5,50,2026-07-28 06:30:12-04:00,30.0,35.325,4.350000000000001,0.12314225053078559,507,65.425,-0.2739778372181887,1.3898473451772577,0.9784210842859238,0.8154850240392563,-6.41051,38.4,40.25,30.0,0.9573,0.8321000000000001,0.0031000000000000003,-0.0217,20.9586
2026-07-28 09:56:20.309000-04:00,CRWV,2027-12-17,47.5,P,1115,65,12.15,50,213,5,14.55,50,2026-07-28 06:30:01-04:00,152.0,13.350000000000001,2.4000000000000004,0.1797752808988764,507,65.425,-0.2739778372181887,1.3898473451772577,0.8964211386074198,-0.18960027105674504,-6.18651,12.65,13.4,152.0,0.9257000000000001,-0.169,0.0032,-0.0166,21.0604
2026-07-28 09:56:20.390000-04:00,CRWV,2027-12-17,50.0,C,581,65,32.45,50,364,65,36.0,50,2026-07-28 06:30:23-04:00,1522.0,34.225,3.549999999999997,0.10372534696859012,507,65.425,-0.23576614444019872,1.3898473451772577,0.9703977777613499,0.8027222570896761,-6.26751,37.0,38.800000000000004,1520.0,0.9385,0.8194,0.0033,-0.0222,21.953400000000002
2026-07-28 09:56:20.271000-04:00,CRWV,2027-12-17,50.0,P,889,22,14.15,50,36,5,15.85,50,2026-07-28 06:30:18-04:00,719.0,15.0,1.6999999999999993,0.11333333333333329,507,65.425,-0.23576614444019872,1.3898473451772577,0.9089081906827597,-0.20212927156031824,-6.14851,14.05,14.9,708.0,0.9308000000000001,-0.1809,0.0033,-0.017400000000000002,21.9847
2026-07-28 09:56:20.391000-04:00,CRWV,2027-12-17,55.0,C,746,22,30.3,50,536,65,34.0,50,2026-07-28 06:30:29-04:00,230.0,32.15,3.6999999999999993,0.11508553654743389,507,65.425,-0.15934275888421856,1.3898473451772577,0.9563768488676266,0.7771737635833182,-6.26851,34.5,36.7,230.0,0.9229,0.7946000000000001,0.0036000000000000003,-0.0236,23.750700000000002
2026-07-28 09:56:20.271000-04:00,CRWV,2027-12-17,55.0,P,716,22,17.35,50,462,5,18.85,50,2026-07-28 06:30:12-04:00,336.0,18.1,1.5,0.08287292817679558,507,65.425,-0.15934275888421856,1.3898473451772577,0.9172792886887449,-0.2271950929393045,-6.14851,16.55,17.55,336.0,0.9212,-0.2054,0.0036000000000000003,-0.0183,23.7606
2026-07-28 09:56:20.369000-04:00,CRWV,2027-12-17,60.0,C,74,65,29.05,50,604,65,32.5,50,2026-07-28 06:30:06-04:00,162.0,30.775,3.4499999999999993,0.11210398050365554,507,65.425,-0.0829193733282384,1.3898473451772577,0.9669148536752535,0.7550270878128896,-6.24651,33.5,34.75,162.0,0.9358000000000001,0.7726000000000001,0.0038,-0.0252,25.1923
2026-07-28 09:56:20.272000-04:00,CRWV,2027-12-17,60.0,P,1117,65,19.25,50,369,65,21.900000000000002,50,2026-07-28 06:30:00-04:00,266.0,20.575000000000003,2.650000000000002,0.12879708383961128,507,65.425,-0.0829193733282384,1.3898473451772577,0.8932312998321515,-0.25562368649764666,-6.14951,19.35,20.650000000000002,265.0,0.9213,-0.22890000000000002,0.0039000000000000003,-0.0193,25.2952
2026-07-28 09:56:20.410000-04:00,CRWV,2027-12-17,62.5,C,48,9,27.900000000000002,50,71,9,30.75,50,2026-07-28 06:30:30-04:00,11.0,29.325000000000003,2.849999999999998,0.09718670076726335,507,65.425,-0.04470768055024832,1.3898473451772577,0.9392812671720819,0.7391685996251603,-6.28751,32.3,33.85,11.0,0.9278000000000001,0.7603000000000001,0.004,-0.0257,25.942700000000002
2026-07-28 09:56:20.282000-04:00,CRWV,2027-12-17,62.5,P,264,65,21.25,50,42,65,23.45,50,2026-07-28 06:30:24-04:00,40.0,22.35,2.1999999999999993,0.09843400447427289,507,65.425,-0.04470768055024832,1.3898473451772577,0.9012605512679618,-0.26695521334404315,-6.15951,20.75,21.85,40.0,0.9126000000000001,-0.2416,0.004,-0.0195,26.0578
2026-07-28 09:56:20.311000-04:00,CRWV,2027-12-17,65.0,C,471,65,27.150000000000002,50,1176,65,30.3,50,2026-07-28 06:30:23-04:00,282.0,28.725,3.1499999999999986,0.10966057441253259,507,65.425,-0.006495987772258238,1.3898473451772577,0.9449984880882268,0.7285464040152883,-6.18851,30.35,32.9,282.0,0.9039,0.7456,0.004200000000000001,-0.025900000000000003,26.7836
2026-07-28 09:56:20.537000-04:00,CRWV,2027-12-17,65.0,P,731,22,23.0,50,177,5,24.8,50,2026-07-28 06:30:18-04:00,234.0,23.9,1.8000000000000007,0.07531380753138078,507,65.425,-0.006495987772258238,1.3898473451772577,0.8990045479177092,-0.2796303364592809,-6.41451,22.400000000000002,23.7,234.0,0.9201,-0.252,0.0041,-0.02,26.654
2026-07-28 09:56:20.259000-04:00,CRWV,2027-12-17,67.5,C,228,65,26.6,50,651,65,29.85,50,2026-07-28 06:30:24-04:00,28.0,28.225,3.25,0.11514614703277236,507,65.425,0.03171570500573173,1.3898473451772577,0.9532249846791747,0.7187880022785994,-6.13651,30.7,32.0,28.0,0.9232,0.7372000000000001,0.004200000000000001,-0.0268,27.237000000000002
2026-07-28 09:56:20.416000-04:00,CRWV,2027-12-17,67.5,P,684,22,25.05,50,282,5,26.45,50,2026-07-28 06:30:18-04:00,120.0,25.75,1.3999999999999986,0.054368932038834895,507,65.425,0.03171570500573173,1.3898473451772577,0.9070235518169664,-0.2901676108298292,-6.29351,24.1,25.1,120.0,0.9187000000000001,-0.2635,0.004200000000000001,-0.020300000000000002,27.2756
2026-07-28 09:56:20.416000-04:00,CRWV,2027-12-17,70.0,C,606,5,25.6,50,929,65,28.3,50,2026-07-28 06:30:29-04:00,409.0,26.950000000000003,2.6999999999999993,0.1001855287569573,507,65.425,0.06992739778372181,1.3898473451772577,0.9309691480318699,0.7031234261067131,-6.29351,30.05,31.35,427.0,0.9271,0.7269,0.004200000000000001,-0.0274,27.7707
2026-07-28 09:56:20.366000-04:00,CRWV,2027-12-17,70.0,P,957,22,25.85,50,384,65,28.45,50,2026-07-28 06:30:12-04:00,1349.0,27.15,2.599999999999998,0.09576427255985259,507,65.425,0.06992739778372181,1.3898473451772577,0.8969657285382411,-0.304052911748252,-6.24351,25.55,26.400000000000002,1351.0,0.9098,-0.2761,0.0044,-0.0204,27.922800000000002
2026-07-28 09:56:20.258000-04:00,CRWV,2027-12-17,72.5,C,297,65,25.05,50,244,65,28.5,50,2026-07-28 06:30:18-04:00,43.0,26.775,3.4499999999999993,0.12885154061624648,507,65.425,0.10813909056171189,1.3898473451772577,0.9491722270382139,0.6960488601386611,-6.13551,29.05,30.35,40.0,0.9175000000000001,0.7142000000000001,0.0044,-0.027700000000000002,28.386100000000003
2026-07-28 09:56:20.416000-04:00,CRWV,2027-12-17,72.5,P,479,65,26.5,50,251,5,30.0,50,2026-07-28 06:30:01-04:00,149.0,28.25,3.5,0.12389380530973451,507,65.425,0.10813909056171189,1.3898473451772577,0.8753929995866117,-0.3207268387501365,-6.29351,27.2,27.85,149.0,0.9067000000000001,-0.2877,0.0045000000000000005,-0.0206,28.483700000000002
2026-07-28 09:56:20.533000-04:00,CRWV,2027-12-17,75.0,C,319,65,24.400000000000002,50,1009,65,27.25,50,2026-07-28 06:30:06-04:00,170.0,25.825000000000003,2.849999999999998,0.11035818005808316,507,65.425,0.14635078333970197,1.3898473451772577,0.9376944411009629,0.6826310633878598,-6.41051,28.05,29.55,170.0,0.9108,0.7021000000000001,0.0045000000000000005,-0.028,28.940900000000003
2026-07-28 09:56:20.415000-04:00,CRWV,2027-12-17,75.0,P,807,22,29.45,50,227,5,31.650000000000002,50,2026-07-28 06:30:00-04:00,763.0,30.55,2.200000000000003,0.07201309328968912,507,65.425,0.14635078333970197,1.3898473451772577,0.8964817581741846,-0.32736338470906434,-6.29251,28.7,29.6,649.0,0.9055000000000001,-0.2989,0.0045000000000000005,-0.020800000000000003,28.989800000000002
2026-07-28 09:56:20.271000-04:00,CRWV,2027-12-17,77.5,C,606,65,23.5,50,644,65,25.75,50,2026-07-28 06:30:07-04:00,124.0,24.625,2.25,0.09137055837563451,507,65.425,0.18456247611769205,1.3898473451772577,0.9168168253621871,0.6666410428478,-6.14851,27.55,28.85,124.0,0.9137000000000001,0.6921,0.0046,-0.0284,29.3731
2026-07-28 09:56:20.416000-04:00,CRWV,2027-12-17,77.5,P,759,65,30.8,50,171,5,33.25,50,2026-07-28 06:30:01-04:00,57.0,32.025,2.4499999999999993,0.07650273224043715,507,65.425,0.18456247611769205,1.3898473451772577,0.8869460511268008,-0.34114053096213337,-6.29351,30.3,31.5,57.0,0.9075000000000001,-0.30920000000000003,0.0046,-0.021,29.430100000000003
2026-07-28 09:56:20.400000-04:00,CRWV,2027-12-17,80.0,C,244,65,23.150000000000002,50,1199,65,26.25,50,2026-07-28 06:30:23-04:00,312.0,24.700000000000003,3.099999999999998,0.12550607287449383,507,65.425,0.22277416889568213,1.3898473451772577,0.9407248619610661,0.6623598128584474,-6.27751,25.5,28.150000000000002,319.0,0.8896000000000001,0.6759000000000001,0.0048000000000000004,-0.028300000000000002,30.020100000000003
2026-07-28 09:56:20.519000-04:00,CRWV,2027-12-17,80.0,P,979,22,32.75,50,513,65,36.0,50,2026-07-28 06:30:18-04:00,520.0,34.375,3.25,0.09454545454545454,507,65.425,0.22277416889568213,1.3898473451772577,0.9074413382194738,-0.3466727715057263,-6.39651,32.1,33.0,520.0,0.9053,-0.32020000000000004,0.0047,-0.0211,29.875300000000003
2026-07-28 09:56:20.474000-04:00,CRWV,2027-12-17,82.5,C,510,65,22.3,50,604,65,24.6,50,2026-07-28 06:30:30-04:00,127.0,23.450000000000003,2.3000000000000007,0.0980810234541578,507,65.425,0.2609858616736722,1.3898473451772577,0.9170217270727354,0.6454151570934383,-6.35151,26.400000000000002,27.400000000000002,127.0,0.9135000000000001,0.6714,0.0047,-0.0292,30.1914
2026-07-28 09:56:20.417000-04:00,CRWV,2027-12-17,82.5,P,511,65,34.800000000000004,50,216,5,37.0,50,2026-07-28 06:30:13-04:00,181.0,35.900000000000006,2.1999999999999957,0.06128133704735363,507,65.425,0.2609858616736722,1.3898473451772577,0.8981130567985928,-0.3600603502088574,-6.29451,33.8,35.1,181.0,0.9108,-0.3292,0.0047,-0.0213,30.217200000000002
2026-07-28 09:56:20.474000-04:00,CRWV,2027-12-17,85.0,C,253,65,22.0,50,705,65,24.2,50,2026-07-28 06:30:29-04:00,303.0,23.1,2.1999999999999993,0.0952380952380952,507,65.425,0.2991975544516623,1.3898473451772577,0.9242318999685365,0.6372548141188834,-6.35151,25.5,26.7,306.0,0.9075000000000001,0.6597000000000001,0.0048000000000000004,-0.029300000000000003,30.608900000000002
2026-07-28 09:56:20.307000-04:00,CRWV,2027-12-17,85.0,P,191,65,35.5,50,623,65,39.5,50,2026-07-28 06:30:12-04:00,1338.0,37.5,4.0,0.10666666666666667,507,65.425,0.2991975544516623,1.3898473451772577,0.8908389914981694,-0.3728981113361589,-6.18451,35.65,36.85,1338.0,0.912,-0.339,0.0048000000000000004,-0.021400000000000002,30.567300000000003
2026-07-28 09:56:20.474000-04:00,CRWV,2027-12-17,87.5,C,603,65,20.900000000000002,50,646,65,23.55,50,2026-07-28 06:30:23-04:00,44.0,22.225,2.6499999999999986,0.11923509561304829,507,65.425,0.3374092472296524,1.3898473451772577,0.9126799130101775,0.6235922871124084,-6.35151,24.85,26.05,45.0,0.9057000000000001,0.6492,0.0049,-0.0296,30.956500000000002
2026-07-28 09:56:20.405000-04:00,CRWV,2027-12-17,87.5,P,843,65,37.550000000000004,50,142,65,40.5,50,2026-07-28 06:30:01-04:00,88.0,39.025000000000006,2.9499999999999957,0.07559256886611135,507,65.425,0.3374092472296524,1.3898473451772577,0.8804767221387976,-0.38675434661581676,-6.28251,37.2,38.25,88.0,0.9019,-0.3517,0.0049,-0.0212,30.9907
2026-07-28 09:56:20.474000-04:00,CRWV,2027-12-17,90.0,C,411,5,20.8,50,598,65,22.75,50,2026-07-28 06:30:06-04:00,378.0,21.775,1.9499999999999993,0.08955223880597012,507,65.425,0.37562094000764246,1.3898473451772577,0.9150998378232119,0.614410475986162,-6.35151,24.2,25.7,378.0,0.9081,0.6401,0.0049,-0.029900000000000003,31.2389
2026-07-28 09:56:20.475000-04:00,CRWV,2027-12-17,90.0,P,214,65,39.0,50,221,5,42.550000000000004,50,2026-07-28 06:30:00-04:00,494.0,40.775000000000006,3.5500000000000043,0.08706315144083393,507,65.425,0.37562094000764246,1.3898473451772577,0.8771950934998225,-0.398300619638719,-6.35251,39.1,40.2,494.0,0.9061,-0.3604,0.0049,-0.0213,31.2569
2026-07-28 09:56:20.311000-04:00,CRWV,2027-12-17,92.5,C,380,65,20.150000000000002,50,373,65,23.5,50,2026-07-28 06:30:06-04:00,296.0,21.825000000000003,3.349999999999998,0.15349369988545233,507,65.425,0.41383263278563254,1.3898473451772577,0.9337554503277804,0.6109924193253481,-6.18851,22.2,24.8,296.0,0.8799,0.6217,0.0051,-0.029500000000000002,31.752000000000002
2026-07-28 09:56:20.271000-04:00,CRWV,2027-12-17,92.5,P,183,65,41.0,50,194,65,44.45,50,2026-07-28 06:30:12-04:00,60.0,42.725,3.450000000000003,0.08074897600936226,507,65.425,0.41383263278563254,1.3898473451772577,0.8800076677452269,-0.40756035504063415,-6.14851,40.95,42.1,60.0,0.9077000000000001,-0.3695,0.0049,-0.021400000000000002,31.520400000000002
2026-07-28 09:56:20.473000-04:00,CRWV,2027-12-17,95.0,C,429,22,19.650000000000002,50,740,65,23.0,50,2026-07-28 06:30:23-04:00,380.0,21.325000000000003,3.349999999999998,0.15709261430246177,507,65.425,0.4520443255636226,1.3898473451772577,0.933161682977573,0.6014663919289819,-6.35051,23.150000000000002,24.3,380.0,0.9039,0.6197,0.005,-0.0303,31.8042
2026-07-28 09:56:20.477000-04:00,CRWV,2027-12-17,95.0,P,165,65,43.5,50,60,65,46.15,50,2026-07-28 06:30:18-04:00,246.0,44.825,2.6499999999999986,0.0591187953151143,507,65.425,0.4520443255636226,1.3898473451772577,0.887179605385566,-0.4149389076268605,-6.35451,42.75,43.95,246.0,0.9075000000000001,-0.379,0.005,-0.0213,31.774800000000003
2026-07-28 09:56:20.426000-04:00,CRWV,2027-12-17,97.5,C,258,5,19.25,50,825,65,22.5,50,2026-07-28 06:30:23-04:00,94.0,20.875,3.25,0.15568862275449102,507,65.425,0.4902560183416127,1.3898473451772577,0.9337141037644618,0.5925253393045706,-6.30351,21.0,23.7,94.0,0.8775000000000001,0.6015,0.005200000000000001,-0.0298,32.2318
2026-07-28 09:56:20.383000-04:00,CRWV,2027-12-17,97.5,P,335,65,45.0,50,134,65,48.1,50,2026-07-28 06:30:01-04:00,137.0,46.55,3.1000000000000014,0.06659505907626212,507,65.425,0.4902560183416127,1.3898473451772577,0.881315030330177,-0.42686919205171914,-6.26051,44.550000000000004,45.800000000000004,137.0,0.9063,-0.38870000000000005,0.005,-0.0213,32.0125
2026-07-28 09:56:20.542000-04:00,CRWV,2027-12-17,100.0,C,240,5,18.900000000000002,50,836,65,20.7,50,2026-07-28 06:30:29-04:00,1920.0,19.8,1.7999999999999972,0.09090909090909076,507,65.425,0.5284677111196026,1.3898473451772577,0.9130294234849906,0.5758019815092921,-6.41951,22.2,23.150000000000002,1909.0,0.9031,0.601,0.0051,-0.030600000000000002,32.2421
2026-07-28 09:56:20.474000-04:00,CRWV,2027-12-17,100.0,P,536,65,48.25,50,227,65,50.15,50,2026-07-28 06:30:12-04:00,1543.0,49.2,1.8999999999999986,0.038617886178861756,507,65.425,0.5284677111196026,1.3898473451772577,0.9054691091927357,-0.42708073655813217,-6.35151,45.95,47.800000000000004,1543.0,0.901,-0.3996,0.0051,-0.0211,32.2578
2026-07-28 09:56:20.473000-04:00,CRWV,2027-12-17,105.0,C,430,22,17.75,50,1200,65,20.8,50,2026-07-28 06:30:06-04:00,373.0,19.275,3.0500000000000007,0.15823605706874194,507,65.425,0.6048910966755827,1.3898473451772577,0.9241969248103281,0.5624411906215852,-6.35051,21.150000000000002,22.1,373.0,0.9005000000000001,0.5823,0.0051,-0.0308,32.6053
2026-07-28 09:56:20.474000-04:00,CRWV,2027-12-17,105.0,P,418,65,51.0,50,106,65,53.9,50,2026-07-28 06:30:00-04:00,161.0,52.45,2.8999999999999986,0.05529075309818872,507,65.425,0.6048910966755827,1.3898473451772577,0.8846232472062514,-0.4536303574140147,-6.35151,49.800000000000004,51.15,161.0,0.8952,-0.41960000000000003,0.005200000000000001,-0.0207,32.6394
2026-07-28 09:56:20.500000-04:00,CRWV,2027-12-17,110.0,C,543,65,16.9,50,651,5,18.8,50,2026-07-28 06:30:23-04:00,441.0,17.85,1.9000000000000021,0.10644257703081243,507,65.425,0.6813144822315629,1.3898473451772577,0.9040483914040643,0.537047387373625,-6.37751,19.900000000000002,21.1,421.0,0.894,0.5625,0.005200000000000001,-0.0308,32.9065
2026-07-28 09:56:20.271000-04:00,CRWV,2027-12-17,110.0,P,232,65,55.0,50,144,5,58.0,50,2026-07-28 06:30:18-04:00,327.0,56.5,3.0,0.05309734513274336,507,65.425,0.6813144822315629,1.3898473451772577,0.888264682789015,-0.46975832594322875,-6.14851,54.050000000000004,55.2,327.0,0.9044000000000001,-0.4333,0.005200000000000001,-0.0207,32.8508
2026-07-28 09:56:20.271000-04:00,CRWV,2027-12-17,115.0,C,506,5,16.2,50,535,5,17.75,50,2026-07-28 06:30:29-04:00,277.0,16.975,1.5500000000000007,0.09131075110456557,507,65.425,0.757737867787543,1.3898473451772577,0.9003476163108821,0.5187949485898681,-6.14851,18.0,20.150000000000002,286.0,0.8765000000000001,0.5385,0.0054,-0.030500000000000003,33.161300000000004
2026-07-28 09:56:20.474000-04:00,CRWV,2027-12-17,115.0,P,359,65,59.0,50,191,5,62.300000000000004,50,2026-07-28 06:30:12-04:00,146.0,60.650000000000006,3.3000000000000043,0.05441055234954664,507,65.425,0.757737867787543,1.3898473451772577,0.8934638516503602,-0.4843073271101731,-6.35151,58.0,59.35,151.0,0.9089,-0.4479,0.005200000000000001,-0.0205,33.032900000000005
2026-07-28 09:56:20.273000-04:00,CRWV,2027-12-17,120.0,C,6,65,15.75,50,768,65,17.2,50,2026-07-28 06:30:06-04:00,1381.0,16.475,1.4499999999999993,0.08801213960546277,507,65.425,0.8341612533435232,1.3898473451772577,0.9073393587733646,0.5060596454609045,-6.15051,18.650000000000002,19.25,1382.0,0.8971,0.5312,0.0053,-0.031100000000000003,33.2149
2026-07-28 09:56:20.301000-04:00,CRWV,2027-12-17,120.0,P,164,65,63.0,50,131,5,66.55,50,2026-07-28 06:30:00-04:00,445.0,64.775,3.549999999999997,0.05480509455808563,507,65.425,0.8341612533435232,1.3898473451772577,0.8963121717813141,-0.4990837803693057,-6.17851,62.0,63.45,445.0,0.9118,-0.46240000000000003,0.005200000000000001,-0.020200000000000003,33.1691
2026-07-28 09:56:20.473000-04:00,CRWV,2027-12-17,125.0,C,355,65,14.65,50,494,65,16.5,50,2026-07-28 06:30:23-04:00,368.0,15.575,1.8499999999999996,0.11878009630818617,507,65.425,0.9105846388995034,1.3898473451772577,0.8999422339591135,0.4872686152095196,-6.35051,17.650000000000002,18.5,363.0,0.8933000000000001,0.5141,0.0053,-0.031100000000000003,33.296
2026-07-28 09:56:20.474000-04:00,CRWV,2027-12-17,125.0,P,444,65,68.75,50,210,65,70.65,50,2026-07-28 06:30:18-04:00,229.0,69.7,1.9000000000000057,0.027259684361549578,507,65.425,0.9105846388995034,1.3898473451772577,0.9237688031934181,-0.5013435124617602,-6.35151,65.45,67.5,229.0,0.9042,-0.4808,0.005200000000000001,-0.0195,33.278800000000004
2026-07-28 09:56:20.272000-04:00,CRWV,2027-12-17,130.0,C,255,65,14.15,50,478,65,15.85,50,2026-07-28 06:30:29-04:00,981.0,15.0,1.6999999999999993,0.11333333333333329,507,65.425,0.9870080244554835,1.3898473451772577,0.9018324476869474,0.4734838769624036,-6.14951,16.5,17.75,981.0,0.8862,0.4959,0.0053,-0.0308,33.3153
2026-07-28 09:56:20.288000-04:00,CRWV,2027-12-17,130.0,P,154,65,71.5,50,153,5,74.85000000000001,50,2026-07-28 06:30:12-04:00,86.0,73.17500000000001,3.3500000000000085,0.04578066279467042,507,65.425,0.9870080244554835,1.3898473451772577,0.9028206875185087,-0.5260236124854245,-6.16551,70.0,71.8,86.0,0.916,-0.49010000000000004,0.005200000000000001,-0.0194,33.3069
2026-07-28 09:56:20.500000-04:00,CRWV,2027-12-17,135.0,C,569,5,13.3,50,636,65,15.25,50,2026-07-28 06:30:06-04:00,261.0,14.275,1.9499999999999993,0.13660245183887912,507,65.425,1.0634314100114635,1.3898473451772577,0.8976457052841438,0.4572217102116417,-6.37751,15.15,17.0,261.0,0.8748,0.47590000000000005,0.0054,-0.0303,33.2565
2026-07-28 09:56:20.474000-04:00,CRWV,2027-12-17,135.0,P,142,65,76.0,50,205,65,79.10000000000001,50,2026-07-28 06:30:00-04:00,77.0,77.55000000000001,3.1000000000000085,0.03997421018697625,507,65.425,1.0634314100114635,1.3898473451772577,0.9099801854656628,-0.5364668670711972,-6.35151,74.25,75.95,77.0,0.9196000000000001,-0.5023,0.0051,-0.019100000000000002,33.316500000000005
2026-07-28 09:56:20.272000-04:00,CRWV,2027-12-17,140.0,C,499,65,12.65,50,478,65,14.6,50,2026-07-28 06:30:23-04:00,467.0,13.625,1.9499999999999993,0.14311926605504582,507,65.425,1.1398547955674436,1.3898473451772577,0.8947830446289139,0.44210464607728533,-6.14951,14.700000000000001,16.65,472.0,0.8819,0.4655,0.0053,-0.030500000000000003,33.1928
2026-07-28 09:56:20.258000-04:00,CRWV,2027-12-17,140.0,P,690,65,80.4,50,133,65,83.35000000000001,50,2026-07-28 06:30:18-04:00,97.0,81.875,2.950000000000003,0.036030534351145074,507,65.425,1.1398547955674436,1.3898473451772577,0.9144541966516277,-0.547584643235618,-6.13551,77.75,79.95,97.0,0.9086000000000001,-0.5211,0.005200000000000001,-0.0182,33.2704
2026-07-28 09:56:20.474000-04:00,CRWV,2027-12-17,145.0,C,557,65,12.0,50,507,65,14.1,50,2026-07-28 06:30:29-04:00,323.0,13.05,2.0999999999999996,0.16091954022988503,507,65.425,1.2162781811234238,1.3898473451772577,0.8933361335814892,0.428223790104755,-6.35151,14.85,15.65,323.0,0.8873000000000001,0.4549,0.0053,-0.030600000000000002,33.1047
2026-07-28 09:56:20.474000-04:00,CRWV,2027-12-17,145.0,P,176,65,84.5,50,84,65,87.65,50,2026-07-28 06:30:12-04:00,160.0,86.075,3.1500000000000057,0.03659599186755743,507,65.425,1.2162781811234238,1.3898473451772577,0.9138442407583582,-0.560774188368885,-6.35151,82.8,84.10000000000001,160.0,0.9221,-0.5273,0.0051,-0.0181,33.238800000000005
2026-07-28 09:56:20.415000-04:00,CRWV,2027-12-17,150.0,C,619,65,11.55,50,593,5,13.35,50,2026-07-28 06:30:06-04:00,942.0,12.45,1.799999999999999,0.14457831325301196,507,65.425,1.292701566679404,1.3898473451772577,0.890074733663355,0.41382330989632254,-6.29251,14.5,15.15,942.0,0.8916000000000001,0.4444,0.0053,-0.030600000000000002,32.9932
2026-07-28 09:56:20.271000-04:00,CRWV,2027-12-17,150.0,P,589,65,89.85000000000001,50,109,65,92.10000000000001,50,2026-07-28 06:30:00-04:00,1211.0,90.97500000000001,2.25,0.024732069249793896,507,65.425,1.292701566679404,1.3898473451772577,0.9353700923529611,-0.5616173791372637,-6.14851,86.95,88.55,1211.0,0.9257000000000001,-0.5378000000000001,0.0051,-0.0176,33.1668
2026-07-28 09:56:20.259000-04:00,CRWV,2027-12-17,155.0,C,691,65,10.8,50,970,65,13.75,50,2026-07-28 06:30:23-04:00,257.0,12.275,2.9499999999999993,0.240325865580448,507,65.425,1.369124952235384,1.3898473451772577,0.9000901669460036,0.4073149748567993,-6.13651,13.55,14.450000000000001,257.0,0.883,0.4274,0.0053,-0.030000000000000002,32.7652
2026-07-28 09:56:20.535000-04:00,CRWV,2027-12-17,155.0,P,188,65,93.5,50,148,65,96.85000000000001,50,2026-07-28 06:30:18-04:00,45.0,95.17500000000001,3.3500000000000085,0.035198318886262236,507,65.425,1.369124952235384,1.3898473451772577,0.9330558525558538,-0.5745602885792622,-6.41251,91.55,92.95,45.0,0.9345,-0.5452,0.005,-0.017400000000000002,33.1029
2026-07-28 09:56:20.272000-04:00,CRWV,2027-12-17,160.0,C,454,65,10.700000000000001,50,238,65,12.0,50,2026-07-28 06:30:29-04:00,823.0,11.350000000000001,1.299999999999999,0.1145374449339206,507,65.425,1.4455483377913643,1.3898473451772577,0.8841035037156565,0.386606432780843,-6.14951,12.8,14.15,823.0,0.8824000000000001,0.4152,0.005200000000000001,-0.0298,32.5623
2026-07-28 09:56:20.306000-04:00,CRWV,2027-12-17,160.0,P,231,65,98.0,50,137,65,101.35000000000001,50,2026-07-28 06:30:12-04:00,172.0,99.67500000000001,3.3500000000000085,0.033609229997491934,507,65.425,1.4455483377913643,1.3898473451772577,0.9398823808767152,-0.5820986413857995,-6.18351,95.3,97.5,172.0,0.932,-0.5579000000000001,0.005,-0.0166,32.9651
2026-07-28 09:56:20.417000-04:00,CRWV,2027-12-17,165.0,C,79,65,10.4,50,82,4,11.950000000000001,50,2026-07-28 06:30:29-04:00,371.0,11.175,1.5500000000000007,0.13870246085011192,507,65.425,1.5219717233473444,1.3898473451772577,0.8926067772529568,0.3802993289160606,-6.29451,11.950000000000001,14.05,371.0,0.8829,0.404,0.005200000000000001,-0.0296,32.3487
2026-07-28 09:56:20.405000-04:00,CRWV,2027-12-17,165.0,P,46,65,102.5,50,38,65,106.75,50,2026-07-28 06:30:12-04:00,402.0,104.625,4.25,0.04062126642771804,507,65.425,1.5219717233473444,1.3898473451772577,0.9609932564819466,-0.5813149346360404,-6.28251,99.75,102.60000000000001,402.0,0.9475,-0.5606,0.0049,-0.0166,32.930800000000005
2026-07-28 09:56:20.423000-04:00,CRWV,2027-12-17,170.0,C,212,65,9.6,50,77,65,11.6,50,2026-07-28 06:30:06-04:00,394.0,10.6,2.0,0.18867924528301888,507,65.425,1.5983951089033246,1.3898473451772577,0.8867480303431652,0.3661024242124899,-6.30051,12.200000000000001,12.9,394.0,0.8832000000000001,0.3931,0.005200000000000001,-0.029400000000000003,32.1149
2026-07-28 09:56:20.282000-04:00,CRWV,2027-12-17,170.0,P,97,65,107.0,50,38,65,110.65,50,2026-07-28 06:30:00-04:00,26.0,108.825,3.6500000000000057,0.03354008729611767,507,65.425,1.5983951089033246,1.3898473451772577,0.9565472004831713,-0.5940357823116249,-6.15951,104.8,106.4,26.0,0.9521000000000001,-0.5687,0.0049,-0.0162,32.8213
2026-07-28 09:56:20.258000-04:00,CRWV,2027-12-17,175.0,C,214,65,9.3,50,278,65,11.85,50,2026-07-28 06:30:23-04:00,278.0,10.575,2.549999999999999,0.24113475177304955,507,65.425,1.6748184944593048,1.3898473451772577,0.8991534179462847,0.36305870723731715,-6.13551,10.9,12.55,278.0,0.8709,0.3753,0.005200000000000001,-0.0286,31.6767
2026-07-28 09:56:20.272000-04:00,CRWV,2027-12-17,175.0,P,44,65,112.55,50,33,65,115.2,50,2026-07-28 06:30:18-04:00,12.0,113.875,2.6500000000000057,0.023271130625686108,507,65.425,1.6748184944593048,1.3898473451772577,0.9798888099315911,-0.5910216825145519,-6.14951,109.05,111.8,12.0,0.9680000000000001,-0.5703,0.0048000000000000004,-0.0162,32.798300000000005
2026-07-28 09:56:20.399000-04:00,CRWV,2027-12-17,180.0,C,75,9,9.3,50,611,65,10.700000000000001,50,2026-07-28 06:30:29-04:00,2752.0,10.0,1.4000000000000004,0.14000000000000004,507,65.425,1.751241880015285,1.3898473451772577,0.8918896140243004,0.3488089296104556,-6.27651,10.9,12.05,2753.0,0.8761,0.368,0.0051,-0.0286,31.477700000000002
2026-07-28 09:56:20.401000-04:00,CRWV,2027-12-17,180.0,P,29,65,116.5,50,33,65,120.75,50,2026-07-28 06:30:12-04:00,49.0,118.625,4.25,0.03582718651211802,507,65.425,1.751241880015285,1.3898473451772577,0.992711075602224,-0.5933818629704511,-6.27851,113.75,115.45,49.0,0.9638000000000001,-0.5822,0.0048000000000000004,-0.015300000000000001,32.6062
2026-07-28 09:56:20.330000-04:00,CRWV,2027-12-17,185.0,C,210,65,8.6,50,233,65,11.05,50,2026-07-28 06:30:00-04:00,315.0,9.825,2.450000000000001,0.2493638676844785,507,65.425,1.827665265571265,1.3898473451772577,0.8979842033059922,0.34287786377381163,-6.20751,10.9,11.65,315.0,0.8824000000000001,0.3618,0.005,-0.0286,31.2988
2026-07-28 09:56:20.410000-04:00,CRWV,2027-12-17,185.0,P,29,65,121.0,50,26,65,124.5,50,2026-07-28 06:30:06-04:00,21.0,122.75,3.5,0.028513238289205704,507,65.425,1.827665265571265,1.3898473451772577,0.9840675069887886,-0.6072582318292439,-6.28751,117.9,120.25,21.0,0.9678,-0.5894,0.0048000000000000004,-0.0149,32.476800000000004
2026-07-28 09:56:20.258000-04:00,CRWV,2027-12-17,190.0,C,991,65,7.5,50,798,65,10.700000000000001,50,2026-07-28 06:30:23-04:00,641.0,9.100000000000001,3.200000000000001,0.35164835164835173,507,65.425,1.9040886511272452,1.3898473451772577,0.8839268663784874,0.32514764748836017,-6.13551,9.8,11.25,641.0,0.8704000000000001,0.34500000000000003,0.005,-0.027700000000000002,30.771500000000003
2026-07-28 09:56:20.258000-04:00,CRWV,2027-12-17,190.0,P,29,65,125.5,50,31,65,130.15,50,2026-07-28 06:30:18-04:00,34.0,127.825,4.650000000000006,0.03637786035595545,507,65.425,1.9040886511272452,1.3898473451772577,1.006902044874023,-0.6032848089009342,-6.13551,122.85000000000001,125.05,34.0,0.9841000000000001,-0.5894,0.0047,-0.0149,32.4752
2026-07-28 09:56:20.259000-04:00,CRWV,2027-12-17,195.0,C,353,65,8.15,50,935,22,10.35,50,2026-07-28 06:30:29-04:00,793.0,9.25,2.1999999999999993,0.23783783783783777,507,65.425,1.9805120366832254,1.3898473451772577,0.9006724286352893,0.32641715170878227,-6.13651,10.15,10.85,793.0,0.8814000000000001,0.34240000000000004,0.0049,-0.0279,30.6841
2026-07-28 09:56:20.284000-04:00,CRWV,2027-12-17,195.0,P,26,65,130.5,50,89,65,134.15,50,2026-07-28 06:30:12-04:00,71.0,132.325,3.6500000000000057,0.02758360098242967,507,65.425,1.9805120366832254,1.3898473451772577,1.0099548062419204,-0.6099887928545995,-6.16151,127.0,130.75,71.0,1.0011,-0.5888,0.0046,-0.015000000000000001,32.4878
2026-07-28 09:56:20.272000-04:00,CRWV,2027-12-17,200.0,C,477,65,7.7,50,300,65,9.15,50,2026-07-28 06:30:29-04:00,1741.0,8.425,1.4500000000000002,0.17210682492581603,507,65.425,2.056935422239205,1.3898473451772577,0.8815517924370143,0.30617144202246627,-6.14951,9.200000000000001,10.5,1746.0,0.8713000000000001,0.3274,0.0049,-0.027100000000000003,30.148
2026-07-28 09:56:20.283000-04:00,CRWV,2027-12-17,200.0,P,26,65,135.0,50,82,65,138.70000000000002,50,2026-07-28 06:30:18-04:00,287.0,136.85000000000002,3.700000000000017,0.027036901717208742,507,65.425,2.056935422239205,1.3898473451772577,1.0134186355119308,-0.6161748289057776,-6.16051,131.5,133.85,287.0,0.9831000000000001,-0.6071000000000001,0.0046,-0.0135,32.1079
2026-07-28 09:56:20.415000-04:00,CRWV,2027-12-17,210.0,C,418,65,7.2,50,221,5,8.55,50,2026-07-28 06:30:12-04:00,428.0,7.875,1.3500000000000005,0.17142857142857149,507,65.425,2.2097821933511654,1.3898473451772577,0.8816959079632244,0.289988659963204,-6.29251,9.1,9.8,428.0,0.8793000000000001,0.3153,0.0048000000000000004,-0.0269,29.681800000000003
2026-07-28 09:56:20.415000-04:00,CRWV,2027-12-17,210.0,P,179,65,145.15,50,54,5,148.35,50,2026-07-28 06:30:29-04:00,44.0,146.75,3.1999999999999886,0.021805792163543364,507,65.425,2.2097821933511654,1.3898473451772577,1.0480924639258302,-0.6121628195491879,-6.29251,140.6,143.3,44.0,0.9979,-0.6148,0.0045000000000000005,-0.0128,31.9266
2026-07-28 09:56:20.266000-04:00,CRWV,2027-12-17,220.0,C,207,65,6.75,50,934,22,8.8,50,2026-07-28 06:30:06-04:00,423.0,7.775,2.0500000000000007,0.26366559485530555,507,65.425,2.3626289644631258,1.3898473451772577,0.897302360452341,0.2844982899995758,-6.14351,8.4,9.200000000000001,423.0,0.8771,0.2982,0.0047,-0.0262,28.9618
2026-07-28 09:56:20.272000-04:00,CRWV,2027-12-17,220.0,P,638,65,154.15,50,173,65,158.15,50,2026-07-28 06:30:12-04:00,230.0,156.15,4.0,0.025616394492475183,507,65.425,2.3626289644631258,1.3898473451772577,1.064548032357122,-0.617290820308462,-6.14951,149.5,154.35,230.0,1.0328,-0.6101,0.0044,-0.0131,32.0387
2026-07-28 09:56:20.258000-04:00,CRWV,2027-12-17,230.0,C,524,65,6.15,50,947,22,8.3,50,2026-07-28 06:30:12-04:00,462.0,7.2250000000000005,2.1500000000000004,0.2975778546712803,507,65.425,2.515475735575086,1.3898473451772577,0.894232300464136,0.2685263282798026,-6.13551,7.5,8.8,462.0,0.8731,0.281,0.0046,-0.0253,28.1642
2026-07-28 09:56:20.272000-04:00,CRWV,2027-12-17,230.0,P,289,65,164.20000000000002,50,123,65,168.1,50,2026-07-28 06:30:18-04:00,59.0,166.15,3.8999999999999773,0.023472765573277023,507,65.425,2.515475735575086,1.3898473451772577,1.100213572991388,-0.6108774628340691,-6.14951,159.5,163.55,59.0,1.0551000000000001,-0.6116,0.0043,-0.0128,32.0038
2026-07-28 09:56:20.408000-04:00,CRWV,2027-12-17,240.0,C,5,31,6.25,50,625,22,7.45,50,2026-07-28 06:30:29-04:00,424.0,6.85,1.2000000000000002,0.17518248175182485,507,65.425,2.6683225066870464,1.3898473451772577,0.8964911267571392,0.25677181572920715,-6.28551,7.05,8.25,424.0,0.8727,0.267,0.0045000000000000005,-0.0247,27.4601
2026-07-28 09:56:20.272000-04:00,CRWV,2027-12-17,240.0,P,57,4,173.5,50,65,5,177.5,50,2026-07-28 06:30:06-04:00,44.0,175.5,4.0,0.022792022792022793,507,65.425,2.6683225066870464,1.3898473451772577,1.1128351521241509,-0.6164069390056084,-6.14951,169.70000000000002,172.6,44.0,1.0772000000000002,-0.6123000000000001,0.004200000000000001,-0.0125,31.988100000000003
2026-07-28 09:56:20.400000-04:00,CRWV,2027-12-17,250.0,C,170,65,5.45,50,549,22,7.9,50,2026-07-28 06:30:12-04:00,531.0,6.675000000000001,2.45,0.36704119850187267,507,65.425,2.8211692777990067,1.3898473451772577,0.9056362371177769,0.25007927914467204,-6.27751,6.65,7.75,531.0,0.8727,0.2541,0.0043,-0.024,26.770300000000002
2026-07-28 09:56:20.259000-04:00,CRWV,2027-12-17,250.0,P,12,65,183.0,50,13,65,187.35,50,2026-07-28 06:30:29-04:00,77.0,185.175,4.349999999999994,0.023491292021061125,507,65.425,2.8211692777990067,1.3898473451772577,1.13555343713726,-0.6156640910968025,-6.13651,178.5,182.75,77.0,1.0934000000000001,-0.6155,0.0041,-0.0119,31.9097
2026-07-28 09:56:20.258000-04:00,CRWV,2027-12-17,260.0,C,495,65,5.1000000000000005,50,844,22,6.9,50,2026-07-28 06:30:12-04:00,307.0,6.0,1.7999999999999998,0.3,507,65.425,2.974016048910967,1.3898473451772577,0.892859260811998,0.23076796010127648,-6.13551,6.45,7.3,307.0,0.876,0.2441,0.004200000000000001,-0.0236,26.2038
2026-07-28 09:56:17.359000-04:00,CRWV,2027-12-17,260.0,P,7,11,193.0,50,14,4,196.5,50,2026-07-28 06:30:18-04:00,26.0,194.75,3.5,0.01797175866495507,507,65.425,2.974016048910967,1.3898473451772577,1.1540451129878313,-0.6166148539590526,-3.23651,188.95000000000002,192.15,26.0,1.1231,-0.6106,0.004,-0.012,32.0268
2026-07-28 09:56:20.310000-04:00,CRWV,2027-12-17,270.0,C,234,65,4.9,50,996,65,6.65,50,2026-07-28 06:30:12-04:00,1533.0,5.775,1.75,0.30303030303030304,507,65.425,3.126862820022927,1.3898473451772577,0.8977187585648877,0.22294619433879098,-6.18751,5.9,6.8500000000000005,1679.0,0.8714000000000001,0.23,0.0041,-0.0227,25.360500000000002
2026-07-28 09:56:16.305000-04:00,CRWV,2027-12-17,270.0,P,7,11,203.0,50,7,7,207.0,50,2026-07-28 06:30:06-04:00,33.0,205.0,4.0,0.01951219512195122,507,65.425,3.126862820022927,1.3898473451772577,1.1946077596263442,-0.6050038240599172,-2.18251,198.55,201.9,33.0,1.1439000000000001,-0.6101,0.004,-0.0118,32.04
2026-07-28 09:56:20.431000-04:00,CRWV,2027-12-17,280.0,C,2,31,5.0,50,701,22,6.05,50,2026-07-28 06:30:00-04:00,4026.0,5.525,1.0499999999999998,0.19004524886877824,507,65.425,3.2797095911348872,1.3898473451772577,0.9005733595208687,0.21454240327390334,-6.30851,5.6000000000000005,6.5,4025.0,0.8728,0.2202,0.004,-0.0222,24.743000000000002
2026-07-28 09:56:17.039000-04:00,CRWV,2027-12-17,280.0,P,17,65,212.5,50,21,65,216.1,50,2026-07-28 06:30:29-04:00,187.0,214.3,3.5999999999999943,0.01679888007466166,507,65.425,3.2797095911348872,1.3898473451772577,1.202377179269651,-0.6106930653947038,-2.91651,208.3,211.5,187.0,1.1643000000000001,-0.6092000000000001,0.0039000000000000003,-0.0115,32.0601
2026-07-28 09:56:20.427000-04:00,CRWV,2028-01-21,35.0,C,1,31,41.0,50,8,9,43.5,50,2026-07-28 06:30:24-04:00,149.0,42.25,2.5,0.05917159763313609,542,65.425,-0.4650363011081391,1.4857377561361618,1.0417488625426157,0.879049500080779,-6.30451,45.2,46.75,148.0,0.9773000000000001,0.891,0.0022,-0.0162,16.1199
2026-07-28 09:56:20.650000-04:00,CRWV,2028-01-21,35.0,P,24,7,8.25,50,520,65,8.9,50,2026-07-28 06:30:13-04:00,1125.0,8.575,0.6500000000000004,0.07580174927113707,542,65.425,-0.4650363011081391,1.4857377561361618,0.954607342837791,-0.12180535581337892,-6.52751,7.6000000000000005,8.05,1125.0,0.9453,-0.1085,0.0022,-0.012400000000000001,16.0796
2026-07-28 09:56:20.636000-04:00,CRWV,2028-01-21,37.5,C,212,65,38.550000000000004,50,8,9,42.5,50,2026-07-28 06:30:01-04:00,25.0,40.525000000000006,3.9499999999999957,0.09747069710055509,542,65.425,-0.426824608330149,1.4857377561361618,1.0031582579728586,0.8666942407825006,-6.51351,44.300000000000004,45.6,24.0,0.9874,0.8799,0.0023,-0.017400000000000002,17.2777
2026-07-28 09:56:20.650000-04:00,CRWV,2028-01-21,37.5,P,588,65,8.9,50,512,65,10.1,50,2026-07-28 06:30:30-04:00,266.0,9.5,1.1999999999999993,0.12631578947368413,542,65.425,-0.426824608330149,1.4857377561361618,0.9380860530575652,-0.13438675709982806,-6.52751,8.6,9.1,242.0,0.9392,-0.12000000000000001,0.0024000000000000002,-0.0132,17.277900000000002
2026-07-28 09:56:20.636000-04:00,CRWV,2028-01-21,40.0,C,536,65,37.0,50,7,9,41.5,50,2026-07-28 06:30:24-04:00,84.0,39.25,4.5,0.11464968152866242,542,65.425,-0.38861291555215893,1.4857377561361618,0.9909888510987949,0.8545588120531755,-6.51351,42.5,44.25,83.0,0.9630000000000001,0.8685,0.0025,-0.0181,18.4095
2026-07-28 09:56:20.623000-04:00,CRWV,2028-01-21,40.0,P,854,22,9.35,50,1,9,11.0,50,2026-07-28 06:30:24-04:00,367.0,10.175,1.6500000000000004,0.1621621621621622,542,65.425,-0.38861291555215893,1.4857377561361618,0.9069810470005976,-0.14757844802615283,-6.50051,9.75,10.200000000000001,367.0,0.9357000000000001,-0.1317,0.0026000000000000003,-0.013900000000000001,18.4327
2026-07-28 09:56:20.626000-04:00,CRWV,2028-01-21,42.5,C,405,65,36.15,50,372,65,38.75,50,2026-07-28 06:30:01-04:00,42.0,37.45,2.6000000000000014,0.06942590120160216,542,65.425,-0.35040122277416885,1.4857377561361618,0.9503581940423546,0.8409632371561531,-6.50351,41.2,43.800000000000004,42.0,0.9751000000000001,0.8575,0.0026000000000000003,-0.019200000000000002,19.448900000000002
2026-07-28 09:56:20.650000-04:00,CRWV,2028-01-21,42.5,P,1057,65,10.35,50,1006,65,13.4,50,2026-07-28 06:30:30-04:00,132.0,11.875,3.0500000000000007,0.2568421052631579,542,65.425,-0.35040122277416885,1.4857377561361618,0.9293543107815176,-0.15984421502240587,-6.52751,10.9,11.6,132.0,0.9382,-0.1433,0.0027,-0.014700000000000001,19.5288
2026-07-28 09:56:20.623000-04:00,CRWV,2028-01-21,45.0,C,549,22,35.0,50,643,22,38.550000000000004,50,2026-07-28 06:30:18-04:00,113.0,36.775000000000006,3.5500000000000043,0.09653297076818501,542,65.425,-0.31218952999617877,1.4857377561361618,0.9669257979523233,0.8296648126222487,-6.50051,40.25,42.6,112.0,0.9736,0.8463,0.0028,-0.0201,20.4561
2026-07-28 09:56:20.642000-04:00,CRWV,2028-01-21,45.0,P,352,65,11.75,50,13,76,13.55,50,2026-07-28 06:30:30-04:00,232.0,12.65,1.8000000000000007,0.14229249011857711,542,65.425,-0.31218952999617877,1.4857377561361618,0.9018026764014551,-0.17376139797514356,-6.51951,12.0,12.8,232.0,0.9318000000000001,-0.15510000000000002,0.0029000000000000002,-0.015300000000000001,20.5885
2026-07-28 09:56:20.625000-04:00,CRWV,2028-01-21,47.5,C,13,65,33.85,50,6,4,38.0,50,2026-07-28 06:30:13-04:00,33.0,35.925,4.149999999999999,0.11551844119693803,542,65.425,-0.2739778372181887,1.4857377561361618,0.9717332273485487,0.8181468593690544,-6.50251,39.050000000000004,40.9,33.0,0.9529000000000001,0.8342,0.003,-0.0207,21.4978
2026-07-28 09:56:20.642000-04:00,CRWV,2028-01-21,47.5,P,337,65,13.1,50,69,65,14.950000000000001,50,2026-07-28 06:30:07-04:00,60.0,14.025,1.8500000000000014,0.13190730837789671,542,65.425,-0.2739778372181887,1.4857377561361618,0.9026234264597747,-0.18662329871153793,-6.51951,13.200000000000001,14.1,60.0,0.9285,-0.16690000000000002,0.0031000000000000003,-0.0159,21.5945
2026-07-28 09:56:20.430000-04:00,CRWV,2028-01-21,50.0,C,30,9,32.8,50,13,9,37.0,50,2026-07-28 06:30:01-04:00,6852.0,34.9,4.200000000000003,0.12034383954154737,542,65.425,-0.23576614444019872,1.4857377561361618,0.9663298776487844,0.8060006198326461,-6.30751,37.4,39.5,6852.0,0.929,0.8215,0.0032,-0.0212,22.5351
2026-07-28 09:56:20.650000-04:00,CRWV,2028-01-21,50.0,P,1146,22,14.4,50,579,65,16.45,50,2026-07-28 06:30:24-04:00,2576.0,15.425,2.049999999999999,0.13290113452188,542,65.425,-0.23576614444019872,1.4857377561361618,0.9025142946902321,-0.19940279269321293,-6.52751,14.6,15.200000000000001,2576.0,0.9235000000000001,-0.1787,0.0032,-0.0164,22.5608
2026-07-28 09:56:20.636000-04:00,CRWV,2028-01-21,55.0,C,364,22,31.45,50,420,65,33.75,50,2026-07-28 06:30:01-04:00,60.0,32.6,2.3000000000000007,0.07055214723926383,542,65.425,-0.15934275888421856,1.4857377561361618,0.94124601027226,0.7800024056772903,-6.51351,35.95,38.300000000000004,59.0,0.9523,0.8008000000000001,0.0033,-0.023,24.110300000000002
2026-07-28 09:56:20.650000-04:00,CRWV,2028-01-21,55.0,P,1118,65,16.8,50,401,65,19.35,50,2026-07-28 06:30:07-04:00,205.0,18.075000000000003,2.5500000000000007,0.14107883817427389,542,65.425,-0.15934275888421856,1.4857377561361618,0.8909407667388397,-0.22579899132926573,-6.52751,17.05,17.85,205.0,0.9119,-0.20270000000000002,0.0035,-0.0172,24.3735
2026-07-28 09:56:20.626000-04:00,CRWV,2028-01-21,60.0,C,1063,22,29.3,50,1021,65,33.0,50,2026-07-28 06:30:01-04:00,7017.0,31.15,3.6999999999999993,0.11878009630818617,542,65.425,-0.0829193733282384,1.4857377561361618,0.9476029811569857,0.7578526378320853,-6.50351,32.85,35.4,7011.0,0.9023,0.7733,0.0038,-0.0236,26.0054
2026-07-28 09:56:20.417000-04:00,CRWV,2028-01-21,60.0,P,806,22,20.75,50,225,5,22.150000000000002,50,2026-07-28 06:30:18-04:00,1207.0,21.450000000000003,1.4000000000000021,0.06526806526806536,542,65.425,-0.0829193733282384,1.4857377561361618,0.9034535115151441,-0.24873965343085502,-6.29451,19.45,21.05,1213.0,0.9056000000000001,-0.2263,0.0038,-0.018000000000000002,25.980900000000002
2026-07-28 09:56:20.643000-04:00,CRWV,2028-01-21,62.5,C,148,65,29.3,50,589,5,31.0,50,2026-07-28 06:30:07-04:00,72.0,30.15,1.6999999999999993,0.05638474295190711,542,65.425,-0.04470768055024832,1.4857377561361618,0.9379381624406318,0.7450748767230552,-6.52051,33.5,34.5,66.0,0.9295,0.7656000000000001,0.0038,-0.0246,26.494200000000003
2026-07-28 09:56:20.643000-04:00,CRWV,2028-01-21,62.5,P,611,65,22.400000000000002,50,795,65,24.7,50,2026-07-28 06:30:01-04:00,238.0,23.55,2.299999999999997,0.09766454352441602,542,65.425,-0.04470768055024832,1.4857377561361618,0.9232921088543425,-0.25735161219498326,-6.52051,21.55,22.25,238.0,0.9101,-0.2369,0.0039000000000000003,-0.0184,26.6564
2026-07-28 09:56:20.639000-04:00,CRWV,2028-01-21,65.0,C,526,65,27.95,50,489,65,30.25,50,2026-07-28 06:30:07-04:00,170.0,29.1,2.3000000000000007,0.07903780068728525,542,65.425,-0.006495987772258238,1.4857377561361618,0.9257163348777137,0.7317181808999118,-6.51651,32.5,33.65,170.0,0.9245000000000001,0.7541,0.0039000000000000003,-0.0251,27.195400000000003
2026-07-28 09:56:20.636000-04:00,CRWV,2028-01-21,65.0,P,344,65,24.35,50,922,65,26.2,50,2026-07-28 06:30:01-04:00,1956.0,25.275,1.8499999999999979,0.07319485657764581,542,65.425,-0.006495987772258238,1.4857377561361618,0.9268975462744448,-0.2680672057854073,-6.51351,22.900000000000002,24.1,1956.0,0.9115000000000001,-0.24780000000000002,0.004,-0.0188,27.310100000000002
2026-07-28 09:56:20.631000-04:00,CRWV,2028-01-21,67.5,C,344,65,27.400000000000002,50,453,22,30.5,50,2026-07-28 06:30:30-04:00,73.0,28.950000000000003,3.099999999999998,0.10708117443868731,542,65.425,0.03171570500573173,1.4857377561361618,0.9466043866145575,0.7246966308880474,-6.50851,31.35,32.75,73.0,0.9154,0.7419,0.004,-0.025500000000000002,27.8972
2026-07-28 09:56:20.650000-04:00,CRWV,2028-01-21,67.5,P,1230,22,24.35,50,338,65,27.1,50,2026-07-28 06:30:30-04:00,1630.0,25.725,2.75,0.10689990281827016,542,65.425,0.03171570500573173,1.4857377561361618,0.8820817574694189,-0.28808559895452557,-6.52751,24.55,25.3,1626.0,0.9053,-0.2596,0.0041,-0.019,27.9895
2026-07-28 09:56:20.639000-04:00,CRWV,2028-01-21,70.0,C,504,5,26.650000000000002,50,1195,65,29.6,50,2026-07-28 06:30:07-04:00,458.0,28.125,2.9499999999999993,0.10488888888888886,542,65.425,0.06992739778372181,1.4857377561361618,0.9409334666311852,0.7128758990174775,-6.51651,30.6,32.1,444.0,0.917,0.7316,0.0041,-0.026000000000000002,28.463
2026-07-28 09:56:20.650000-04:00,CRWV,2028-01-21,70.0,P,627,65,27.2,50,291,65,28.7,50,2026-07-28 06:30:18-04:00,1097.0,27.95,1.5,0.053667262969588556,542,65.425,0.06992739778372181,1.4857377561361618,0.9023599383484509,-0.29535784150083755,-6.52751,26.0,26.85,1097.0,0.9012,-0.2712,0.004200000000000001,-0.019100000000000002,28.6139
2026-07-28 09:56:20.625000-04:00,CRWV,2028-01-21,72.5,C,319,65,26.05,50,589,22,29.0,50,2026-07-28 06:30:30-04:00,145.0,27.525,2.9499999999999993,0.10717529518619436,542,65.425,0.10813909056171189,1.4857377561361618,0.9427101381140235,0.7027658356370364,-6.50251,30.0,31.2,145.0,0.9158000000000001,0.7209,0.004200000000000001,-0.026500000000000003,29.017200000000003
2026-07-28 09:56:20.642000-04:00,CRWV,2028-01-21,72.5,P,511,65,27.5,50,598,65,31.3,50,2026-07-28 06:30:30-04:00,161.0,29.4,3.8000000000000007,0.12925170068027214,542,65.425,0.10813909056171189,1.4857377561361618,0.8933991106486041,-0.3085404000471348,-6.51951,27.8,28.650000000000002,161.0,0.9066000000000001,-0.2808,0.0043,-0.0195,29.1079
2026-07-28 09:56:20.656000-04:00,CRWV,2028-01-21,75.0,C,466,5,25.25,50,1347,65,28.45,50,2026-07-28 06:30:07-04:00,781.0,26.85,3.1999999999999993,0.11918063314711357,542,65.425,0.14635078333970197,1.4857377561361618,0.9409204542703903,0.6920402213354686,-6.53351,29.55,30.55,781.0,0.9207000000000001,0.7116,0.004200000000000001,-0.027,29.4753
2026-07-28 09:56:20.625000-04:00,CRWV,2028-01-21,75.0,P,1112,22,29.85,50,444,65,32.3,50,2026-07-28 06:30:01-04:00,1160.0,31.075,2.4499999999999957,0.07884151246983091,542,65.425,0.14635078333970197,1.4857377561361618,0.8917426234405912,-0.319995948588637,-6.50251,29.25,30.150000000000002,1160.0,0.9001,-0.2926,0.0044,-0.0195,29.6807
2026-07-28 09:56:20.535000-04:00,CRWV,2028-01-21,77.5,C,372,5,24.35,50,406,65,28.0,50,2026-07-28 06:30:24-04:00,27.0,26.175,3.6499999999999986,0.13944603629417376,542,65.425,0.18456247611769205,1.4857377561361618,0.9383998407157383,0.6812673929176576,-6.41251,28.400000000000002,29.7,27.0,0.9095000000000001,0.6991,0.0044,-0.027200000000000002,30.060200000000002
2026-07-28 09:56:20.474000-04:00,CRWV,2028-01-21,77.5,P,455,65,30.5,50,219,65,33.8,50,2026-07-28 06:30:07-04:00,201.0,32.15,3.299999999999997,0.10264385692068421,542,65.425,0.18456247611769205,1.4857377561361618,0.8686365696037874,-0.3370077319035265,-6.35151,31.150000000000002,31.8,212.0,0.9027000000000001,-0.3024,0.0044,-0.019700000000000002,30.129
2026-07-28 09:56:20.625000-04:00,CRWV,2028-01-21,80.0,C,409,5,24.1,50,667,65,26.0,50,2026-07-28 06:30:24-04:00,2103.0,25.05,1.8999999999999986,0.07584830339321351,542,65.425,0.22277416889568213,1.4857377561361618,0.9196609096154441,0.6662028090990989,-6.50251,27.35,28.900000000000002,2106.0,0.9003,0.6868000000000001,0.0045000000000000005,-0.0274,30.593700000000002
2026-07-28 09:56:20.625000-04:00,CRWV,2028-01-21,80.0,P,592,65,33.95,50,141,65,35.5,50,2026-07-28 06:30:18-04:00,6437.0,34.725,1.5499999999999972,0.044636429085673064,542,65.425,0.22277416889568213,1.4857377561361618,0.89640606072462,-0.3402138061439416,-6.50251,32.65,33.55,6437.0,0.8999,-0.31320000000000003,0.0045000000000000005,-0.0198,30.598200000000002
2026-07-28 09:56:20.473000-04:00,CRWV,2028-01-21,82.5,C,467,65,23.3,50,445,65,25.25,50,2026-07-28 06:30:24-04:00,140.0,24.275,1.9499999999999993,0.0803295571575695,542,65.425,0.2609858616736722,1.4857377561361618,0.9126508406037654,0.6541361811578569,-6.35051,27.1,28.400000000000002,140.0,0.9086000000000001,0.679,0.0045000000000000005,-0.027800000000000002,30.9173
2026-07-28 09:56:20.474000-04:00,CRWV,2028-01-21,82.5,P,938,22,34.75,50,235,65,37.35,50,2026-07-28 06:30:18-04:00,368.0,36.05,2.6000000000000014,0.07212205270457703,542,65.425,0.2609858616736722,1.4857377561361618,0.8806677838680985,-0.3552370811115311,-6.35151,34.45,35.25,368.0,0.9002,-0.3231,0.0046,-0.0199,31.0027
2026-07-28 09:56:20.417000-04:00,CRWV,2028-01-21,85.0,C,473,5,22.900000000000002,50,602,5,24.400000000000002,50,2026-07-28 06:30:29-04:00,659.0,23.650000000000002,1.5,0.06342494714587738,542,65.425,0.2991975544516623,1.4857377561361618,0.9101772022797997,0.6434371548981335,-6.29451,26.400000000000002,27.55,658.0,0.9031,0.6678000000000001,0.0046,-0.028,31.3516
2026-07-28 09:56:20.632000-04:00,CRWV,2028-01-21,85.0,P,355,65,36.0,50,181,5,39.15,50,2026-07-28 06:30:24-04:00,2888.0,37.575,3.1499999999999986,0.08383233532934127,542,65.425,0.2991975544516623,1.4857377561361618,0.8712794129484158,-0.3685846452950886,-6.50951,36.2,37.0,2888.0,0.8999,-0.333,0.0046,-0.02,31.383200000000002
2026-07-28 09:56:20.474000-04:00,CRWV,2028-01-21,87.5,C,369,22,22.25,50,1058,65,25.25,50,2026-07-28 06:30:30-04:00,86.0,23.75,3.0,0.12631578947368421,542,65.425,0.3374092472296524,1.4857377561361618,0.9313405391473789,0.6403053904337973,-6.35151,25.95,27.0,84.0,0.9059,0.6589,0.0046,-0.0284,31.673000000000002
2026-07-28 09:56:20.474000-04:00,CRWV,2028-01-21,87.5,P,1021,65,38.25,50,346,65,41.2,50,2026-07-28 06:30:13-04:00,1788.0,39.725,2.950000000000003,0.07426054122089372,542,65.425,0.3374092472296524,1.4857377561361618,0.8820311686948262,-0.37540305643405936,-6.35151,37.9,38.800000000000004,1788.0,0.899,-0.34290000000000004,0.0047,-0.02,31.741300000000003
2026-07-28 09:56:20.628000-04:00,CRWV,2028-01-21,90.0,C,6,5,22.0,50,1171,65,24.75,50,2026-07-28 06:30:01-04:00,863.0,23.375,2.75,0.11764705882352941,542,65.425,0.37562094000764246,1.4857377561361618,0.93582035378328,0.6324337649954342,-6.50551,23.5,26.25,863.0,0.8737,0.6399,0.0049,-0.028,32.3031
2026-07-28 09:56:20.625000-04:00,CRWV,2028-01-21,90.0,P,331,65,40.0,50,188,65,42.85,50,2026-07-28 06:30:12-04:00,855.0,41.425,2.8500000000000014,0.06879903439951723,542,65.425,0.37562094000764246,1.4857377561361618,0.8772457987314909,-0.38701229995692377,-6.50251,39.6,40.6,855.0,0.8974000000000001,-0.3529,0.0047,-0.02,32.0771
2026-07-28 09:56:20.473000-04:00,CRWV,2028-01-21,92.5,C,543,65,20.95,50,820,65,24.5,50,2026-07-28 06:30:07-04:00,109.0,22.725,3.5500000000000007,0.15621562156215624,542,65.425,0.41383263278563254,1.4857377561361618,0.9306013635897527,0.621593877087713,-6.35051,24.7,25.7,93.0,0.9011,0.6388,0.0048000000000000004,-0.028800000000000003,32.336800000000004
2026-07-28 09:56:20.474000-04:00,CRWV,2028-01-21,92.5,P,286,65,41.5,50,92,65,44.9,50,2026-07-28 06:30:01-04:00,551.0,43.2,3.3999999999999986,0.07870370370370366,542,65.425,0.41383263278563254,1.4857377561361618,0.8743868221219675,-0.39787343358855376,-6.35151,41.45,42.5,551.0,0.8991,-0.3617,0.0048000000000000004,-0.02,32.3555
2026-07-28 09:56:20.628000-04:00,CRWV,2028-01-21,95.0,C,515,65,20.45,50,435,65,22.45,50,2026-07-28 06:30:29-04:00,173.0,21.45,2.0,0.09324009324009325,542,65.425,0.4520443255636226,1.4857377561361618,0.9045585720175661,0.6034152725092197,-6.50551,22.8,25.150000000000002,173.0,0.8797,0.6228,0.005,-0.0285,32.800200000000004
2026-07-28 09:56:20.625000-04:00,CRWV,2028-01-21,95.0,P,284,65,43.5,50,91,65,46.75,50,2026-07-28 06:30:12-04:00,490.0,45.125,3.25,0.07202216066481995,542,65.425,0.4520443255636226,1.4857377561361618,0.875853012757728,-0.40701601476712823,-6.50251,43.15,44.1,490.0,0.8934000000000001,-0.37270000000000003,0.0049,-0.0199,32.6776
2026-07-28 09:56:20.473000-04:00,CRWV,2028-01-21,97.5,C,755,65,19.45,50,585,65,22.25,50,2026-07-28 06:30:30-04:00,59.0,20.85,2.8000000000000007,0.13429256594724223,542,65.425,0.4902560183416127,1.4857377561361618,0.9002475935686878,0.5927068938848848,-6.35051,23.2,24.55,59.0,0.8925000000000001,0.6179,0.0049,-0.029,32.9298
2026-07-28 09:56:20.474000-04:00,CRWV,2028-01-21,97.5,P,501,65,45.5,50,156,65,48.6,50,2026-07-28 06:30:13-04:00,917.0,47.05,3.1000000000000014,0.06588735387885232,542,65.425,0.4902560183416127,1.4857377561361618,0.8767731886977621,-0.41613298651848674,-6.35151,45.050000000000004,46.4,917.0,0.901,-0.37920000000000004,0.0048000000000000004,-0.02,32.855000000000004
2026-07-28 09:56:20.521000-04:00,CRWV,2028-01-21,100.0,C,7,6,20.0,50,658,5,21.35,50,2026-07-28 06:30:18-04:00,2816.0,20.675,1.3500000000000014,0.06529625151148737,542,65.425,0.5284677111196026,1.4857377561361618,0.9091657935026113,0.5871362074242269,-6.39851,23.0,23.95,2807.0,0.8956000000000001,0.61,0.0049,-0.0292,33.1256
2026-07-28 09:56:20.628000-04:00,CRWV,2028-01-21,100.0,P,532,22,48.75,50,138,65,50.550000000000004,50,2026-07-28 06:30:07-04:00,2433.0,49.650000000000006,1.8000000000000043,0.0362537764350454,542,65.425,0.5284677111196026,1.4857377561361618,0.8988245021358066,-0.416818208514129,-6.50551,46.6,48.0,2433.0,0.8923000000000001,-0.391,0.0049,-0.019700000000000002,33.1532
2026-07-28 09:56:20.628000-04:00,CRWV,2028-01-21,105.0,C,218,65,18.85,50,543,65,20.75,50,2026-07-28 06:30:01-04:00,390.0,19.8,1.8999999999999986,0.09595959595959588,542,65.425,0.6048910966755827,1.4857377561361618,0.9086557295837941,0.5697094269511377,-6.50551,21.75,23.0,388.0,0.8913000000000001,0.5912000000000001,0.005,-0.029400000000000003,33.5407
2026-07-28 09:56:20.702000-04:00,CRWV,2028-01-21,105.0,P,720,22,52.25,50,132,65,54.5,50,2026-07-28 06:30:24-04:00,238.0,53.375,2.25,0.04215456674473068,542,65.425,0.6048910966755827,1.4857377561361618,0.8940690819497259,-0.43621404575858336,-6.57951,50.65,52.1,239.0,0.901,-0.4051,0.0049,-0.019700000000000002,33.4677
2026-07-28 09:56:20.416000-04:00,CRWV,2028-01-21,110.0,C,378,5,18.0,50,527,5,19.6,50,2026-07-28 06:30:18-04:00,710.0,18.8,1.6000000000000014,0.08510638297872347,542,65.425,0.6813144822315629,1.4857377561361618,0.9025216038584128,0.5505449965805199,-6.29351,21.05,22.0,651.0,0.8927,0.5751000000000001,0.005,-0.0297,33.8331
2026-07-28 09:56:20.474000-04:00,CRWV,2028-01-21,110.0,P,452,65,55.5,50,181,65,58.75,50,2026-07-28 06:30:07-04:00,1550.0,57.125,3.25,0.05689277899343545,542,65.425,0.6813144822315629,1.4857377561361618,0.8884775730426053,-0.45549385053130464,-6.35151,54.35,56.35,1550.0,0.9051,-0.42000000000000004,0.005,-0.0196,33.7511
2026-07-28 09:56:20.628000-04:00,CRWV,2028-01-21,115.0,C,198,5,17.25,50,859,65,20.0,50,2026-07-28 06:30:29-04:00,277.0,18.625,2.75,0.1476510067114094,542,65.425,0.757737867787543,1.4857377561361618,0.9209667380991408,0.5426665138545823,-6.50551,18.900000000000002,21.45,250.0,0.878,0.5528000000000001,0.005200000000000001,-0.029400000000000003,34.1425
2026-07-28 09:56:20.625000-04:00,CRWV,2028-01-21,115.0,P,688,22,60.25,50,136,65,62.5,50,2026-07-28 06:30:01-04:00,198.0,61.375,2.25,0.03665987780040733,542,65.425,0.757737867787543,1.4857377561361618,0.8971393658894514,-0.46789170428299365,-6.50251,57.9,60.2,203.0,0.8995000000000001,-0.43810000000000004,0.005,-0.019200000000000002,34.0307
2026-07-28 09:56:20.473000-04:00,CRWV,2028-01-21,120.0,C,368,5,16.4,50,651,65,18.150000000000002,50,2026-07-28 06:30:29-04:00,4399.0,17.275,1.7500000000000036,0.10130246020260514,542,65.425,0.8341612533435232,1.4857377561361618,0.9008981691310444,0.5183646010636236,-6.35051,19.150000000000002,20.150000000000002,4401.0,0.8862,0.5407000000000001,0.0051,-0.0298,34.266
2026-07-28 09:56:20.624000-04:00,CRWV,2028-01-21,120.0,P,527,65,64.8,50,193,65,67.1,50,2026-07-28 06:30:18-04:00,254.0,65.94999999999999,2.299999999999997,0.03487490523123575,542,65.425,0.8341612533435232,1.4857377561361618,0.914566983264986,-0.47532211558708115,-6.50151,62.25,64.25,254.0,0.9071,-0.4501,0.005,-0.019,34.1769
2026-07-28 09:56:20.418000-04:00,CRWV,2028-01-21,125.0,C,258,5,15.75,50,556,4,17.3,50,2026-07-28 06:30:24-04:00,749.0,16.525,1.5500000000000007,0.0937972768532527,542,65.425,0.9105846388995034,1.4857377561361618,0.898484960990441,0.5023749723037211,-6.29551,18.2,19.6,749.0,0.8863000000000001,0.5257000000000001,0.005200000000000001,-0.0298,34.3737
2026-07-28 09:56:20.474000-04:00,CRWV,2028-01-21,125.0,P,615,22,68.75,50,151,65,71.0,50,2026-07-28 06:30:18-04:00,441.0,69.875,2.25,0.03220035778175313,542,65.425,0.9105846388995034,1.4857377561361618,0.9102151313097729,-0.4919888360340733,-6.35151,66.65,68.0,441.0,0.9096000000000001,-0.4637,0.005,-0.0187,34.3031
2026-07-28 09:56:20.417000-04:00,CRWV,2028-01-21,130.0,C,340,5,15.05,50,664,5,16.45,50,2026-07-28 06:30:07-04:00,3204.0,15.75,1.3999999999999986,0.0888888888888888,542,65.425,0.9870080244554835,1.4857377561361618,0.8940866260124242,0.48588818740814327,-6.29451,17.85,18.7,3225.0,0.8887,0.5124000000000001,0.0051,-0.029900000000000003,34.4288
2026-07-28 09:56:20.628000-04:00,CRWV,2028-01-21,130.0,P,548,65,73.25,50,93,65,75.15,50,2026-07-28 06:30:12-04:00,542.0,74.2,1.9000000000000057,0.025606469002695493,542,65.425,0.9870080244554835,1.4857377561361618,0.9172605848842089,-0.5026315923527966,-6.50551,70.60000000000001,72.5,542.0,0.9155000000000001,-0.47500000000000003,0.005,-0.0184,34.3783
2026-07-28 09:56:20.416000-04:00,CRWV,2028-01-21,135.0,C,359,5,14.35,50,468,5,15.5,50,2026-07-28 06:30:12-04:00,959.0,14.925,1.1500000000000004,0.07705192629815748,542,65.425,1.0634314100114635,1.4857377561361618,0.8869832894271619,0.46841119704806555,-6.29351,16.8,17.85,959.0,0.8807,0.49460000000000004,0.005200000000000001,-0.0296,34.4426
2026-07-28 09:56:20.625000-04:00,CRWV,2028-01-21,135.0,P,771,22,77.25,50,181,65,79.60000000000001,50,2026-07-28 06:30:24-04:00,1964.0,78.42500000000001,2.3500000000000085,0.029964934650940495,542,65.425,1.0634314100114635,1.4857377561361618,0.9200766654238124,-0.5146781483876535,-6.50251,74.75,76.5,1964.0,0.9157000000000001,-0.4884,0.005,-0.018000000000000002,34.4313
2026-07-28 09:56:20.474000-04:00,CRWV,2028-01-21,140.0,C,340,5,13.8,50,746,65,15.450000000000001,50,2026-07-28 06:30:29-04:00,1067.0,14.625,1.6500000000000004,0.11282051282051285,542,65.425,1.1398547955674436,1.4857377561361618,0.8953975369201584,0.4595239059783499,-6.35151,16.3,17.2,1027.0,0.8826,0.48210000000000003,0.005200000000000001,-0.0297,34.4112
2026-07-28 09:56:20.533000-04:00,CRWV,2028-01-21,140.0,P,152,65,80.5,50,150,9,83.9,50,2026-07-28 06:30:24-04:00,1075.0,82.2,3.4000000000000057,0.04136253041362537,542,65.425,1.1398547955674436,1.4857377561361618,0.9077077952310683,-0.5340090440637494,-6.41051,79.10000000000001,80.4,1075.0,0.9166000000000001,-0.5009,0.005,-0.0175,34.4456
2026-07-28 09:56:20.416000-04:00,CRWV,2028-01-21,145.0,C,191,5,13.35,50,458,5,14.55,50,2026-07-28 06:30:12-04:00,609.0,13.95,1.200000000000001,0.08602150537634416,542,65.425,1.2162781811234238,1.4857377561361618,0.891006461262612,0.4444048976786922,-6.29351,15.5,17.05,610.0,0.8863000000000001,0.47100000000000003,0.0051,-0.0297,34.3549
2026-07-28 09:56:20.474000-04:00,CRWV,2028-01-21,145.0,P,418,65,85.0,50,466,65,88.9,50,2026-07-28 06:30:01-04:00,1167.0,86.95,3.9000000000000057,0.044853364002300236,542,65.425,1.2162781811234238,1.4857377561361618,0.9251518668489005,-0.5373652797098247,-6.35151,83.4,84.65,1167.0,0.9207000000000001,-0.5114000000000001,0.005,-0.0172,34.431400000000004
2026-07-28 09:56:20.416000-04:00,CRWV,2028-01-21,150.0,C,12,73,12.950000000000001,50,543,5,13.85,50,2026-07-28 06:30:07-04:00,32136.0,13.4,0.8999999999999986,0.0671641791044775,542,65.425,1.292701566679404,1.4857377561361618,0.8896585803853121,0.4313536137403267,-6.29351,15.25,15.85,32142.0,0.882,0.45630000000000004,0.005200000000000001,-0.029400000000000003,34.238800000000005
2026-07-28 09:56:20.628000-04:00,CRWV,2028-01-21,150.0,P,471,65,90.75,50,159,65,92.55,50,2026-07-28 06:30:01-04:00,189.0,91.65,1.7999999999999972,0.019639934533551524,542,65.425,1.292701566679404,1.4857377561361618,0.940211881787517,-0.5412834733418208,-6.50551,87.60000000000001,89.25,189.0,0.9276000000000001,-0.5199,0.0049,-0.016800000000000002,34.4025
2026-07-28 09:56:20.473000-04:00,CRWV,2028-01-21,155.0,C,864,65,11.35,50,875,65,14.200000000000001,50,2026-07-28 06:30:18-04:00,2653.0,12.775,2.8500000000000014,0.22309197651663415,542,65.425,1.369124952235384,1.4857377561361618,0.8850405363832193,0.41688449771195124,-6.35051,14.35,15.5,2653.0,0.8795000000000001,0.4428,0.0051,-0.0292,34.092
2026-07-28 09:56:20.625000-04:00,CRWV,2028-01-21,155.0,P,399,65,94.0,50,245,65,97.45,50,2026-07-28 06:30:07-04:00,882.0,95.725,3.450000000000003,0.03604074170801779,542,65.425,1.369124952235384,1.4857377561361618,0.9347315526987099,-0.5555730064863681,-6.50251,92.0,93.45,882.0,0.9309000000000001,-0.5297000000000001,0.0049,-0.0164,34.3496
2026-07-28 09:56:20.473000-04:00,CRWV,2028-01-21,160.0,C,305,65,11.700000000000001,50,412,5,13.0,50,2026-07-28 06:30:29-04:00,816.0,12.350000000000001,1.299999999999999,0.10526315789473674,542,65.425,1.4455483377913643,1.4857377561361618,0.8860334015050284,0.40600934813209194,-6.35051,13.950000000000001,14.85,818.0,0.8794000000000001,0.43110000000000004,0.0051,-0.029,33.9319
2026-07-28 09:56:20.628000-04:00,CRWV,2028-01-21,160.0,P,144,65,98.5,50,68,9,101.75,50,2026-07-28 06:30:12-04:00,1360.0,100.125,3.25,0.03245942571785269,542,65.425,1.4455483377913643,1.4857377561361618,0.9388108023839574,-0.5643196221908646,-6.50551,96.2,98.05,1360.0,0.9363,-0.538,0.0049,-0.016,34.2889
2026-07-28 09:56:20.631000-04:00,CRWV,2028-01-21,165.0,C,476,65,11.05,50,239,65,12.200000000000001,50,2026-07-28 06:30:12-04:00,385.0,11.625,1.1500000000000004,0.09892473118279572,542,65.425,1.5219717233473444,1.4857377561361618,0.8765034591542782,0.3893974347066992,-6.50851,13.4,14.25,385.0,0.8768,0.4184,0.0051,-0.028800000000000003,33.7233
2026-07-28 09:56:20.625000-04:00,CRWV,2028-01-21,165.0,P,212,65,103.75,50,175,5,106.85000000000001,50,2026-07-28 06:30:12-04:00,16.0,105.30000000000001,3.1000000000000085,0.02943969610636285,542,65.425,1.5219717233473444,1.4857377561361618,0.9669212911350565,-0.5594462782210163,-6.50251,100.10000000000001,102.65,16.0,0.9367000000000001,-0.5485,0.0048000000000000004,-0.0155,34.1906
2026-07-28 09:56:20.534000-04:00,CRWV,2028-01-21,170.0,C,264,5,10.85,50,531,5,11.9,50,2026-07-28 06:30:12-04:00,575.0,11.375,1.0500000000000007,0.09230769230769237,542,65.425,1.5983951089033246,1.4857377561361618,0.8817451383218712,0.38184978719970203,-6.41151,12.25,13.75,575.0,0.8662000000000001,0.40140000000000003,0.0051,-0.0281,33.3893
2026-07-28 09:56:20.625000-04:00,CRWV,2028-01-21,170.0,P,99,65,107.5,50,111,65,110.7,50,2026-07-28 06:30:01-04:00,38.0,109.1,3.200000000000003,0.029330889092575647,542,65.425,1.5983951089033246,1.4857377561361618,0.9506129331444496,-0.5784556550180697,-6.50251,104.95,107.3,38.0,0.9511000000000001,-0.551,0.0048000000000000004,-0.0154,34.1629
2026-07-28 09:56:20.643000-04:00,CRWV,2028-01-21,175.0,C,599,65,10.05,50,927,65,12.6,50,2026-07-28 06:30:24-04:00,326.0,11.325,2.549999999999999,0.2251655629139072,542,65.425,1.6748184944593048,1.4857377561361618,0.8930022161757385,0.37834410581540345,-6.52051,11.9,13.4,326.0,0.869,0.3925,0.0051,-0.028,33.188
2026-07-28 09:56:20.628000-04:00,CRWV,2028-01-21,175.0,P,52,65,112.0,50,98,65,115.2,50,2026-07-28 06:30:18-04:00,54.0,113.6,3.200000000000003,0.028169014084507067,542,65.425,1.6748184944593048,1.4857377561361618,0.9560449269141489,-0.5851522880405449,-6.50551,109.5,112.45,54.0,0.9678,-0.5519000000000001,0.0047,-0.0154,34.153400000000005
2026-07-28 09:56:20.636000-04:00,CRWV,2028-01-21,180.0,C,474,65,9.9,50,1059,65,12.200000000000001,50,2026-07-28 06:30:29-04:00,1579.0,11.05,2.3000000000000007,0.20814479638009054,542,65.425,1.751241880015285,1.4857377561361618,0.896309177534004,0.37052947943793635,-6.51351,12.1,13.1,1573.0,0.8803000000000001,0.389,0.005,-0.028300000000000002,33.104600000000005
2026-07-28 09:56:20.650000-04:00,CRWV,2028-01-21,180.0,P,104,65,116.7,50,54,9,120.35000000000001,50,2026-07-28 06:30:01-04:00,1602.0,118.525,3.6500000000000057,0.03079519088799836,542,65.425,1.751241880015285,1.4857377561361618,0.9746406762121669,-0.5840443759824537,-6.52751,113.8,115.65,1602.0,0.9518000000000001,-0.5701,0.0047,-0.0142,33.9119
2026-07-28 09:56:20.703000-04:00,CRWV,2028-01-21,185.0,C,164,65,9.5,50,559,22,11.35,50,2026-07-28 06:30:18-04:00,5996.0,10.425,1.8499999999999996,0.17745803357314144,542,65.425,1.827665265571265,1.4857377561361618,0.8873423178973436,0.3556510861914557,-6.58051,11.4,12.6,5996.0,0.8744000000000001,0.37570000000000003,0.005,-0.027800000000000002,32.761
2026-07-28 09:56:20.639000-04:00,CRWV,2028-01-21,185.0,P,45,65,122.3,50,46,65,125.4,50,2026-07-28 06:30:12-04:00,312.0,123.85,3.1000000000000085,0.025030278562777623,542,65.425,1.827665265571265,1.4857377561361618,1.0056097379155375,-0.5756980768638993,-6.51651,117.65,120.8,312.0,0.9572,-0.5763,0.0047,-0.013800000000000002,33.8126
2026-07-28 09:56:20.636000-04:00,CRWV,2028-01-21,190.0,C,150,65,9.15,50,252,65,11.1,50,2026-07-28 06:30:07-04:00,1390.0,10.125,1.9499999999999993,0.1925925925925925,542,65.425,1.9040886511272452,1.4857377561361618,0.8886690038113962,0.3473225765613701,-6.51351,11.25,12.0,1390.0,0.8745,0.3663,0.0049,-0.0275,32.4951
2026-07-28 09:56:20.643000-04:00,CRWV,2028-01-21,190.0,P,43,65,126.0,50,48,65,130.0,50,2026-07-28 06:30:12-04:00,52.0,128.0,4.0,0.03125,542,65.425,1.9040886511272452,1.4857377561361618,0.998439721517209,-0.5882147252589212,-6.52051,123.3,124.95,52.0,0.9740000000000001,-0.5759000000000001,0.0046,-0.013800000000000002,33.820100000000004
2026-07-28 09:56:20.642000-04:00,CRWV,2028-01-21,195.0,C,583,65,8.700000000000001,50,1082,65,11.05,50,2026-07-28 06:30:12-04:00,3446.0,9.875,2.3499999999999996,0.23797468354430376,542,65.425,1.9805120366832254,1.4857377561361618,0.8912026404229006,0.34007032429727313,-6.51951,10.85,11.6,3454.0,0.8736,0.35660000000000003,0.0049,-0.0273,32.198
2026-07-28 09:56:20.639000-04:00,CRWV,2028-01-21,195.0,P,46,65,130.5,50,48,65,135.1,50,2026-07-28 06:30:18-04:00,19.0,132.8,4.599999999999994,0.03463855421686742,542,65.425,1.9805120366832254,1.4857377561361618,1.0117428151275798,-0.5890017547463663,-6.51651,127.85000000000001,129.85,19.0,0.9853000000000001,-0.5781000000000001,0.0045000000000000005,-0.0137,33.783
2026-07-28 09:56:20.626000-04:00,CRWV,2028-01-21,200.0,C,334,65,8.65,50,566,65,9.950000000000001,50,2026-07-28 06:30:24-04:00,6692.0,9.3,1.3000000000000007,0.1397849462365592,542,65.425,2.056935422239205,1.4857377561361618,0.8820184434676299,0.3258627799262548,-6.50351,10.35,11.200000000000001,6693.0,0.8705,0.34590000000000004,0.0049,-0.0268,31.844700000000003
2026-07-28 09:56:20.417000-04:00,CRWV,2028-01-21,200.0,P,40,11,135.5,50,201,5,139.4,50,2026-07-28 06:30:18-04:00,162.0,137.45,3.9000000000000057,0.028373954165151007,542,65.425,2.056935422239205,1.4857377561361618,1.0198337852990966,-0.5924053740856267,-6.29451,132.65,133.9,162.0,0.9871000000000001,-0.5853,0.0045000000000000005,-0.0131,33.6541
2026-07-28 09:56:20.653000-04:00,CRWV,2028-01-21,210.0,C,335,65,8.0,50,477,65,9.200000000000001,50,2026-07-28 06:30:12-04:00,23773.0,8.600000000000001,1.200000000000001,0.13953488372093034,542,65.425,2.2097821933511654,1.4857377561361618,0.8775516263694056,0.3068723847792252,-6.53051,9.75,10.4,24288.0,0.8691000000000001,0.3282,0.0048000000000000004,-0.0262,31.202900000000003
2026-07-28 09:56:20.650000-04:00,CRWV,2028-01-21,210.0,P,144,65,146.05,50,150,65,148.35,50,2026-07-28 06:30:30-04:00,567.0,147.2,2.299999999999983,0.015624999999999886,542,65.425,2.2097821933511654,1.4857377561361618,1.0495166191149237,-0.5907973189289164,-6.52751,141.55,143.8,567.0,1.0061,-0.5902000000000001,0.0044,-0.0126,33.5596
2026-07-28 09:56:20.404000-04:00,CRWV,2028-06-16,35.0,C,5,65,41.800000000000004,50,11,9,45.5,50,2026-07-28 06:30:12-04:00,11.0,43.650000000000006,3.6999999999999957,0.0847651775486826,689,65.425,-0.4650363011081391,1.8883633269124174,0.9902887620780441,0.8831245430278423,-6.28151,47.0,49.6,11.0,0.9832000000000001,0.8939,0.0019,-0.014100000000000001,17.8247
2026-07-28 09:56:20.637000-04:00,CRWV,2028-06-16,35.0,P,391,65,9.5,50,299,65,10.25,50,2026-07-28 06:30:07-04:00,164.0,9.875,0.75,0.0759493670886076,689,65.425,-0.4650363011081391,1.8883633269124174,0.9328667589018907,-0.11846175294335182,-6.51451,8.9,9.75,163.0,0.9349000000000001,-0.1067,0.002,-0.010400000000000001,17.906100000000002
2026-07-28 09:56:20.423000-04:00,CRWV,2028-06-16,37.5,C,8,11,40.5,50,13,9,44.5,50,2026-07-28 06:30:06-04:00,6.0,42.5,4.0,0.09411764705882353,689,65.425,-0.426824608330149,1.8883633269124174,0.9815259299290767,0.8724681041365125,-6.30051,45.0,48.0,6.0,0.9436,0.8832000000000001,0.0021000000000000003,-0.0146,19.094
2026-07-28 09:56:20.650000-04:00,CRWV,2028-06-16,37.5,P,423,65,10.65,50,423,65,11.8,50,2026-07-28 06:30:01-04:00,81.0,11.225000000000001,1.1500000000000004,0.1024498886414254,689,65.425,-0.426824608330149,1.8883633269124174,0.9363416672884918,-0.12935012151947944,-6.52751,10.05,10.9,81.0,0.9307000000000001,-0.1169,0.0021000000000000003,-0.011000000000000001,19.1246
2026-07-28 09:56:20.639000-04:00,CRWV,2028-06-16,40.0,C,244,65,39.6,50,56,9,42.0,50,2026-07-28 06:30:21-04:00,20.0,40.8,2.3999999999999986,0.05882352941176468,689,65.425,-0.38861291555215893,1.8883633269124174,0.9438412352822537,0.8601512519101835,-6.51651,43.550000000000004,46.95,20.0,0.9335,0.8728,0.0022,-0.015300000000000001,20.272000000000002
2026-07-28 09:56:20.640000-04:00,CRWV,2028-06-16,40.0,P,417,65,11.85,50,343,65,12.9,50,2026-07-28 06:30:06-04:00,56.0,12.375,1.0500000000000007,0.08484848484848491,689,65.425,-0.38861291555215893,1.8883633269124174,0.9270790832964564,-0.1406727169573314,-6.51751,11.05,11.85,56.0,0.9163,-0.12760000000000002,0.0023,-0.0114,20.3292
2026-07-28 09:56:20.777000-04:00,CRWV,2028-06-16,42.5,C,16,11,38.5,50,70,9,42.25,50,2026-07-28 06:30:16-04:00,6.0,40.375,3.75,0.09287925696594428,689,65.425,-0.35040122277416885,1.8883633269124174,0.9687222127016369,0.8511654039402048,-6.65451,43.7,45.4,10.0,0.9480000000000001,0.8634000000000001,0.0023,-0.0162,21.297800000000002
2026-07-28 09:56:20.644000-04:00,CRWV,2028-06-16,42.5,P,450,65,13.05,50,75,65,14.05,50,2026-07-28 06:30:11-04:00,65.0,13.55,1.0,0.07380073800738007,689,65.425,-0.35040122277416885,1.8883633269124174,0.9178273951996212,-0.1521356797698994,-6.52151,12.450000000000001,13.4,65.0,0.924,-0.1376,0.0024000000000000002,-0.012,21.413800000000002
2026-07-28 09:56:20.639000-04:00,CRWV,2028-06-16,45.0,C,151,65,37.45,50,15,9,41.5,50,2026-07-28 06:30:01-04:00,6.0,39.475,4.049999999999997,0.10259658011399612,689,65.425,-0.31218952999617877,1.8883633269124174,0.9678718997828278,0.8409125220288398,-6.51651,42.45,44.550000000000004,6.0,0.9438000000000001,0.8533000000000001,0.0024000000000000002,-0.016900000000000002,22.351000000000003
2026-07-28 09:56:20.743000-04:00,CRWV,2028-06-16,45.0,P,518,22,14.450000000000001,50,329,65,15.5,50,2026-07-28 06:30:06-04:00,518.0,14.975000000000001,1.049999999999999,0.07011686143572614,689,65.425,-0.31218952999617877,1.8883633269124174,0.9188118749855946,-0.1629765154341687,-6.62051,13.85,14.8,518.0,0.9261,-0.1476,0.0025,-0.0126,22.456500000000002
2026-07-28 09:56:20.639000-04:00,CRWV,2028-06-16,47.5,C,181,65,36.25,50,17,9,40.5,50,2026-07-28 06:30:16-04:00,10.0,38.375,4.25,0.11074918566775244,689,65.425,-0.2739778372181887,1.8883633269124174,0.9566695616185686,0.829779133086025,-6.51651,40.5,43.75,23.0,0.9242,0.8421000000000001,0.0026000000000000003,-0.017400000000000002,23.468700000000002
2026-07-28 09:56:20.636000-04:00,CRWV,2028-06-16,47.5,P,5,5,16.0,50,100,65,16.9,50,2026-07-28 06:30:11-04:00,14.0,16.45,0.8999999999999986,0.05471124620060782,689,65.425,-0.2739778372181887,1.8883633269124174,0.9201743607009985,-0.1736200325483499,-6.51351,14.85,15.75,14.0,0.9084000000000001,-0.1588,0.0027,-0.0128,23.5734
2026-07-28 09:56:20.650000-04:00,CRWV,2028-06-16,50.0,C,448,65,35.5,50,16,9,39.5,50,2026-07-28 06:30:01-04:00,51.0,37.5,4.0,0.10666666666666667,689,65.425,-0.23576614444019872,1.8883633269124174,0.9543612671718883,0.8194605346033295,-6.52751,40.25,42.550000000000004,50.0,0.9317000000000001,0.8328,0.0027,-0.0181,24.3594
2026-07-28 09:56:20.643000-04:00,CRWV,2028-06-16,50.0,P,188,65,16.7,50,73,65,18.400000000000002,50,2026-07-28 06:30:25-04:00,152.0,17.55,1.7000000000000028,0.09686609686609703,689,65.425,-0.23576614444019872,1.8883633269124174,0.9042754482625013,-0.18588453347340472,-6.52051,16.5,17.1,152.0,0.9119,-0.16870000000000002,0.0028,-0.013300000000000001,24.5139
2026-07-28 09:56:20.643000-04:00,CRWV,2028-06-16,55.0,C,250,65,33.9,50,258,65,37.5,50,2026-07-28 06:30:01-04:00,26.0,35.7,3.6000000000000014,0.10084033613445381,689,65.425,-0.15934275888421856,1.8883633269124174,0.9443968248531573,0.7983496476445175,-6.52051,38.550000000000004,40.45,26.0,0.9237000000000001,0.8127000000000001,0.0029000000000000002,-0.0193,26.1795
2026-07-28 09:56:20.639000-04:00,CRWV,2028-06-16,55.0,P,587,65,19.650000000000002,50,383,65,21.6,50,2026-07-28 06:30:21-04:00,31.0,20.625,1.9499999999999993,0.09454545454545452,689,65.425,-0.15934275888421856,1.8883633269124174,0.9056864885165713,-0.20692708771663615,-6.51651,19.3,19.95,31.0,0.9072,-0.18910000000000002,0.003,-0.014,26.335900000000002
2026-07-28 09:56:20.636000-04:00,CRWV,2028-06-16,60.0,C,289,65,32.55,50,675,65,35.0,50,2026-07-28 06:30:16-04:00,135.0,33.775,2.450000000000003,0.07253886010362703,689,65.425,-0.0829193733282384,1.8883633269124174,0.9265427350631895,0.7759945387258245,-6.51351,37.0,38.65,134.0,0.92,0.7932,0.0031000000000000003,-0.020300000000000002,27.7968
2026-07-28 09:56:20.639000-04:00,CRWV,2028-06-16,60.0,P,1128,65,21.650000000000002,50,150,65,24.25,50,2026-07-28 06:30:06-04:00,139.0,22.950000000000003,2.599999999999998,0.11328976034858378,689,65.425,-0.0829193733282384,1.8883633269124174,0.8749033624333905,-0.23255384234875764,-6.51651,21.8,23.650000000000002,134.0,0.9085000000000001,-0.2083,0.0032,-0.0146,27.922700000000003
2026-07-28 09:56:20.631000-04:00,CRWV,2028-06-16,65.0,C,130,65,31.2,50,113,65,34.5,50,2026-07-28 06:30:06-04:00,24.0,32.85,3.3000000000000007,0.10045662100456623,689,65.425,-0.006495987772258238,1.8883633269124174,0.9422181801805589,0.7597984171680976,-6.50851,35.6,37.15,23.0,0.9209,0.7748,0.0033,-0.0213,29.203500000000002
2026-07-28 09:56:20.639000-04:00,CRWV,2028-06-16,65.0,P,639,65,25.75,50,156,65,27.45,50,2026-07-28 06:30:21-04:00,60.0,26.6,1.6999999999999993,0.0639097744360902,689,65.425,-0.006495987772258238,1.8883633269124174,0.8893349520472611,-0.25054249553389873,-6.51651,25.3,26.0,60.0,0.9001,-0.2286,0.0034000000000000002,-0.015000000000000001,29.454900000000002
2026-07-28 09:56:20.665000-04:00,CRWV,2028-06-16,67.5,C,288,65,30.150000000000002,50,55,9,34.0,50,2026-07-28 06:30:06-04:00,2.0,32.075,3.849999999999998,0.1200311769290724,689,65.425,0.03171570500573173,1.8883633269124174,0.9373880134676122,0.7496336622062347,-6.54251,34.75,36.300000000000004,2.0,0.9158000000000001,0.7648,0.0034000000000000002,-0.0217,29.9193
2026-07-28 09:56:20.639000-04:00,CRWV,2028-06-16,67.5,P,704,65,27.25,50,287,9,29.1,50,2026-07-28 06:30:25-04:00,1257.0,28.175,1.8500000000000014,0.0656610470275067,689,65.425,0.03171570500573173,1.8883633269124174,0.8862229520584273,-0.2611278301812715,-6.51651,26.5,27.55,1257.0,0.8918,-0.2394,0.0035,-0.0151,30.2204
2026-07-28 09:56:20.777000-04:00,CRWV,2028-06-16,70.0,C,449,22,29.8,50,621,65,31.85,50,2026-07-28 06:30:01-04:00,74.0,30.825000000000003,2.0500000000000007,0.06650446066504462,689,65.425,0.06992739778372181,1.8883633269124174,0.9157817005441574,0.7357454855358536,-6.65451,34.0,36.25,72.0,0.9249,0.7576,0.0034000000000000002,-0.0222,30.4174
2026-07-28 09:56:20.639000-04:00,CRWV,2028-06-16,70.0,P,251,65,29.8,50,862,65,31.45,50,2026-07-28 06:30:16-04:00,1990.0,30.625,1.6499999999999986,0.053877551020408115,689,65.425,0.06992739778372181,1.8883633269124174,0.9119505720744339,-0.2651147350180332,-6.51651,28.25,29.35,1990.0,0.8963000000000001,-0.24780000000000002,0.0036000000000000003,-0.015300000000000001,30.7897
2026-07-28 09:56:20.643000-04:00,CRWV,2028-06-16,72.5,C,367,65,28.8,50,463,65,31.85,50,2026-07-28 06:30:21-04:00,9.0,30.325000000000003,3.0500000000000007,0.10057708161582854,689,65.425,0.10813909056171189,1.8883633269124174,0.9193813158539791,0.7274029526601685,-6.52051,33.25,34.800000000000004,9.0,0.9105000000000001,0.7459,0.0036000000000000003,-0.0224,31.1917
2026-07-28 09:56:20.643000-04:00,CRWV,2028-06-16,72.5,P,856,65,30.05,50,313,65,32.85,50,2026-07-28 06:30:01-04:00,63.0,31.450000000000003,2.8000000000000007,0.08903020667726552,689,65.425,0.10813909056171189,1.8883633269124174,0.8821406387812423,-0.2815437424074486,-6.52051,29.900000000000002,30.900000000000002,63.0,0.8942,-0.2574,0.0037,-0.0155,31.408
2026-07-28 09:56:20.642000-04:00,CRWV,2028-06-16,75.0,C,540,22,28.1,50,918,65,31.5,50,2026-07-28 06:30:06-04:00,104.0,29.8,3.3999999999999986,0.11409395973154357,689,65.425,0.14635078333970197,1.8883633269124174,0.921369305811595,0.7189162403757781,-6.51951,32.5,34.0,105.0,0.9063,0.7362000000000001,0.0037,-0.0227,31.8011
2026-07-28 09:56:20.696000-04:00,CRWV,2028-06-16,75.0,P,789,22,32.2,50,372,65,34.800000000000004,50,2026-07-28 06:30:11-04:00,310.0,33.5,2.6000000000000014,0.0776119402985075,689,65.425,0.14635078333970197,1.8883633269124174,0.8925336207452426,-0.2883928620423979,-6.57351,31.400000000000002,32.85,306.0,0.8952,-0.2661,0.0037,-0.015600000000000001,31.951700000000002
2026-07-28 09:56:20.902000-04:00,CRWV,2028-06-16,77.5,C,492,65,27.55,50,538,65,30.5,50,2026-07-28 06:30:16-04:00,69.0,29.025,2.9499999999999993,0.10163652024117138,689,65.425,0.18456247611769205,1.8883633269124174,0.9145537225428538,0.7083095848426267,-6.77951,30.5,33.1,68.0,0.8807,0.7215,0.0039000000000000003,-0.0227,32.6742
2026-07-28 09:56:20.643000-04:00,CRWV,2028-06-16,77.5,P,190,65,33.0,50,270,65,36.550000000000004,50,2026-07-28 06:30:01-04:00,76.0,34.775000000000006,3.5500000000000043,0.10208483105679378,689,65.425,0.18456247611769205,1.8883633269124174,0.8771529189500767,-0.30175923417719375,-6.52051,33.3,35.1,76.0,0.9067000000000001,-0.2722,0.0037,-0.0159,32.3181
2026-07-28 09:56:20.642000-04:00,CRWV,2028-06-16,80.0,C,715,22,26.6,50,848,65,30.0,50,2026-07-28 06:30:25-04:00,241.0,28.3,3.3999999999999986,0.1201413427561837,689,65.425,0.22277416889568213,1.8883633269124174,0.9089477322327878,0.6980115878640664,-6.51951,31.2,32.5,241.0,0.9007000000000001,0.7177,0.0038,-0.0233,32.8928
2026-07-28 09:56:20.639000-04:00,CRWV,2028-06-16,80.0,P,378,65,36.2,50,1,6,37.45,50,2026-07-28 06:30:16-04:00,173.0,36.825,1.25,0.03394433129667345,689,65.425,0.22277416889568213,1.8883633269124174,0.8860372191562779,-0.30846292727369895,-6.51651,34.800000000000004,36.050000000000004,173.0,0.891,-0.2847,0.0039000000000000003,-0.015700000000000002,33.0276
2026-07-28 09:56:20.636000-04:00,CRWV,2028-06-16,82.5,C,481,65,25.7,50,385,65,28.85,50,2026-07-28 06:30:11-04:00,17.0,27.275,3.150000000000002,0.11549037580201658,689,65.425,0.2609858616736722,1.8883633269124174,0.8935285752324634,0.6848157955981231,-6.51351,30.0,32.8,17.0,0.9048,0.7103,0.0038,-0.023700000000000002,33.3001
2026-07-28 09:56:20.631000-04:00,CRWV,2028-06-16,82.5,P,474,65,38.0,50,186,65,39.65,50,2026-07-28 06:30:21-04:00,650.0,38.825,1.6499999999999986,0.04249839021249191,689,65.425,0.2609858616736722,1.8883633269124174,0.8925832108668589,-0.31546500892603524,-6.50851,36.800000000000004,38.35,622.0,0.9031,-0.2901,0.0038,-0.016,33.3233
2026-07-28 09:56:20.724000-04:00,CRWV,2028-06-16,85.0,C,409,22,25.900000000000002,50,629,65,29.5,50,2026-07-28 06:30:16-04:00,119.0,27.700000000000003,3.599999999999998,0.1299638989169674,689,65.425,0.2991975544516623,1.8883633269124174,0.923029169319213,0.68516239976084,-6.60151,29.6,31.150000000000002,119.0,0.8909,0.6982,0.004,-0.0238,33.9305
2026-07-28 09:56:20.639000-04:00,CRWV,2028-06-16,85.0,P,713,65,39.050000000000004,50,164,65,41.4,50,2026-07-28 06:30:21-04:00,87.0,40.225,2.3499999999999943,0.05842137973896816,689,65.425,0.2991975544516623,1.8883633269124174,0.8799147536327282,-0.3281194255873371,-6.51651,38.550000000000004,39.550000000000004,91.0,0.8945000000000001,-0.3007,0.0039000000000000003,-0.0159,33.8799
2026-07-28 09:56:20.907000-04:00,CRWV,2028-06-16,87.5,C,34,65,25.150000000000002,50,90,9,27.85,50,2026-07-28 06:30:16-04:00,30.0,26.5,2.6999999999999993,0.10188679245283017,689,65.425,0.3374092472296524,1.8883633269124174,0.9013094243476638,0.6701013627529475,-6.78451,29.25,30.55,30.0,0.8933000000000001,0.6906,0.004,-0.0241,34.3068
2026-07-28 09:56:20.631000-04:00,CRWV,2028-06-16,87.5,P,117,65,40.800000000000004,50,88,65,43.5,50,2026-07-28 06:30:26-04:00,71.0,42.150000000000006,2.6999999999999957,0.06405693950177925,689,65.425,0.3374092472296524,1.8883633269124174,0.8830302272725189,-0.33580972240893825,-6.50851,39.4,41.65,71.0,0.8854000000000001,-0.3116,0.0041,-0.0158,34.4168
2026-07-28 09:56:20.650000-04:00,CRWV,2028-06-16,90.0,C,513,65,24.7,50,258,22,28.0,50,2026-07-28 06:30:21-04:00,72.0,26.35,3.3000000000000007,0.12523719165085392,689,65.425,0.37562094000764246,1.8883633269124174,0.9116046132915869,0.6652379627855098,-6.52751,27.1,29.95,67.0,0.8691000000000001,0.6751,0.004200000000000001,-0.0239,35.0242
2026-07-28 09:56:20.639000-04:00,CRWV,2028-06-16,90.0,P,118,65,42.6,50,92,65,45.25,50,2026-07-28 06:30:16-04:00,1020.0,43.925,2.6499999999999986,0.06033010813887305,689,65.425,0.37562094000764246,1.8883633269124174,0.8810698886362464,-0.3449814321585827,-6.51651,42.050000000000004,43.0,1020.0,0.8913000000000001,-0.3181,0.0041,-0.0159,34.7199
2026-07-28 09:56:20.626000-04:00,CRWV,2028-06-16,92.5,C,379,22,24.45,50,422,65,26.5,50,2026-07-28 06:30:16-04:00,62.0,25.475,2.0500000000000007,0.08047105004906774,689,65.425,0.41383263278563254,1.8883633269124174,0.8993703353320867,0.6530290820045588,-6.50351,28.25,30.3,12.0,0.9054000000000001,0.6782,0.004,-0.0247,34.8845
2026-07-28 09:56:20.631000-04:00,CRWV,2028-06-16,92.5,P,119,65,44.4,50,89,65,47.25,50,2026-07-28 06:30:26-04:00,17.0,45.825,2.8500000000000014,0.062193126022913284,689,65.425,0.41383263278563254,1.8883633269124174,0.8824270996304123,-0.3528785471254148,-6.50851,43.2,45.7,17.0,0.8946000000000001,-0.325,0.0041,-0.0159,35.0349
2026-07-28 09:56:20.886000-04:00,CRWV,2028-06-16,95.0,C,53,65,23.75,50,146,65,27.0,50,2026-07-28 06:30:25-04:00,85.0,25.375,3.25,0.12807881773399016,689,65.425,0.4520443255636226,1.8883633269124174,0.9101221175906599,0.6488534981366649,-6.76351,27.5,28.8,85.0,0.8878,0.6648000000000001,0.004200000000000001,-0.0247,35.4642
2026-07-28 09:56:20.639000-04:00,CRWV,2028-06-16,95.0,P,122,65,46.25,50,80,65,49.0,50,2026-07-28 06:30:11-04:00,35.0,47.625,2.75,0.05774278215223097,689,65.425,0.4520443255636226,1.8883633269124174,0.8803577600516248,-0.3618354828578545,-6.51651,45.45,46.85,35.0,0.8909,-0.3341,0.0041,-0.0159,35.423
2026-07-28 09:56:20.636000-04:00,CRWV,2028-06-16,97.5,C,480,65,22.650000000000002,50,423,65,25.650000000000002,50,2026-07-28 06:30:12-04:00,20.0,24.150000000000002,3.0,0.12422360248447203,689,65.425,0.4902560183416127,1.8883633269124174,0.8869340010042893,0.6325544781205662,-6.51351,26.650000000000002,28.25,20.0,0.882,0.6551,0.004200000000000001,-0.024800000000000003,35.856
2026-07-28 09:56:20.631000-04:00,CRWV,2028-06-16,97.5,P,742,65,48.1,50,315,5,51.6,50,2026-07-28 06:30:21-04:00,66.0,49.85,3.5,0.07021063189568706,689,65.425,0.4902560183416127,1.8883633269124174,0.8904451507566069,-0.36613526970251165,-6.50851,47.15,48.800000000000004,66.0,0.8902,-0.3421,0.004200000000000001,-0.0158,35.7476
2026-07-28 09:56:20.636000-04:00,CRWV,2028-06-16,100.0,C,416,65,22.95,50,474,65,25.2,50,2026-07-28 06:30:25-04:00,453.0,24.075,2.25,0.09345794392523364,689,65.425,0.5284677111196026,1.8883633269124174,0.8975201413861307,0.6287582516115734,-6.51351,26.400000000000002,27.7,450.0,0.8842000000000001,0.6481,0.0043,-0.025,36.120200000000004
2026-07-28 09:56:20.730000-04:00,CRWV,2028-06-16,100.0,P,797,22,50.0,50,369,5,53.6,50,2026-07-28 06:30:01-04:00,285.0,51.8,3.6000000000000014,0.06949806949806953,689,65.425,0.5284677111196026,1.8883633269124174,0.891944624819246,-0.3733724246598078,-6.60751,49.300000000000004,50.45,285.0,0.8914000000000001,-0.3493,0.004200000000000001,-0.0158,36.0265
2026-07-28 09:56:20.740000-04:00,CRWV,2028-06-16,105.0,C,559,65,21.75,50,402,22,25.0,50,2026-07-28 06:30:25-04:00,58.0,23.375,3.25,0.13903743315508021,689,65.425,0.6048910966755827,1.8883633269124174,0.9012640106596549,0.6152163174165266,-6.61751,25.05,26.85,58.0,0.8791,0.6312,0.0044,-0.0252,36.7083
2026-07-28 09:56:20.628000-04:00,CRWV,2028-06-16,105.0,P,463,22,54.95,50,183,65,56.800000000000004,50,2026-07-28 06:30:11-04:00,543.0,55.875,1.8500000000000014,0.03310961968680092,689,65.425,0.6048910966755827,1.8883633269124174,0.8988893136852927,-0.3857370777736655,-6.50551,53.0,54.1,543.0,0.8893000000000001,-0.3649,0.0043,-0.015600000000000001,36.5826
2026-07-28 09:56:20.636000-04:00,CRWV,2028-06-16,110.0,C,433,65,21.150000000000002,50,976,65,24.45,50,2026-07-28 06:30:16-04:00,149.0,22.8,3.299999999999997,0.14473684210526302,689,65.425,0.6813144822315629,1.8883633269124174,0.9072122434940327,0.60328217827558,-6.51351,24.35,25.75,154.0,0.8783000000000001,0.6163000000000001,0.0044,-0.025500000000000002,37.167
2026-07-28 09:56:20.474000-04:00,CRWV,2028-06-16,110.0,P,271,65,57.5,50,153,5,61.4,50,2026-07-28 06:30:25-04:00,125.0,59.45,3.8999999999999986,0.06560134566862907,689,65.425,0.6813144822315629,1.8883633269124174,0.8899819874148444,-0.40399698161004727,-6.35151,56.800000000000004,58.7,130.0,0.9,-0.37510000000000004,0.0043,-0.015600000000000001,36.9127
2026-07-28 09:56:20.642000-04:00,CRWV,2028-06-16,115.0,C,190,65,19.55,50,166,65,23.5,50,2026-07-28 06:30:06-04:00,217.0,21.525,3.9499999999999993,0.1835075493612079,689,65.425,0.757737867787543,1.8883633269124174,0.8918636328873455,0.5827036773724585,-6.51951,23.3,24.85,217.0,0.8741,0.6004,0.0045000000000000005,-0.0256,37.592400000000005
2026-07-28 09:56:20.628000-04:00,CRWV,2028-06-16,115.0,P,118,65,61.5,50,76,65,65.15,50,2026-07-28 06:30:25-04:00,56.0,63.325,3.6500000000000057,0.05763916304776953,689,65.425,0.757737867787543,1.8883633269124174,0.8885711446900459,-0.41876422038653516,-6.50551,60.6,63.050000000000004,56.0,0.9058,-0.3865,0.0043,-0.0155,37.2477
2026-07-28 09:56:20.636000-04:00,CRWV,2028-06-16,120.0,C,427,65,19.6,50,400,65,21.45,50,2026-07-28 06:30:21-04:00,240.0,20.525,1.8499999999999979,0.09013398294762474,689,65.425,0.8341612533435232,1.8883633269124174,0.8834491383225903,0.5651851789124225,-6.51351,22.900000000000002,23.95,241.0,0.8775000000000001,0.5881000000000001,0.0045000000000000005,-0.025900000000000003,37.8765
2026-07-28 09:56:20.474000-04:00,CRWV,2028-06-16,120.0,P,208,65,65.5,50,72,65,69.2,50,2026-07-28 06:30:01-04:00,52.0,67.35,3.700000000000003,0.05493689680772091,689,65.425,0.8341612533435232,1.8883633269124174,0.8903044816729978,-0.4316207575847305,-6.35151,64.15,67.05,52.0,0.9027000000000001,-0.40090000000000003,0.0043,-0.0152,37.6271
2026-07-28 09:56:20.650000-04:00,CRWV,2028-06-16,125.0,C,273,5,18.900000000000002,50,608,65,21.0,50,2026-07-28 06:30:11-04:00,521.0,19.950000000000003,2.099999999999998,0.10526315789473673,689,65.425,0.9105846388995034,1.8883633269124174,0.8860524375913712,0.5531769572923617,-6.52751,21.650000000000002,23.150000000000002,533.0,0.8702000000000001,0.5716,0.0046,-0.0258,38.2015
2026-07-28 09:56:20.712000-04:00,CRWV,2028-06-16,125.0,P,716,22,70.0,50,136,65,73.0,50,2026-07-28 06:30:01-04:00,335.0,71.5,3.0,0.04195804195804196,689,65.425,0.9105846388995034,1.8883633269124174,0.8945102319874964,-0.4427519987218904,-6.58951,68.0,71.10000000000001,335.0,0.9031,-0.41350000000000003,0.0044,-0.0149,37.9144
2026-07-28 09:56:20.636000-04:00,CRWV,2028-06-16,130.0,C,415,65,18.2,50,921,65,21.150000000000002,50,2026-07-28 06:30:11-04:00,170.0,19.675,2.950000000000003,0.14993646759847537,689,65.425,0.9870080244554835,1.8883633269124174,0.8960943275567981,0.5454069396767882,-6.51351,21.25,22.3,171.0,0.8721,0.5596,0.0046,-0.026000000000000002,38.3943
2026-07-28 09:56:20.473000-04:00,CRWV,2028-06-16,130.0,P,301,65,74.8,50,157,65,77.5,50,2026-07-28 06:30:01-04:00,15.0,76.15,2.700000000000003,0.035456336178594915,689,65.425,0.9870080244554835,1.8883633269124174,0.9117846722417818,-0.4469076395484233,-6.35051,72.45,74.2,15.0,0.8978,-0.4283,0.0044,-0.0145,38.2008
2026-07-28 09:56:20.642000-04:00,CRWV,2028-06-16,135.0,C,235,65,17.7,50,344,65,19.150000000000002,50,2026-07-28 06:30:16-04:00,169.0,18.425,1.4500000000000028,0.07869742198100423,689,65.425,1.0634314100114635,1.8883633269124174,0.8779387183684461,0.5238961918473125,-6.51951,20.2,21.5,169.0,0.8656,0.544,0.0047,-0.025900000000000003,38.592600000000004
2026-07-28 09:56:20.628000-04:00,CRWV,2028-06-16,135.0,P,140,65,78.0,50,118,65,81.3,50,2026-07-28 06:30:21-04:00,33.0,79.65,3.299999999999997,0.04143126177024478,689,65.425,1.0634314100114635,1.8883633269124174,0.8958699055169551,-0.4668744233846186,-6.50551,75.8,78.7,33.0,0.8959,-0.44120000000000004,0.0045000000000000005,-0.014100000000000001,38.4076
2026-07-28 09:56:20.625000-04:00,CRWV,2028-06-16,140.0,C,439,65,16.8,50,895,65,19.8,50,2026-07-28 06:30:07-04:00,251.0,18.3,3.0,0.16393442622950818,689,65.425,1.1398547955674436,1.8883633269124174,0.8904275249786665,0.5185098137960601,-6.50251,19.7,20.8,249.0,0.8666,0.5323,0.0047,-0.026000000000000002,38.7013
2026-07-28 09:56:20.474000-04:00,CRWV,2028-06-16,140.0,P,86,65,83.25,50,67,65,86.4,50,2026-07-28 06:30:02-04:00,27.0,84.825,3.1500000000000057,0.03713527851458893,689,65.425,1.1398547955674436,1.8883633269124174,0.9260509163009207,-0.4630948917149187,-6.35151,80.95,82.75,27.0,0.9107000000000001,-0.44570000000000004,0.0044,-0.014,38.4696
2026-07-28 09:56:20.642000-04:00,CRWV,2028-06-16,145.0,C,434,22,16.15,50,840,65,18.25,50,2026-07-28 06:30:21-04:00,1013.0,17.2,2.1000000000000014,0.12209302325581405,689,65.425,1.2162781811234238,1.8883633269124174,0.8749447793208369,0.4986375380334401,-6.51951,19.05,20.1,1014.0,0.8648,0.5196000000000001,0.0047,-0.026000000000000002,38.782000000000004
2026-07-28 09:56:20.628000-04:00,CRWV,2028-06-16,145.0,P,140,65,86.5,50,124,65,90.15,50,2026-07-28 06:30:16-04:00,2.0,88.325,3.6500000000000057,0.0413246532691764,689,65.425,1.2162781811234238,1.8883633269124174,0.9086204737363892,-0.4831974523010617,-6.50551,84.85000000000001,86.45,2.0,0.9038,-0.4602,0.0045000000000000005,-0.0135,38.636500000000005
2026-07-28 09:56:20.625000-04:00,CRWV,2028-06-16,150.0,C,226,65,15.85,50,604,5,17.45,50,2026-07-28 06:30:07-04:00,302.0,16.65,1.5999999999999996,0.09609609609609608,689,65.425,1.292701566679404,1.8883633269124174,0.87408628332686,0.486907825701345,-6.50251,18.5,19.45,303.0,0.8643000000000001,0.508,0.0047,-0.026000000000000002,38.821400000000004
2026-07-28 09:56:20.474000-04:00,CRWV,2028-06-16,150.0,P,214,65,92.25,50,114,65,94.5,50,2026-07-28 06:30:11-04:00,12.0,93.375,2.25,0.024096385542168676,689,65.425,1.292701566679404,1.8883633269124174,0.9337844535807441,-0.48058362771247454,-6.35151,89.4,91.75,12.0,0.9253,-0.4601,0.0044,-0.013600000000000001,38.6357
2026-07-28 09:56:20.476000-04:00,CRWV,2028-06-16,155.0,C,591,22,14.8,50,605,22,18.0,50,2026-07-28 06:30:26-04:00,394.0,16.4,3.1999999999999993,0.19512195121951217,689,65.425,1.369124952235384,1.8883633269124174,0.8809293079928222,0.4799465315165105,-6.35351,16.45,18.95,394.0,0.8458,0.4867,0.0048000000000000004,-0.025400000000000002,38.807900000000004
2026-07-28 09:56:20.628000-04:00,CRWV,2028-06-16,155.0,P,111,65,95.5,50,104,65,98.65,50,2026-07-28 06:30:26-04:00,21.0,97.075,3.1500000000000057,0.03244913726500134,689,65.425,1.369124952235384,1.8883633269124174,0.9206338882017978,-0.49789934012371306,-6.50551,93.10000000000001,95.45,21.0,0.9145000000000001,-0.47600000000000003,0.0044,-0.0129,38.759
2026-07-28 09:56:20.625000-04:00,CRWV,2028-06-16,160.0,C,832,22,13.5,50,1142,65,17.45,50,2026-07-28 06:30:11-04:00,2468.0,15.475,3.9499999999999993,0.2552504038772213,689,65.425,1.4455483377913643,1.8883633269124174,0.8682784552868931,0.46210166918215073,-6.50251,15.85,18.650000000000002,2473.0,0.8478,0.47700000000000004,0.0048000000000000004,-0.025400000000000002,38.764900000000004
2026-07-28 09:56:20.474000-04:00,CRWV,2028-06-16,160.0,P,95,65,100.0,50,59,65,103.3,50,2026-07-28 06:30:16-04:00,50.0,101.65,3.299999999999997,0.03246433841613376,689,65.425,1.4455483377913643,1.8883633269124174,0.9312916766376322,-0.502011098706445,-6.35151,97.9,99.60000000000001,50.0,0.9233,-0.48140000000000005,0.0044,-0.012700000000000001,38.7871
2026-07-28 09:56:20.628000-04:00,CRWV,2028-06-16,165.0,C,130,65,13.9,50,169,65,16.9,50,2026-07-28 06:30:27-04:00,114.0,15.399999999999999,2.9999999999999982,0.1948051948051947,689,65.425,1.5219717233473444,1.8883633269124174,0.8788226572460502,0.45815750647220255,-6.50551,16.6,17.95,114.0,0.8614,0.47440000000000004,0.0047,-0.0258,38.749300000000005
2026-07-28 09:56:20.626000-04:00,CRWV,2028-06-16,165.0,P,47,9,104.5,50,58,65,107.85000000000001,50,2026-07-28 06:30:17-04:00,29.0,106.17500000000001,3.3500000000000085,0.031551683541323365,689,65.425,1.5219717233473444,1.8883633269124174,0.9400013161998749,-0.5067431309284853,-6.50351,102.55,105.3,29.0,0.9493,-0.4772,0.0043,-0.0129,38.766200000000005
2026-07-28 09:56:20.641000-04:00,CRWV,2028-06-16,170.0,C,67,9,13.5,50,114,9,15.9,50,2026-07-28 06:30:22-04:00,110.0,14.7,2.4000000000000004,0.16326530612244902,689,65.425,1.5983951089033246,1.8883633269124174,0.8712816434112092,0.4438057062755749,-6.51851,15.700000000000001,17.400000000000002,110.0,0.8552000000000001,0.4607,0.0047,-0.025500000000000002,38.641400000000004
2026-07-28 09:56:20.640000-04:00,CRWV,2028-06-16,170.0,P,89,65,109.0,50,63,9,113.0,50,2026-07-28 06:30:17-04:00,13.0,111.0,4.0,0.036036036036036036,689,65.425,1.5983951089033246,1.8883633269124174,0.9565646721920341,-0.5066849220465818,-6.51751,105.5,110.0,13.0,0.9402,-0.4912,0.0043,-0.0122,38.819900000000004
2026-07-28 09:56:20.639000-04:00,CRWV,2028-06-16,175.0,C,185,65,12.6,50,284,65,15.9,50,2026-07-28 06:30:22-04:00,1712.0,14.25,3.3000000000000007,0.2315789473684211,689,65.425,1.6748184944593048,1.8883633269124174,0.8702215871463471,0.43360738399334425,-6.51651,15.4,16.7,1712.0,0.8543000000000001,0.4504,0.0047,-0.025400000000000002,38.5291
2026-07-28 09:56:20.625000-04:00,CRWV,2028-06-16,175.0,P,58,65,113.5,50,48,9,117.35000000000001,50,2026-07-28 06:30:03-04:00,17.0,115.42500000000001,3.8500000000000085,0.033354992419319975,689,65.425,1.6748184944593048,1.8883633269124174,0.9614992173323266,-0.5127029666547567,-6.50251,110.85000000000001,113.10000000000001,17.0,0.9407000000000001,-0.4999,0.0043,-0.0117,38.8293
2026-07-28 09:56:20.639000-04:00,CRWV,2028-06-16,180.0,C,550,65,12.25,50,964,65,15.450000000000001,50,2026-07-28 06:30:08-04:00,587.0,13.850000000000001,3.200000000000001,0.2310469314079423,689,65.425,1.751241880015285,1.8883633269124174,0.8700734789603175,0.4242664052461776,-6.51651,15.25,16.15,589.0,0.8567,0.4424,0.0047,-0.025400000000000002,38.4242
2026-07-28 09:56:20.626000-04:00,CRWV,2028-06-16,180.0,P,56,65,118.0,50,58,65,121.25,50,2026-07-28 06:30:17-04:00,2.0,119.625,3.25,0.027168234064785787,689,65.425,1.751241880015285,1.8883633269124174,0.9597079618049861,-0.5222219829195112,-6.50351,115.15,118.4,2.0,0.9557,-0.5003000000000001,0.004200000000000001,-0.0117,38.8293
2026-07-28 09:56:20.722000-04:00,CRWV,2028-06-16,185.0,C,195,65,11.450000000000001,50,386,22,15.0,50,2026-07-28 06:30:13-04:00,710.0,13.225000000000001,3.549999999999999,0.26843100189035907,689,65.425,1.827665265571265,1.8883633269124174,0.8630249447653612,0.41084217104640025,-6.59951,14.15,15.8,710.0,0.8487,0.4283,0.0047,-0.025,38.200500000000005
2026-07-28 09:56:20.640000-04:00,CRWV,2028-06-16,185.0,P,56,65,122.5,50,58,65,126.5,50,2026-07-28 06:30:08-04:00,79.0,124.5,4.0,0.0321285140562249,689,65.425,1.827665265571265,1.8883633269124174,0.9763468446792616,-0.5209479445060093,-6.51751,120.0,122.0,79.0,0.9555,-0.5087,0.004200000000000001,-0.0112,38.82
2026-07-28 09:56:20.626000-04:00,CRWV,2028-06-16,190.0,C,185,65,11.05,50,50,1,12.9,50,2026-07-28 06:30:13-04:00,874.0,11.975000000000001,1.8499999999999996,0.15448851774530267,689,65.425,1.9040886511272452,1.8883633269124174,0.8373309101467641,0.3854026146774221,-6.50351,13.55,15.15,874.0,0.8431000000000001,0.4157,0.0047,-0.0246,37.9609
2026-07-28 09:56:20.639000-04:00,CRWV,2028-06-16,190.0,P,107,65,127.7,50,55,65,131.5,50,2026-07-28 06:30:13-04:00,500.0,129.6,3.799999999999997,0.02932098765432097,689,65.425,1.9040886511272452,1.8883633269124174,0.9988832558804128,-0.5160157667431116,-6.51651,123.5,126.65,500.0,0.9508000000000001,-0.5194,0.0043,-0.0105,38.783
2026-07-28 09:56:20.428000-04:00,CRWV,2028-06-16,195.0,C,212,9,11.25,50,50,1,12.55,50,2026-07-28 06:30:03-04:00,2180.0,11.9,1.3000000000000007,0.10924369747899165,689,65.425,1.9805120366832254,1.8883633269124174,0.8451064810886477,0.38194646173337965,-6.30551,13.6,14.75,2180.0,0.8486,0.4106,0.0047,-0.0247,37.850300000000004
2026-07-28 09:56:20.639000-04:00,CRWV,2028-06-16,195.0,P,48,65,131.55,50,50,65,134.95,50,2026-07-28 06:30:08-04:00,42.0,133.25,3.3999999999999773,0.02551594746716681,689,65.425,1.9805120366832254,1.8883633269124174,0.98056134941019,-0.5341065121736766,-6.51651,128.95,131.15,42.0,0.9692000000000001,-0.5168,0.004200000000000001,-0.0106,38.7945
2026-07-28 09:56:20.642000-04:00,CRWV,2028-06-16,200.0,C,327,65,11.05,50,50,1,12.15,50,2026-07-28 06:30:18-04:00,4493.0,11.600000000000001,1.0999999999999996,0.0948275862068965,689,65.425,2.056935422239205,1.8883633269124174,0.8459485797882432,0.37422035217258387,-6.51951,13.25,14.3,4489.0,0.8479,0.4017,0.0046,-0.0245,37.6455
2026-07-28 09:56:20.651000-04:00,CRWV,2028-06-16,200.0,P,21,11,136.5,50,43,65,140.55,50,2026-07-28 06:30:17-04:00,211.0,138.525,4.050000000000011,0.029236599891716376,689,65.425,2.056935422239205,1.8883633269124174,1.0073157329543918,-0.526046938085868,-6.52851,133.65,135.9,211.0,0.9806,-0.5179,0.0041,-0.010400000000000001,38.7898
2026-07-28 09:56:20.424000-04:00,CRWV,2028-12-15,35.0,C,1,43,45.0,50,15,5,45.95,50,2026-07-28 06:30:31-04:00,143.0,45.475,0.9500000000000028,0.020890599230346404,871,65.425,-0.4650363011081391,2.38710761914986,0.9619306185783498,0.8892666060795871,-6.30151,48.75,51.25,135.0,0.9475,0.8984000000000001,0.0017000000000000001,-0.0119,19.422900000000002
2026-07-28 09:56:20.501000-04:00,CRWV,2028-12-15,35.0,P,372,5,10.9,50,30,6,11.6,50,2026-07-28 06:30:02-04:00,458.0,11.25,0.6999999999999993,0.06222222222222216,871,65.425,-0.4650363011081391,2.38710761914986,0.9162061626629002,-0.11290055523799092,-6.37851,10.450000000000001,10.75,443.0,0.9119,-0.1027,0.0017000000000000001,-0.008400000000000001,19.5819
2026-07-28 09:56:20.720000-04:00,CRWV,2028-12-15,37.5,C,365,22,42.7,50,35,9,46.2,50,2026-07-28 06:30:30-04:00,337.0,44.45,3.5,0.07874015748031496,871,65.425,-0.426824608330149,2.38710761914986,0.9550988530116005,0.8798095836702158,-6.59751,47.65,49.85,317.0,0.933,0.8891,0.0018000000000000002,-0.012400000000000001,20.689500000000002
2026-07-28 09:56:20.640000-04:00,CRWV,2028-12-15,37.5,P,501,65,11.9,50,409,65,13.200000000000001,50,2026-07-28 06:30:07-04:00,239.0,12.55,1.3000000000000007,0.10358565737051798,871,65.425,-0.426824608330149,2.38710761914986,0.9136158515606427,-0.12265928073446264,-6.51751,10.4,12.35,239.0,0.8866,-0.1126,0.0019,-0.008700000000000001,20.9341
2026-07-28 09:56:20.402000-04:00,CRWV,2028-12-15,40.0,C,6,65,41.550000000000004,50,11,9,45.15,50,2026-07-28 06:30:07-04:00,179.0,43.35,3.5999999999999943,0.08304498269896181,871,65.425,-0.38861291555215893,2.38710761914986,0.9436121714454078,0.8699603831032414,-6.27951,46.75,48.75,179.0,0.9296000000000001,0.8802000000000001,0.0019,-0.0131,21.855500000000003
2026-07-28 09:56:20.651000-04:00,CRWV,2028-12-15,40.0,P,38,65,13.200000000000001,50,36,65,14.3,50,2026-07-28 06:30:13-04:00,351.0,13.75,1.0999999999999996,0.07999999999999997,871,65.425,-0.38861291555215893,2.38710761914986,0.9047517017758043,-0.13280135824890005,-6.52851,11.6,13.5,351.0,0.8807,-0.1222,0.0021000000000000003,-0.009000000000000001,22.174400000000002
2026-07-28 09:56:20.665000-04:00,CRWV,2028-12-15,42.5,C,7,11,40.5,50,22,9,44.75,50,2026-07-28 06:30:24-04:00,9.0,42.625,4.25,0.09970674486803519,871,65.425,-0.35040122277416885,2.38710761914986,0.9482994704264198,0.8613674342837897,-6.54251,46.1,48.25,9.0,0.9432,0.8725,0.002,-0.013800000000000002,22.8293
2026-07-28 09:56:20.639000-04:00,CRWV,2028-12-15,42.5,P,130,65,14.700000000000001,50,44,65,15.700000000000001,50,2026-07-28 06:30:24-04:00,1039.0,15.200000000000001,1.0,0.06578947368421052,871,65.425,-0.35040122277416885,2.38710761914986,0.90600222463312,-0.14223521832022035,-6.51651,14.1,14.8,1039.0,0.9045000000000001,-0.13,0.0021000000000000003,-0.009600000000000001,23.151500000000002
2026-07-28 09:56:20.404000-04:00,CRWV,2028-12-15,45.0,C,6,65,39.6,50,11,9,44.0,50,2026-07-28 06:30:19-04:00,26.0,41.8,4.399999999999999,0.10526315789473681,871,65.425,-0.31218952999617877,2.38710761914986,0.9468395562450079,0.8524108206967217,-6.28151,44.15,46.9,26.0,0.9096000000000001,0.8614,0.0022,-0.014100000000000001,24.175800000000002
2026-07-28 09:56:20.640000-04:00,CRWV,2028-12-15,45.0,P,1054,65,14.6,50,227,65,17.1,50,2026-07-28 06:30:01-04:00,86.0,15.850000000000001,2.5000000000000018,0.15772870662460578,871,65.425,-0.31218952999617877,2.38710761914986,0.8721457830198663,-0.15478187955303457,-6.51751,15.55,16.6,87.0,0.9132,-0.13820000000000002,0.0022,-0.01,24.1426
2026-07-28 09:56:20.643000-04:00,CRWV,2028-12-15,47.5,C,20,65,39.0,50,51,9,42.7,50,2026-07-28 06:30:02-04:00,14.0,40.85,3.700000000000003,0.09057527539779689,871,65.425,-0.2739778372181887,2.38710761914986,0.9390296097050195,0.842828880482594,-6.52051,44.0,46.15,14.0,0.9252,0.8542000000000001,0.0022,-0.0148,25.024800000000003
2026-07-28 09:56:20.640000-04:00,CRWV,2028-12-15,47.5,P,499,65,17.2,50,240,65,18.55,50,2026-07-28 06:30:07-04:00,20.0,17.875,1.3500000000000014,0.07552447552447561,871,65.425,-0.2739778372181887,2.38710761914986,0.8947893233705598,-0.16210174289761659,-6.51751,15.950000000000001,17.7,20.0,0.8854000000000001,-0.14930000000000002,0.0023,-0.010100000000000001,25.433600000000002
2026-07-28 09:56:20.952000-04:00,CRWV,2028-12-15,50.0,C,622,65,37.800000000000004,50,430,65,40.550000000000004,50,2026-07-28 06:30:24-04:00,210.0,39.175000000000004,2.75,0.07019783024888321,871,65.425,-0.23576614444019872,2.38710761914986,0.902122125344875,0.8295340439203771,-6.82951,42.0,45.1,208.0,0.8975000000000001,0.8430000000000001,0.0024000000000000002,-0.0151,26.2912
2026-07-28 09:56:20.643000-04:00,CRWV,2028-12-15,50.0,P,670,22,18.7,50,273,65,20.05,50,2026-07-28 06:30:13-04:00,1620.0,19.375,1.3500000000000014,0.06967741935483879,871,65.425,-0.23576614444019872,2.38710761914986,0.8942175042314543,-0.17144334250410853,-6.52051,18.400000000000002,18.95,1621.0,0.9003,-0.15660000000000002,0.0024000000000000002,-0.0105,26.259900000000002
2026-07-28 09:56:20.404000-04:00,CRWV,2028-12-15,55.0,C,25,9,36.5,50,11,9,40.5,50,2026-07-28 06:30:24-04:00,109.0,38.5,4.0,0.1038961038961039,871,65.425,-0.15934275888421856,2.38710761914986,0.9308337875926638,0.816034301151889,-6.28151,41.550000000000004,43.800000000000004,109.0,0.9216000000000001,0.8290000000000001,0.0025,-0.0162,27.785300000000003
2026-07-28 09:56:20.639000-04:00,CRWV,2028-12-15,55.0,P,606,65,21.5,50,227,65,23.1,50,2026-07-28 06:30:19-04:00,627.0,22.3,1.6000000000000014,0.07174887892376688,871,65.425,-0.15934275888421856,2.38710761914986,0.8872241644724783,-0.19063028270664117,-6.51651,21.25,22.1,628.0,0.899,-0.1738,0.0026000000000000003,-0.011000000000000001,28.0877
2026-07-28 09:56:21.025000-04:00,CRWV,2028-12-15,60.0,C,24,11,35.5,50,35,9,39.0,50,2026-07-28 06:30:30-04:00,134.0,37.25,3.5,0.09395973154362416,871,65.425,-0.0829193733282384,2.38710761914986,0.9327943654438617,0.7998579398757737,-6.90251,38.9,42.0,124.0,0.8941,0.8088000000000001,0.0027,-0.016900000000000002,29.803700000000003
2026-07-28 09:56:20.631000-04:00,CRWV,2028-12-15,60.0,P,660,65,24.55,50,370,65,26.35,50,2026-07-28 06:30:07-04:00,1379.0,25.450000000000003,1.8000000000000007,0.07072691552062871,871,65.425,-0.0829193733282384,2.38710761914986,0.885066619364279,-0.20875675547797434,-6.50851,24.25,25.25,1399.0,0.897,-0.1907,0.0027,-0.0114,29.7602
2026-07-28 09:56:20.650000-04:00,CRWV,2028-12-15,65.0,C,240,65,34.1,50,198,65,37.5,50,2026-07-28 06:30:13-04:00,60.0,35.8,3.3999999999999986,0.09497206703910611,871,65.425,-0.006495987772258238,2.38710761914986,0.9248522946307649,0.78230377529018,-6.52751,37.95,40.35,60.0,0.8958,0.7929,0.0029000000000000002,-0.0177,31.270000000000003
2026-07-28 09:56:20.639000-04:00,CRWV,2028-12-15,65.0,P,745,65,27.55,50,339,65,29.7,50,2026-07-28 06:30:01-04:00,494.0,28.625,2.1499999999999986,0.0751091703056768,871,65.425,-0.006495987772258238,2.38710761914986,0.8807964243800742,-0.22685580022397644,-6.51651,26.95,28.2,494.0,0.8838,-0.2092,0.0029000000000000002,-0.0117,31.463600000000003
2026-07-28 09:56:20.636000-04:00,CRWV,2028-12-15,67.5,C,351,65,32.6,50,364,65,36.6,50,2026-07-28 06:30:30-04:00,27.0,34.6,4.0,0.11560693641618497,871,65.425,0.03171570500573173,2.38710761914986,0.9046023608297019,0.7699912552369423,-6.51351,37.65,40.35,27.0,0.9113,0.788,0.0029000000000000002,-0.0182,31.701600000000003
2026-07-28 09:56:20.639000-04:00,CRWV,2028-12-15,67.5,P,319,65,29.95,50,218,65,31.25,50,2026-07-28 06:30:13-04:00,504.0,30.6,1.3000000000000007,0.04248366013071898,871,65.425,0.03171570500573173,2.38710761914986,0.8902350549723158,-0.23319519036917047,-6.51651,29.0,30.0,504.0,0.8928,-0.2154,0.0029000000000000002,-0.0119,32.0123
2026-07-28 09:56:20.636000-04:00,CRWV,2028-12-15,70.0,C,33,11,33.05,50,479,65,35.2,50,2026-07-28 06:30:13-04:00,492.0,34.125,2.1500000000000057,0.06300366300366317,871,65.425,0.06992739778372181,2.38710761914986,0.907793953070965,0.7627614666970515,-6.51351,37.300000000000004,38.75,492.0,0.9,0.7782,0.003,-0.0184,32.5489
2026-07-28 09:56:20.631000-04:00,CRWV,2028-12-15,70.0,P,437,65,31.45,50,300,65,33.15,50,2026-07-28 06:30:07-04:00,1359.0,32.3,1.6999999999999993,0.052631578947368404,871,65.425,0.06992739778372181,2.38710761914986,0.8899747731524025,-0.24142472632041656,-6.50851,30.5,31.45,1357.0,0.8868,-0.2245,0.003,-0.0119,32.775600000000004
2026-07-28 09:56:20.714000-04:00,CRWV,2028-12-15,72.5,C,465,22,32.2,50,264,22,35.5,50,2026-07-28 06:30:19-04:00,266.0,33.85,3.299999999999997,0.09748892171344156,871,65.425,0.10813909056171189,2.38710761914986,0.9166098097007381,0.7571334112132685,-6.59151,37.0,38.050000000000004,266.0,0.903,0.7712,0.003,-0.0188,33.1195
2026-07-28 09:56:20.677000-04:00,CRWV,2028-12-15,72.5,P,349,65,33.25,50,300,65,34.95,50,2026-07-28 06:30:13-04:00,80.0,34.1,1.7000000000000028,0.049853372434017676,871,65.425,0.10813909056171189,2.38710761914986,0.8922518363623955,-0.2488875649156217,-6.55451,32.25,34.0,80.0,0.9008,-0.2291,0.003,-0.0122,33.1586
2026-07-28 09:56:20.376000-04:00,CRWV,2028-12-15,75.0,C,2,60,32.1,50,149,5,33.35,50,2026-07-28 06:30:19-04:00,580.0,32.725,1.25,0.03819709702062643,871,65.425,0.14635078333970197,2.38710761914986,0.8982701101954956,0.7448247407221549,-6.25351,35.5,37.4,573.0,0.8885000000000001,0.7605000000000001,0.0031000000000000003,-0.019,33.975100000000005
2026-07-28 09:56:20.643000-04:00,CRWV,2028-12-15,75.0,P,756,65,34.15,50,354,65,36.5,50,2026-07-28 06:30:24-04:00,1438.0,35.325,2.3500000000000014,0.06652512384996465,871,65.425,0.14635078333970197,2.38710761914986,0.8763203395474443,-0.26094232815383656,-6.52051,33.9,34.800000000000004,1438.0,0.8866,-0.2399,0.0032,-0.012100000000000001,34.008700000000005
2026-07-28 09:56:20.622000-04:00,CRWV,2028-12-15,77.5,C,562,22,30.35,50,32,9,34.5,50,2026-07-28 06:30:30-04:00,222.0,32.425,4.149999999999999,0.1279876638396299,871,65.425,0.18456247611769205,2.38710761914986,0.905113970887103,0.7390439471826761,-6.49951,35.0,36.75,222.0,0.8882,0.7529,0.0032,-0.0193,34.5491
2026-07-28 09:56:20.639000-04:00,CRWV,2028-12-15,77.5,P,729,65,35.85,50,230,65,38.35,50,2026-07-28 06:30:24-04:00,620.0,37.1,2.5,0.0673854447439353,871,65.425,0.18456247611769205,2.38710761914986,0.8769155743745556,-0.2687077607520101,-6.51651,35.5,36.6,620.0,0.8861,-0.24750000000000003,0.0032,-0.0122,34.5887
2026-07-28 09:56:20.626000-04:00,CRWV,2028-12-15,80.0,C,238,22,30.650000000000002,50,604,65,32.75,50,2026-07-28 06:30:13-04:00,436.0,31.700000000000003,2.099999999999998,0.0662460567823343,871,65.425,0.22277416889568213,2.38710761914986,0.8985530086162852,0.729742344359046,-6.50351,34.9,36.1,426.0,0.8935000000000001,0.7469,0.0032,-0.0196,34.9929
2026-07-28 09:56:20.643000-04:00,CRWV,2028-12-15,80.0,P,698,22,37.6,50,204,65,40.0,50,2026-07-28 06:30:19-04:00,1173.0,38.8,2.3999999999999986,0.06185567010309275,871,65.425,0.22277416889568213,2.38710761914986,0.8747868545640278,-0.27711165474499766,-6.52051,37.300000000000004,39.2,1181.0,0.8993,-0.2515,0.0032,-0.0123,34.884100000000004
2026-07-28 09:56:20.271000-04:00,CRWV,2028-12-15,82.5,C,521,5,29.900000000000002,50,512,5,31.650000000000002,50,2026-07-28 06:30:02-04:00,161.0,30.775000000000002,1.75,0.05686433793663688,871,65.425,0.2609858616736722,2.38710761914986,0.8858723518232121,0.7185637460124576,-6.14851,34.5,35.45,173.0,0.8936000000000001,0.7398,0.0033,-0.0199,35.5036
2026-07-28 09:56:20.639000-04:00,CRWV,2028-12-15,82.5,P,247,65,40.4,50,200,65,41.800000000000004,50,2026-07-28 06:30:07-04:00,617.0,41.1,1.4000000000000057,0.03406326034063274,871,65.425,0.2609858616736722,2.38710761914986,0.8898025168930218,-0.28025524877597596,-6.51651,39.050000000000004,40.0,617.0,0.8855000000000001,-0.26230000000000003,0.0033,-0.0123,35.656600000000005
2026-07-28 09:56:20.636000-04:00,CRWV,2028-12-15,85.0,C,57,11,29.55,50,612,65,31.650000000000002,50,2026-07-28 06:30:30-04:00,373.0,30.6,2.1000000000000014,0.0686274509803922,871,65.425,0.2991975544516623,2.38710761914986,0.8948615802096883,0.7139613447508775,-6.51351,33.0,34.9,375.0,0.8798,0.7288,0.0034000000000000002,-0.02,36.2539
2026-07-28 09:56:20.636000-04:00,CRWV,2028-12-15,85.0,P,360,65,41.9,50,275,5,44.45,50,2026-07-28 06:30:24-04:00,262.0,43.175,2.5500000000000043,0.059061957151129225,871,65.425,0.2991975544516623,2.38710761914986,0.8975550800570725,-0.28520269472014803,-6.51351,40.85,41.9,262.0,0.8878,-0.26880000000000004,0.0033,-0.0123,36.103100000000005
2026-07-28 09:56:20.532000-04:00,CRWV,2028-12-15,87.5,C,458,22,28.45,50,41,9,32.0,50,2026-07-28 06:30:24-04:00,78.0,30.225,3.5500000000000007,0.1174524400330852,871,65.425,0.3374092472296524,2.38710761914986,0.8975085204506024,0.707641504682481,-6.40951,31.75,34.5,63.0,0.8711000000000001,0.7192000000000001,0.0035,-0.0201,36.8828
2026-07-28 09:56:20.639000-04:00,CRWV,2028-12-15,87.5,P,216,65,44.050000000000004,50,202,65,45.800000000000004,50,2026-07-28 06:30:13-04:00,137.0,44.925000000000004,1.75,0.03895381190873678,871,65.425,0.3374092472296524,2.38710761914986,0.8953829782960726,-0.2930428281670008,-6.51651,41.6,44.6,137.0,0.8863000000000001,-0.2763,0.0034000000000000002,-0.0123,36.595800000000004
2026-07-28 09:56:20.709000-04:00,CRWV,2028-12-15,90.0,C,352,22,28.25,50,566,65,30.6,50,2026-07-28 06:30:13-04:00,462.0,29.425,2.3500000000000014,0.07986406117247244,871,65.425,0.37562094000764246,2.38710761914986,0.8876419142017389,0.6973214953414668,-6.58651,32.25,34.1,433.0,0.8859,0.7166,0.0034000000000000002,-0.0205,37.0445
2026-07-28 09:56:20.643000-04:00,CRWV,2028-12-15,90.0,P,411,65,45.1,50,75,65,47.300000000000004,50,2026-07-28 06:30:13-04:00,574.0,46.2,2.200000000000003,0.04761904761904768,871,65.425,0.37562094000764246,2.38710761914986,0.8794328783552389,-0.30544860831556064,-6.52051,44.1,45.6,573.0,0.8851,-0.2836,0.0034000000000000002,-0.0123,37.0613
2026-07-28 09:56:20.642000-04:00,CRWV,2028-12-15,92.5,C,504,65,27.25,50,519,65,30.1,50,2026-07-28 06:30:13-04:00,67.0,28.675,2.8500000000000014,0.09938971229293815,871,65.425,0.41383263278563254,2.38710761914986,0.8790640484030245,0.6873183308877115,-6.51951,30.0,33.6,67.0,0.8624,0.7023,0.0036000000000000003,-0.0205,37.910000000000004
2026-07-28 09:56:20.639000-04:00,CRWV,2028-12-15,92.5,P,318,65,47.4,50,251,65,49.45,50,2026-07-28 06:30:07-04:00,26.0,48.425,2.0500000000000043,0.042333505420753835,871,65.425,0.41383263278563254,2.38710761914986,0.8900822623321271,-0.3088413514461579,-6.51651,46.050000000000004,47.65,26.0,0.8901,-0.2888,0.0035,-0.0123,37.3843
2026-07-28 09:56:20.745000-04:00,CRWV,2028-12-15,95.0,C,165,5,27.45,50,297,65,29.400000000000002,50,2026-07-28 06:30:19-04:00,673.0,28.425,1.9500000000000028,0.06860158311345656,871,65.425,0.4520443255636226,2.38710761914986,0.8841682803302148,0.6821737628317965,-6.62251,31.2,32.55,673.0,0.8767,0.7000000000000001,0.0036000000000000003,-0.020800000000000003,38.037600000000005
2026-07-28 09:56:20.729000-04:00,CRWV,2028-12-15,95.0,P,509,22,48.15,50,81,5,51.1,50,2026-07-28 06:30:30-04:00,815.0,49.625,2.950000000000003,0.05944584382871542,871,65.425,0.4520443255636226,2.38710761914986,0.871774462971645,-0.32231433447575797,-6.60651,47.9,50.0,815.0,0.8974000000000001,-0.2931,0.0035,-0.012400000000000001,37.643
2026-07-28 09:56:20.273000-04:00,CRWV,2028-12-15,97.5,C,32,11,27.05,50,83,9,30.0,50,2026-07-28 06:30:07-04:00,85.0,28.525,2.9499999999999993,0.10341805433829972,871,65.425,0.4902560183416127,2.38710761914986,0.8985343963111644,0.6806505587018159,-6.15051,30.5,33.0,85.0,0.8856,0.6964,0.0036000000000000003,-0.0211,38.2476
2026-07-28 09:56:20.639000-04:00,CRWV,2028-12-15,97.5,P,335,65,51.25,50,220,65,53.25,50,2026-07-28 06:30:02-04:00,477.0,52.25,2.0,0.03827751196172249,871,65.425,0.4902560183416127,2.38710761914986,0.8926052896581645,-0.3215221890059019,-6.51651,49.65,52.050000000000004,477.0,0.899,-0.29910000000000003,0.0035,-0.012400000000000001,37.991600000000005
2026-07-28 09:56:20.779000-04:00,CRWV,2028-12-15,100.0,C,133,65,26.6,50,725,65,28.400000000000002,50,2026-07-28 06:30:07-04:00,6150.0,27.5,1.8000000000000007,0.06545454545454547,871,65.425,0.5284677111196026,2.38710761914986,0.8815780758021834,0.667678477456056,-6.65651,30.5,31.650000000000002,6138.0,0.8795000000000001,0.6877,0.0036000000000000003,-0.0212,38.7207
2026-07-28 09:56:21.065000-04:00,CRWV,2028-12-15,100.0,P,97,65,52.0,50,34,5,54.85,50,2026-07-28 06:30:02-04:00,730.0,53.425,2.8500000000000014,0.05334581188582128,871,65.425,0.5284677111196026,2.38710761914986,0.8732623271349806,-0.3355165104332798,-6.94251,50.35,53.95,730.0,0.8846,-0.3104,0.0036000000000000003,-0.0122,38.624300000000005
2026-07-28 09:56:21.002000-04:00,CRWV,2028-12-15,105.0,C,315,5,25.650000000000002,50,703,65,27.5,50,2026-07-28 06:30:13-04:00,1378.0,26.575000000000003,1.8499999999999979,0.06961429915333951,871,65.425,0.6048910966755827,2.38710761914986,0.8779023413705476,0.6530858182567135,-6.87951,29.05,31.400000000000002,1365.0,0.8797,0.675,0.0037,-0.0216,39.377700000000004
2026-07-28 09:56:20.631000-04:00,CRWV,2028-12-15,105.0,P,672,22,56.1,50,321,65,59.6,50,2026-07-28 06:30:24-04:00,607.0,57.85,3.5,0.06050129645635263,871,65.425,0.6048910966755827,2.38710761914986,0.8902981577081867,-0.34192963848930513,-6.50851,55.45,57.7,607.0,0.9023,-0.3166,0.0036000000000000003,-0.0122,38.9568
2026-07-28 09:56:20.642000-04:00,CRWV,2028-12-15,110.0,C,273,22,24.75,50,598,65,26.7,50,2026-07-28 06:30:30-04:00,2926.0,25.725,1.9499999999999993,0.07580174927113699,871,65.425,0.6813144822315629,2.38710761914986,0.8752464193604063,0.6392102824155244,-6.51951,26.8,30.5,2928.0,0.8609,0.6552,0.0039000000000000003,-0.0216,40.303200000000004
2026-07-28 09:56:20.639000-04:00,CRWV,2028-12-15,110.0,P,470,65,60.25,50,163,65,62.9,50,2026-07-28 06:30:07-04:00,3516.0,61.575,2.6499999999999986,0.04303694681282986,871,65.425,0.6813144822315629,2.38710761914986,0.8872606532653748,-0.3557061117263245,-6.51651,59.25,61.050000000000004,3526.0,0.8972,-0.3305,0.0036000000000000003,-0.012,39.6528
2026-07-28 09:56:20.626000-04:00,CRWV,2028-12-15,115.0,C,218,65,24.0,50,101,65,27.0,50,2026-07-28 06:30:02-04:00,467.0,25.5,3.0,0.11764705882352941,871,65.425,0.757737867787543,2.38710761914986,0.8880388063672554,0.6324839725289367,-6.50351,27.75,28.95,467.0,0.8728,0.6478,0.0038,-0.022000000000000002,40.6197
2026-07-28 09:56:20.643000-04:00,CRWV,2028-12-15,115.0,P,69,65,63.5,50,131,65,67.15,50,2026-07-28 06:30:24-04:00,171.0,65.325,3.6500000000000057,0.05587447378492163,871,65.425,0.757737867787543,2.38710761914986,0.8839922433148358,-0.3692945506498543,-6.52051,62.65,64.4,171.0,0.8861,-0.3467,0.0038,-0.0117,40.3894
2026-07-28 09:56:20.669000-04:00,CRWV,2028-12-15,120.0,C,418,5,23.1,50,681,65,25.05,50,2026-07-28 06:30:19-04:00,2081.0,24.075000000000003,1.9499999999999993,0.08099688473520246,871,65.425,0.8341612533435232,2.38710761914986,0.8685802323088068,0.6117590147384884,-6.54651,25.85,27.85,2072.0,0.8545,0.628,0.004,-0.022000000000000002,41.3831
2026-07-28 09:56:20.628000-04:00,CRWV,2028-12-15,120.0,P,397,65,68.75,50,204,65,71.25,50,2026-07-28 06:30:30-04:00,964.0,70.0,2.5,0.03571428571428571,871,65.425,0.8341612533435232,2.38710761914986,0.9039935442223375,-0.3720504459189209,-6.50551,66.65,69.10000000000001,964.0,0.8985000000000001,-0.35300000000000004,0.0037,-0.011600000000000001,40.656800000000004
2026-07-28 09:56:21.132000-04:00,CRWV,2028-12-15,125.0,C,126,5,22.6,50,558,65,24.05,50,2026-07-28 06:30:07-04:00,1147.0,23.325000000000003,1.4499999999999993,0.062165058949624825,871,65.425,0.9105846388995034,2.38710761914986,0.8659880973363288,0.5987972649714751,-7.00951,25.6,26.95,1143.0,0.8577,0.6177,0.004,-0.0222,41.734500000000004
2026-07-28 09:56:20.289000-04:00,CRWV,2028-12-15,125.0,P,39,11,72.0,50,110,5,75.3,50,2026-07-28 06:30:01-04:00,702.0,73.65,3.299999999999997,0.044806517311608916,871,65.425,0.9105846388995034,2.38710761914986,0.8963350207233812,-0.38672842526003637,-6.16651,70.65,73.45,702.0,0.9056000000000001,-0.3609,0.0037,-0.0115,40.972300000000004
2026-07-28 09:56:20.667000-04:00,CRWV,2028-12-15,130.0,C,119,5,21.900000000000002,50,680,65,24.25,50,2026-07-28 06:30:19-04:00,414.0,23.075000000000003,2.349999999999998,0.1018418201516792,871,65.425,0.9870080244554835,2.38710761914986,0.875384445561175,0.5921154255887205,-6.54451,24.55,26.75,414.0,0.8592000000000001,0.6071000000000001,0.004,-0.0224,42.0666
2026-07-28 09:56:20.777000-04:00,CRWV,2028-12-15,130.0,P,38,9,76.0,50,101,65,79.95,50,2026-07-28 06:30:13-04:00,441.0,77.975,3.950000000000003,0.050657261942930465,871,65.425,0.9870080244554835,2.38710761914986,0.9053968935613274,-0.39324617372393744,-6.65451,74.60000000000001,76.60000000000001,441.0,0.8967,-0.3755,0.0038,-0.0111,41.5079
2026-07-28 09:56:20.707000-04:00,CRWV,2028-12-15,135.0,C,319,22,21.0,50,981,65,24.0,50,2026-07-28 06:30:02-04:00,1636.0,22.5,3.0,0.13333333333333333,871,65.425,1.0634314100114635,2.38710761914986,0.8757363101358179,0.5814275609259802,-6.58451,24.25,25.55,1616.0,0.8569,0.595,0.0041,-0.022500000000000003,42.4057
2026-07-28 09:56:20.474000-04:00,CRWV,2028-12-15,135.0,P,491,65,80.75,50,185,65,84.0,50,2026-07-28 06:30:07-04:00,223.0,82.375,3.25,0.03945371775417299,871,65.425,1.0634314100114635,2.38710761914986,0.9155912801562199,-0.3986525435377781,-6.35151,78.5,81.45,223.0,0.907,-0.3811,0.0038,-0.011000000000000001,41.6987
2026-07-28 09:56:20.642000-04:00,CRWV,2028-12-15,140.0,C,158,5,20.55,50,1166,65,23.400000000000002,50,2026-07-28 06:30:24-04:00,1340.0,21.975,2.8500000000000014,0.1296928327645052,871,65.425,1.1398547955674436,2.38710761914986,0.8766910249908699,0.5714033099556868,-6.51951,22.0,25.900000000000002,1344.0,0.8493,0.5805,0.004200000000000001,-0.022500000000000003,42.7588
2026-07-28 09:56:20.628000-04:00,CRWV,2028-12-15,140.0,P,128,5,85.75,50,117,65,87.75,50,2026-07-28 06:30:13-04:00,145.0,86.75,2.0,0.023054755043227664,871,65.425,1.1398547955674436,2.38710761914986,0.9244179608619894,-0.404198978770957,-6.50551,82.95,84.9,145.0,0.9064000000000001,-0.39130000000000004,0.0038,-0.010700000000000001,42.0215
2026-07-28 09:56:20.636000-04:00,CRWV,2028-12-15,145.0,C,154,5,19.95,50,384,65,21.7,50,2026-07-28 06:30:07-04:00,552.0,20.825,1.75,0.08403361344537816,871,65.425,1.2162781811234238,2.38710761914986,0.8613699273580915,0.5528633309564006,-6.51351,22.85,24.0,552.0,0.8509,0.5708,0.004200000000000001,-0.022600000000000002,42.959900000000005
2026-07-28 09:56:20.532000-04:00,CRWV,2028-12-15,145.0,P,49,65,88.5,50,114,65,91.65,50,2026-07-28 06:30:02-04:00,165.0,90.075,3.1500000000000057,0.03497085761865119,871,65.425,1.2162781811234238,2.38710761914986,0.9059597165980976,-0.4232622172816406,-6.40951,86.15,89.85000000000001,165.0,0.9083,-0.4,0.0038,-0.010400000000000001,42.2738
2026-07-28 09:56:20.649000-04:00,CRWV,2028-12-15,150.0,C,189,5,19.3,50,697,65,21.150000000000002,50,2026-07-28 06:30:02-04:00,1387.0,20.225,1.8500000000000014,0.09147095179233627,871,65.425,1.292701566679404,2.38710761914986,0.8593216951879266,0.5416187937481716,-6.52651,22.2,23.35,1392.0,0.8491000000000001,0.5597,0.004200000000000001,-0.022600000000000002,43.1599
2026-07-28 09:56:21.096000-04:00,CRWV,2028-12-15,150.0,P,378,65,93.8,50,194,65,96.3,50,2026-07-28 06:30:07-04:00,1868.0,95.05,2.5,0.026301946344029457,871,65.425,1.292701566679404,2.38710761914986,0.9287486196027728,-0.420756975523472,-6.97351,90.45,93.75,1893.0,0.9101,-0.40840000000000004,0.0039000000000000003,-0.010100000000000001,42.4975
2026-07-28 09:56:20.626000-04:00,CRWV,2028-12-15,155.0,C,157,5,18.75,50,790,65,21.45,50,2026-07-28 06:30:24-04:00,305.0,20.1,2.6999999999999993,0.13432835820895517,871,65.425,1.369124952235384,2.38710761914986,0.8685655892109416,0.537116632558072,-6.50351,20.0,22.7,306.0,0.8291000000000001,0.5386000000000001,0.0043,-0.0223,43.4455
2026-07-28 09:56:20.473000-04:00,CRWV,2028-12-15,155.0,P,130,65,98.75,50,132,65,101.0,50,2026-07-28 06:30:19-04:00,270.0,99.875,2.25,0.02252816020025031,871,65.425,1.369124952235384,2.38710761914986,0.9471631972011015,-0.42002187257764456,-6.35051,95.7,98.5,198.0,0.9326000000000001,-0.4061,0.0038,-0.010100000000000001,42.4381
2026-07-28 09:56:20.642000-04:00,CRWV,2028-12-15,160.0,C,365,22,17.95,50,1050,65,20.650000000000002,50,2026-07-28 06:30:30-04:00,2551.0,19.3,2.700000000000003,0.13989637305699495,871,65.425,1.4455483377913643,2.38710761914986,0.8604979029610212,0.5229831966187547,-6.51951,19.0,23.0,2531.0,0.8332,0.5312,0.0043,-0.0224,43.5171
2026-07-28 09:56:20.474000-04:00,CRWV,2028-12-15,160.0,P,46,65,101.5,50,95,65,105.3,50,2026-07-28 06:30:13-04:00,135.0,103.4,3.799999999999997,0.03675048355899417,871,65.425,1.4455483377913643,2.38710761914986,0.9322655989654086,-0.4365115018550022,-6.35151,100.0,103.25,110.0,0.9431,-0.4093,0.0037,-0.0099,42.519200000000005
2026-07-28 09:56:20.301000-04:00,CRWV,2028-12-15,165.0,C,126,5,17.7,50,257,5,19.25,50,2026-07-28 06:30:09-04:00,253.0,18.475,1.5500000000000007,0.08389715832205687,871,65.425,1.5219717233473444,2.38710761914986,0.8513626602837576,0.5082483624261543,-6.17851,20.150000000000002,22.8,253.0,0.8557,0.5347000000000001,0.004200000000000001,-0.0229,43.4849
2026-07-28 09:56:20.702000-04:00,CRWV,2028-12-15,165.0,P,57,65,106.0,50,29,4,108.95,50,2026-07-28 06:30:31-04:00,1.0,107.475,2.950000000000003,0.02744824377762273,871,65.425,1.5219717233473444,2.38710761914986,0.9308317396383392,-0.4457318217387525,-6.57951,104.0,106.60000000000001,1.0,0.9335,-0.42250000000000004,0.0038,-0.0094,42.826
2026-07-28 09:56:20.742000-04:00,CRWV,2028-12-15,170.0,C,511,22,16.75,50,572,5,18.75,50,2026-07-28 06:30:03-04:00,199.0,17.75,2.0,0.11267605633802817,871,65.425,1.5983951089033246,2.38710761914986,0.8442668960984858,0.49479615482270406,-6.61951,19.8,21.05,200.0,0.8428,0.5182,0.0043,-0.022600000000000002,43.6055
2026-07-28 09:56:20.625000-04:00,CRWV,2028-12-15,170.0,P,39,9,110.5,50,121,65,113.65,50,2026-07-28 06:30:09-04:00,91.0,112.075,3.1500000000000057,0.028106178898059386,871,65.425,1.5983951089033246,2.38710761914986,0.9421110695253253,-0.4476376613400279,-6.50251,108.55,111.45,73.0,0.9474,-0.4233,0.0037,-0.009300000000000001,42.8427
2026-07-28 09:56:20.696000-04:00,CRWV,2028-12-15,175.0,C,425,22,16.4,50,1017,65,19.3,50,2026-07-28 06:30:03-04:00,1116.0,17.85,2.900000000000002,0.16246498599439788,871,65.425,1.6748184944593048,2.38710761914986,0.857204960543696,0.4940575706077027,-6.57351,19.3,20.45,1127.0,0.8409000000000001,0.5081,0.0043,-0.022600000000000002,43.6417
2026-07-28 09:56:20.625000-04:00,CRWV,2028-12-15,175.0,P,164,65,115.8,50,122,65,118.60000000000001,50,2026-07-28 06:30:09-04:00,12.0,117.2,2.8000000000000114,0.02389078498293525,871,65.425,1.6748184944593048,2.38710761914986,0.9661097891094443,-0.44213421486570936,-6.50251,112.4,114.95,12.0,0.9368000000000001,-0.43670000000000003,0.0038,-0.008700000000000001,43.1019
2026-07-28 09:56:20.643000-04:00,CRWV,2028-12-15,180.0,C,240,65,16.05,50,259,65,17.55,50,2026-07-28 06:30:31-04:00,1288.0,16.8,1.5,0.08928571428571429,871,65.425,1.751241880015285,2.38710761914986,0.8412068417610423,0.47535826866230835,-6.52051,17.05,20.0,1289.0,0.8203,0.48660000000000003,0.0044,-0.0221,43.6266
2026-07-28 09:56:20.473000-04:00,CRWV,2028-12-15,180.0,P,38,9,119.5,50,124,65,123.0,50,2026-07-28 06:30:14-04:00,89.0,121.25,3.5,0.0288659793814433,871,65.425,1.751241880015285,2.38710761914986,0.9628115173246083,-0.4514428259762393,-6.35051,117.45,119.35000000000001,89.0,0.9505,-0.4369,0.0037,-0.0086,43.105000000000004
2026-07-28 09:56:20.643000-04:00,CRWV,2028-12-15,185.0,C,391,22,15.55,50,895,65,18.400000000000002,50,2026-07-28 06:30:31-04:00,504.0,16.975,2.8500000000000014,0.16789396170839477,871,65.425,1.827665265571265,2.38710761914986,0.8552446800538918,0.4760711078477114,-6.52051,17.7,19.55,504.0,0.8326,0.4859,0.0043,-0.0224,43.6237
2026-07-28 09:56:20.651000-04:00,CRWV,2028-12-15,185.0,P,30,9,124.0,50,36,65,127.45,50,2026-07-28 06:30:31-04:00,34.0,125.725,3.450000000000003,0.027440843109962244,871,65.425,1.827665265571265,2.38710761914986,0.9697936550007317,-0.4547769882945534,-6.52851,121.55,123.75,34.0,0.9527,-0.4431,0.0037,-0.0082,43.2064
2026-07-28 09:56:20.452000-04:00,CRWV,2028-12-15,190.0,C,86,9,14.85,50,85,1,16.35,50,2026-07-28 06:30:26-04:00,806.0,15.600000000000001,1.5000000000000018,0.09615384615384626,871,65.425,1.9040886511272452,2.38710761914986,0.8303427332653879,0.45158601252990077,-6.32951,16.7,18.8,806.0,0.8222,0.47090000000000004,0.0044,-0.022000000000000002,43.5349
2026-07-28 09:56:20.651000-04:00,CRWV,2028-12-15,190.0,P,36,65,128.5,50,38,65,132.7,50,2026-07-28 06:30:20-04:00,98.0,130.6,4.199999999999989,0.03215926493108721,871,65.425,1.9040886511272452,2.38710761914986,0.9864218308784186,-0.4523753295448242,-6.52851,125.25,128.2,98.0,0.9504,-0.4515,0.0038,-0.0077,43.3288
2026-07-28 09:56:17.585000-04:00,CRWV,2028-12-15,195.0,C,760,22,13.65,50,83,1,15.9,50,2026-07-28 06:30:31-04:00,843.0,14.775,2.25,0.15228426395939085,871,65.425,1.9805120366832254,2.38710761914986,0.8186804300286156,0.43562493778826433,-3.46251,15.9,18.35,839.0,0.8170000000000001,0.45930000000000004,0.0044,-0.0218,43.4243
2026-07-28 09:56:20.643000-04:00,CRWV,2028-12-15,195.0,P,53,65,133.0,50,83,65,136.0,50,2026-07-28 06:30:14-04:00,25.0,134.5,3.0,0.022304832713754646,871,65.425,1.9805120366832254,2.38710761914986,0.978412089640161,-0.4637332926096479,-6.52051,130.45,132.4,25.0,0.9623,-0.45180000000000003,0.0037,-0.0076,43.3325
2026-07-28 09:56:20.558000-04:00,CRWV,2028-12-15,200.0,C,172,65,14.35,50,83,1,15.5,50,2026-07-28 06:30:03-04:00,20079.0,14.925,1.1500000000000004,0.07705192629815748,871,65.425,2.056935422239205,2.38710761914986,0.8311458089174383,0.436345544507884,-6.43551,15.85,17.900000000000002,20119.0,0.8202,0.4535,0.0044,-0.0219,43.354400000000005
2026-07-28 09:56:20.639000-04:00,CRWV,2028-12-15,200.0,P,288,65,138.35,50,211,65,141.20000000000002,50,2026-07-28 06:30:26-04:00,5816.0,139.775,2.8500000000000227,0.020389912359148794,871,65.425,2.056935422239205,2.38710761914986,1.0043846367214884,-0.45542239749323166,-6.51651,134.0,137.1,5816.0,0.9608000000000001,-0.45940000000000003,0.0037,-0.0071,43.425200000000004
